##gff-version  3
# Sequence Data: seqnum=1;seqlen=472566;seqhdr="NZ_CADHBV010000001.1 Helicobacter pylori isolate clinical, whole genome shotgun sequence"
# Model Data: version=Prodigal.v2.6.3;run_type=Single;model="Ab initio";gc_cont=38.94;transl_table=11;uses_sd=1
NZ_CADHBV010000001.1	Prodigal_v2.6.3	CDS	2	64	15.4	-	0	ID=1_1;partial=10;start_type=ATG;rbs_motif=AGGA;rbs_spacer=5-10bp;gc_cont=0.302;conf=97.19;score=15.42;cscore=0.59;sscore=14.83;rscore=12.54;uscore=-1.53;tscore=4.47;
NZ_CADHBV010000001.1	Prodigal_v2.6.3	CDS	175	588	82.4	+	0	ID=1_2;partial=00;start_type=ATG;rbs_motif=GGA/GAG/AGG;rbs_spacer=5-10bp;gc_cont=0.386;conf=100.00;score=82.39;cscore=73.25;sscore=9.14;rscore=3.13;uscore=1.53;tscore=4.47;
NZ_CADHBV010000001.1	Prodigal_v2.6.3	CDS	603	884	26.6	+	0	ID=1_3;partial=00;start_type=ATG;rbs_motif=GGA/GAG/AGG;rbs_spacer=5-10bp;gc_cont=0.440;conf=99.78;score=26.64;cscore=20.52;sscore=6.12;rscore=3.13;uscore=-2.61;tscore=4.47;
NZ_CADHBV010000001.1	Prodigal_v2.6.3	CDS	884	3109	402.8	+	0	ID=1_4;partial=00;start_type=ATG;rbs_motif=GGA/GAG/AGG;rbs_spacer=5-10bp;gc_cont=0.396;conf=99.99;score=402.82;cscore=392.91;sscore=9.91;rscore=3.13;uscore=1.02;tscore=4.47;
NZ_CADHBV010000001.1	Prodigal_v2.6.3	CDS	3099	3452	77.2	+	0	ID=1_5;partial=00;start_type=ATG;rbs_motif=GGA/GAG/AGG;rbs_spacer=5-10bp;gc_cont=0.421;conf=100.00;score=77.21;cscore=69.39;sscore=7.83;rscore=3.13;uscore=-1.00;tscore=4.47;
NZ_CADHBV010000001.1	Prodigal_v2.6.3	CDS	3455	3757	69.2	+	0	ID=1_6;partial=00;start_type=ATG;rbs_motif=GGA/GAG/AGG;rbs_spacer=5-10bp;gc_cont=0.399;conf=100.00;score=69.20;cscore=58.16;sscore=11.04;rscore=3.13;uscore=2.18;tscore=4.47;
NZ_CADHBV010000001.1	Prodigal_v2.6.3	CDS	3757	4752	141.3	+	0	ID=1_7;partial=00;start_type=ATG;rbs_motif=None;rbs_spacer=None;gc_cont=0.399;conf=100.00;score=141.29;cscore=135.53;sscore=5.76;rscore=-6.18;uscore=-0.21;tscore=4.47;
NZ_CADHBV010000001.1	Prodigal_v2.6.3	CDS	4760	5815	116.5	+	0	ID=1_8;partial=00;start_type=ATG;rbs_motif=None;rbs_spacer=None;gc_cont=0.379;conf=100.00;score=116.49;cscore=115.76;sscore=0.73;rscore=-6.18;uscore=1.24;tscore=4.47;
NZ_CADHBV010000001.1	Prodigal_v2.6.3	CDS	5831	5944	4.3	+	0	ID=1_9;partial=00;start_type=ATG;rbs_motif=GGA/GAG/AGG;rbs_spacer=5-10bp;gc_cont=0.368;conf=72.80;score=4.28;cscore=-2.47;sscore=6.75;rscore=1.39;uscore=2.76;tscore=1.99;
NZ_CADHBV010000001.1	Prodigal_v2.6.3	CDS	5941	6684	143.7	+	0	ID=1_10;partial=00;start_type=ATG;rbs_motif=GGA/GAG/AGG;rbs_spacer=11-12bp;gc_cont=0.413;conf=100.00;score=143.69;cscore=137.93;sscore=5.77;rscore=-2.12;uscore=-0.01;tscore=4.47;
NZ_CADHBV010000001.1	Prodigal_v2.6.3	CDS	6684	7664	170.1	+	0	ID=1_11;partial=00;start_type=ATG;rbs_motif=GGAG/GAGG;rbs_spacer=5-10bp;gc_cont=0.369;conf=100.00;score=170.12;cscore=158.15;sscore=11.97;rscore=6.22;uscore=-3.56;tscore=4.47;
NZ_CADHBV010000001.1	Prodigal_v2.6.3	CDS	7657	8793	183.1	+	0	ID=1_12;partial=00;start_type=ATG;rbs_motif=GGA/GAG/AGG;rbs_spacer=5-10bp;gc_cont=0.420;conf=99.99;score=183.14;cscore=177.23;sscore=5.91;rscore=3.13;uscore=-2.95;tscore=4.47;
NZ_CADHBV010000001.1	Prodigal_v2.6.3	CDS	8863	10275	248.2	+	0	ID=1_13;partial=00;start_type=ATG;rbs_motif=None;rbs_spacer=None;gc_cont=0.389;conf=99.99;score=248.22;cscore=248.31;sscore=-0.09;rscore=-6.18;uscore=1.62;tscore=4.47;
NZ_CADHBV010000001.1	Prodigal_v2.6.3	CDS	10316	11461	229.6	+	0	ID=1_14;partial=00;start_type=ATG;rbs_motif=AGGA;rbs_spacer=5-10bp;gc_cont=0.410;conf=99.99;score=229.55;cscore=206.28;sscore=23.27;rscore=12.54;uscore=5.42;tscore=4.47;
NZ_CADHBV010000001.1	Prodigal_v2.6.3	CDS	11454	12386	191.3	+	0	ID=1_15;partial=00;start_type=ATG;rbs_motif=AGGA;rbs_spacer=5-10bp;gc_cont=0.405;conf=99.99;score=191.28;cscore=175.52;sscore=15.76;rscore=12.54;uscore=-2.50;tscore=4.47;
NZ_CADHBV010000001.1	Prodigal_v2.6.3	CDS	12711	13709	172.6	-	0	ID=1_16;partial=00;start_type=ATG;rbs_motif=AGGA;rbs_spacer=5-10bp;gc_cont=0.420;conf=100.00;score=172.58;cscore=154.57;sscore=18.02;rscore=12.54;uscore=-0.25;tscore=4.47;
NZ_CADHBV010000001.1	Prodigal_v2.6.3	CDS	13712	16021	304.2	-	0	ID=1_17;partial=00;start_type=TTG;rbs_motif=AGGA;rbs_spacer=5-10bp;gc_cont=0.410;conf=99.99;score=304.21;cscore=298.71;sscore=5.50;rscore=12.54;uscore=-0.74;tscore=-6.31;
NZ_CADHBV010000001.1	Prodigal_v2.6.3	CDS	15961	16953	173.7	-	0	ID=1_18;partial=00;start_type=ATG;rbs_motif=AGGA;rbs_spacer=5-10bp;gc_cont=0.407;conf=100.00;score=173.71;cscore=152.53;sscore=21.17;rscore=12.54;uscore=3.45;tscore=4.47;
NZ_CADHBV010000001.1	Prodigal_v2.6.3	CDS	17006	17704	72.8	-	0	ID=1_19;partial=00;start_type=ATG;rbs_motif=None;rbs_spacer=None;gc_cont=0.393;conf=100.00;score=72.76;cscore=78.06;sscore=-5.29;rscore=-6.18;uscore=-3.58;tscore=4.47;
NZ_CADHBV010000001.1	Prodigal_v2.6.3	CDS	17682	18767	145.3	-	0	ID=1_20;partial=00;start_type=ATG;rbs_motif=None;rbs_spacer=None;gc_cont=0.389;conf=100.00;score=145.25;cscore=145.83;sscore=-0.58;rscore=-6.18;uscore=1.79;tscore=4.47;
NZ_CADHBV010000001.1	Prodigal_v2.6.3	CDS	19028	20290	133.7	-	0	ID=1_21;partial=00;start_type=ATG;rbs_motif=AGGA;rbs_spacer=5-10bp;gc_cont=0.291;conf=100.00;score=133.72;cscore=115.42;sscore=18.30;rscore=12.54;uscore=-2.14;tscore=4.47;
NZ_CADHBV010000001.1	Prodigal_v2.6.3	CDS	20290	22758	309.5	-	0	ID=1_22;partial=00;start_type=ATG;rbs_motif=None;rbs_spacer=None;gc_cont=0.324;conf=99.99;score=309.48;cscore=310.26;sscore=-0.78;rscore=-6.18;uscore=0.06;tscore=4.47;
NZ_CADHBV010000001.1	Prodigal_v2.6.3	CDS	22796	24286	236.2	-	0	ID=1_23;partial=00;start_type=ATG;rbs_motif=AGGAG;rbs_spacer=5-10bp;gc_cont=0.429;conf=99.99;score=236.21;cscore=213.07;sscore=23.14;rscore=13.58;uscore=4.10;tscore=4.47;
NZ_CADHBV010000001.1	Prodigal_v2.6.3	CDS	24313	27870	620.7	-	0	ID=1_24;partial=00;start_type=ATG;rbs_motif=GGA/GAG/AGG;rbs_spacer=5-10bp;gc_cont=0.405;conf=99.99;score=620.72;cscore=610.18;sscore=10.55;rscore=3.13;uscore=3.59;tscore=4.47;
NZ_CADHBV010000001.1	Prodigal_v2.6.3	CDS	28191	28400	28.2	+	0	ID=1_25;partial=00;start_type=ATG;rbs_motif=AGGA;rbs_spacer=5-10bp;gc_cont=0.414;conf=99.85;score=28.16;cscore=10.63;sscore=17.53;rscore=10.38;uscore=3.44;tscore=3.70;
NZ_CADHBV010000001.1	Prodigal_v2.6.3	CDS	28984	29598	65.9	+	0	ID=1_26;partial=00;start_type=GTG;rbs_motif=None;rbs_spacer=None;gc_cont=0.374;conf=100.00;score=65.86;cscore=80.75;sscore=-14.89;rscore=-6.18;uscore=-0.50;tscore=-7.55;
NZ_CADHBV010000001.1	Prodigal_v2.6.3	CDS	29599	30267	103.0	+	0	ID=1_27;partial=00;start_type=ATG;rbs_motif=GGA/GAG/AGG;rbs_spacer=5-10bp;gc_cont=0.414;conf=100.00;score=103.01;cscore=95.33;sscore=7.68;rscore=3.13;uscore=-1.20;tscore=4.47;
NZ_CADHBV010000001.1	Prodigal_v2.6.3	CDS	30278	32695	387.4	+	0	ID=1_28;partial=00;start_type=ATG;rbs_motif=AGGA;rbs_spacer=5-10bp;gc_cont=0.405;conf=99.99;score=387.37;cscore=368.27;sscore=19.10;rscore=12.54;uscore=0.92;tscore=4.47;
NZ_CADHBV010000001.1	Prodigal_v2.6.3	CDS	32692	33261	92.5	+	0	ID=1_29;partial=00;start_type=ATG;rbs_motif=GGAG/GAGG;rbs_spacer=5-10bp;gc_cont=0.402;conf=100.00;score=92.53;cscore=80.54;sscore=11.98;rscore=6.22;uscore=-1.61;tscore=4.47;
NZ_CADHBV010000001.1	Prodigal_v2.6.3	CDS	33277	33537	64.4	+	0	ID=1_30;partial=00;start_type=ATG;rbs_motif=AGGA;rbs_spacer=5-10bp;gc_cont=0.418;conf=100.00;score=64.35;cscore=43.46;sscore=20.90;rscore=12.54;uscore=2.78;tscore=4.47;
NZ_CADHBV010000001.1	Prodigal_v2.6.3	CDS	33547	35040	208.3	+	0	ID=1_31;partial=00;start_type=ATG;rbs_motif=AGGA;rbs_spacer=5-10bp;gc_cont=0.392;conf=99.99;score=208.33;cscore=190.12;sscore=18.21;rscore=12.54;uscore=0.02;tscore=4.47;
NZ_CADHBV010000001.1	Prodigal_v2.6.3	CDS	35010	35396	67.2	+	0	ID=1_32;partial=00;start_type=ATG;rbs_motif=AGGA;rbs_spacer=5-10bp;gc_cont=0.380;conf=100.00;score=67.21;cscore=50.58;sscore=16.62;rscore=12.54;uscore=-0.39;tscore=4.47;
NZ_CADHBV010000001.1	Prodigal_v2.6.3	CDS	35432	35785	54.2	+	0	ID=1_33;partial=00;start_type=ATG;rbs_motif=GGA/GAG/AGG;rbs_spacer=5-10bp;gc_cont=0.367;conf=100.00;score=54.23;cscore=42.14;sscore=12.09;rscore=3.13;uscore=3.59;tscore=4.47;
NZ_CADHBV010000001.1	Prodigal_v2.6.3	CDS	35830	38205	344.6	+	0	ID=1_34;partial=00;start_type=TTG;rbs_motif=None;rbs_spacer=None;gc_cont=0.407;conf=99.99;score=344.57;cscore=357.09;sscore=-12.51;rscore=-6.18;uscore=-0.82;tscore=-6.31;
NZ_CADHBV010000001.1	Prodigal_v2.6.3	CDS	38286	39083	120.2	-	0	ID=1_35;partial=00;start_type=ATG;rbs_motif=GGA/GAG/AGG;rbs_spacer=5-10bp;gc_cont=0.436;conf=100.00;score=120.21;cscore=111.32;sscore=8.89;rscore=3.13;uscore=-3.75;tscore=4.47;
NZ_CADHBV010000001.1	Prodigal_v2.6.3	CDS	39083	39682	110.6	-	0	ID=1_36;partial=00;start_type=ATG;rbs_motif=AGGA;rbs_spacer=5-10bp;gc_cont=0.443;conf=100.00;score=110.60;cscore=90.33;sscore=20.28;rscore=12.54;uscore=2.30;tscore=4.47;
NZ_CADHBV010000001.1	Prodigal_v2.6.3	CDS	39711	40457	132.7	-	0	ID=1_37;partial=00;start_type=ATG;rbs_motif=AGGA;rbs_spacer=5-10bp;gc_cont=0.404;conf=100.00;score=132.67;cscore=110.21;sscore=22.46;rscore=12.54;uscore=4.51;tscore=4.47;
NZ_CADHBV010000001.1	Prodigal_v2.6.3	CDS	40489	41001	53.8	-	0	ID=1_38;partial=00;start_type=ATG;rbs_motif=None;rbs_spacer=None;gc_cont=0.411;conf=100.00;score=53.84;cscore=57.84;sscore=-4.00;rscore=-6.18;uscore=-3.55;tscore=4.47;
NZ_CADHBV010000001.1	Prodigal_v2.6.3	CDS	41003	41590	84.4	-	0	ID=1_39;partial=00;start_type=ATG;rbs_motif=AGGA;rbs_spacer=5-10bp;gc_cont=0.446;conf=100.00;score=84.40;cscore=66.63;sscore=17.77;rscore=12.54;uscore=1.41;tscore=4.47;
NZ_CADHBV010000001.1	Prodigal_v2.6.3	CDS	41797	43506	308.4	-	0	ID=1_40;partial=00;start_type=ATG;rbs_motif=AGGAG;rbs_spacer=5-10bp;gc_cont=0.442;conf=99.99;score=308.37;cscore=287.13;sscore=21.24;rscore=13.58;uscore=1.95;tscore=4.47;
NZ_CADHBV010000001.1	Prodigal_v2.6.3	CDS	43510	44226	118.3	-	0	ID=1_41;partial=00;start_type=ATG;rbs_motif=AGGAG;rbs_spacer=5-10bp;gc_cont=0.416;conf=100.00;score=118.26;cscore=99.46;sscore=18.79;rscore=13.58;uscore=1.40;tscore=4.47;
NZ_CADHBV010000001.1	Prodigal_v2.6.3	CDS	44569	45042	58.5	-	0	ID=1_42;partial=00;start_type=GTG;rbs_motif=GGA/GAG/AGG;rbs_spacer=5-10bp;gc_cont=0.365;conf=100.00;score=58.45;cscore=58.63;sscore=-0.18;rscore=3.13;uscore=2.98;tscore=-7.55;
NZ_CADHBV010000001.1	Prodigal_v2.6.3	CDS	45036	46373	265.9	-	0	ID=1_43;partial=00;start_type=ATG;rbs_motif=GGA/GAG/AGG;rbs_spacer=11-12bp;gc_cont=0.416;conf=99.99;score=265.85;cscore=260.64;sscore=5.22;rscore=-2.12;uscore=3.52;tscore=4.47;
NZ_CADHBV010000001.1	Prodigal_v2.6.3	CDS	46463	46732	15.8	+	0	ID=1_44;partial=00;start_type=ATG;rbs_motif=3Base/5BMM;rbs_spacer=13-15bp;gc_cont=0.389;conf=97.40;score=15.77;cscore=18.11;sscore=-2.34;rscore=-5.81;uscore=-1.00;tscore=4.47;
NZ_CADHBV010000001.1	Prodigal_v2.6.3	CDS	46858	47916	217.6	+	0	ID=1_45;partial=00;start_type=ATG;rbs_motif=GGA/GAG/AGG;rbs_spacer=5-10bp;gc_cont=0.423;conf=99.99;score=217.64;cscore=206.83;sscore=10.82;rscore=3.13;uscore=3.21;tscore=4.47;
NZ_CADHBV010000001.1	Prodigal_v2.6.3	CDS	48329	48586	34.0	+	0	ID=1_46;partial=00;start_type=ATG;rbs_motif=AGGAG;rbs_spacer=5-10bp;gc_cont=0.415;conf=99.96;score=33.96;cscore=15.15;sscore=18.80;rscore=13.58;uscore=1.40;tscore=4.47;
NZ_CADHBV010000001.1	Prodigal_v2.6.3	CDS	48633	49979	195.5	+	0	ID=1_47;partial=00;start_type=TTG;rbs_motif=GGA/GAG/AGG;rbs_spacer=5-10bp;gc_cont=0.439;conf=99.99;score=195.51;cscore=194.72;sscore=0.79;rscore=3.13;uscore=3.19;tscore=-6.31;
NZ_CADHBV010000001.1	Prodigal_v2.6.3	CDS	50230	52002	354.5	+	0	ID=1_48;partial=00;start_type=ATG;rbs_motif=GGA/GAG/AGG;rbs_spacer=5-10bp;gc_cont=0.424;conf=99.99;score=354.50;cscore=346.89;sscore=7.60;rscore=3.13;uscore=0.65;tscore=4.47;
NZ_CADHBV010000001.1	Prodigal_v2.6.3	CDS	52509	54530	337.2	-	0	ID=1_49;partial=00;start_type=ATG;rbs_motif=GGA/GAG/AGG;rbs_spacer=5-10bp;gc_cont=0.392;conf=99.99;score=337.25;cscore=328.77;sscore=8.48;rscore=3.13;uscore=0.88;tscore=4.47;
NZ_CADHBV010000001.1	Prodigal_v2.6.3	CDS	54682	55071	61.5	-	0	ID=1_50;partial=00;start_type=ATG;rbs_motif=AGGA;rbs_spacer=5-10bp;gc_cont=0.423;conf=100.00;score=61.49;cscore=43.18;sscore=18.31;rscore=12.54;uscore=-2.65;tscore=4.47;
NZ_CADHBV010000001.1	Prodigal_v2.6.3	CDS	55068	55493	75.6	-	0	ID=1_51;partial=00;start_type=ATG;rbs_motif=AGGA;rbs_spacer=5-10bp;gc_cont=0.420;conf=100.00;score=75.63;cscore=58.19;sscore=17.44;rscore=12.54;uscore=1.08;tscore=4.47;
NZ_CADHBV010000001.1	Prodigal_v2.6.3	CDS	55847	56035	22.9	-	0	ID=1_52;partial=00;start_type=ATG;rbs_motif=3Base/5BMM;rbs_spacer=13-15bp;gc_cont=0.392;conf=99.49;score=22.90;cscore=25.74;sscore=-2.84;rscore=-7.82;uscore=0.45;tscore=3.33;
NZ_CADHBV010000001.1	Prodigal_v2.6.3	CDS	56042	57394	262.4	-	0	ID=1_53;partial=00;start_type=ATG;rbs_motif=GGAG/GAGG;rbs_spacer=5-10bp;gc_cont=0.417;conf=99.99;score=262.42;cscore=248.47;sscore=13.95;rscore=6.22;uscore=2.56;tscore=4.47;
NZ_CADHBV010000001.1	Prodigal_v2.6.3	CDS	57448	58821	180.9	-	0	ID=1_54;partial=00;start_type=ATG;rbs_motif=GGA/GAG/AGG;rbs_spacer=11-12bp;gc_cont=0.397;conf=99.99;score=180.92;cscore=175.41;sscore=5.52;rscore=-2.12;uscore=2.10;tscore=4.47;
NZ_CADHBV010000001.1	Prodigal_v2.6.3	CDS	58841	60859	411.5	-	0	ID=1_55;partial=00;start_type=ATG;rbs_motif=GGAG/GAGG;rbs_spacer=5-10bp;gc_cont=0.394;conf=99.99;score=411.54;cscore=401.89;sscore=9.65;rscore=6.22;uscore=-0.38;tscore=4.47;
NZ_CADHBV010000001.1	Prodigal_v2.6.3	CDS	61142	61837	131.2	-	0	ID=1_56;partial=00;start_type=ATG;rbs_motif=None;rbs_spacer=None;gc_cont=0.420;conf=100.00;score=131.16;cscore=131.41;sscore=-0.24;rscore=-6.18;uscore=0.31;tscore=4.47;
NZ_CADHBV010000001.1	Prodigal_v2.6.3	CDS	61848	62777	173.8	-	0	ID=1_57;partial=00;start_type=ATG;rbs_motif=AGGA;rbs_spacer=5-10bp;gc_cont=0.427;conf=100.00;score=173.78;cscore=152.62;sscore=21.16;rscore=12.54;uscore=4.80;tscore=4.47;
NZ_CADHBV010000001.1	Prodigal_v2.6.3	CDS	63204	64034	98.0	+	0	ID=1_58;partial=00;start_type=ATG;rbs_motif=GGAG/GAGG;rbs_spacer=5-10bp;gc_cont=0.298;conf=100.00;score=98.00;cscore=82.92;sscore=15.08;rscore=6.22;uscore=4.39;tscore=4.47;
NZ_CADHBV010000001.1	Prodigal_v2.6.3	CDS	64031	64885	122.5	+	0	ID=1_59;partial=00;start_type=ATG;rbs_motif=GGA/GAG/AGG;rbs_spacer=5-10bp;gc_cont=0.392;conf=100.00;score=122.48;cscore=110.17;sscore=12.31;rscore=3.13;uscore=3.41;tscore=4.47;
NZ_CADHBV010000001.1	Prodigal_v2.6.3	CDS	64882	65778	116.0	-	0	ID=1_60;partial=00;start_type=ATG;rbs_motif=GGA/GAG/AGG;rbs_spacer=5-10bp;gc_cont=0.405;conf=100.00;score=115.99;cscore=105.13;sscore=10.86;rscore=3.13;uscore=3.25;tscore=4.47;
NZ_CADHBV010000001.1	Prodigal_v2.6.3	CDS	65878	66408	74.7	-	0	ID=1_61;partial=00;start_type=ATG;rbs_motif=None;rbs_spacer=None;gc_cont=0.377;conf=100.00;score=74.71;cscore=73.51;sscore=1.20;rscore=-6.18;uscore=3.56;tscore=4.47;
NZ_CADHBV010000001.1	Prodigal_v2.6.3	CDS	66481	67425	184.3	+	0	ID=1_62;partial=00;start_type=ATG;rbs_motif=AGGAG;rbs_spacer=5-10bp;gc_cont=0.399;conf=99.99;score=184.31;cscore=160.88;sscore=23.42;rscore=13.58;uscore=5.37;tscore=4.47;
NZ_CADHBV010000001.1	Prodigal_v2.6.3	CDS	67639	68352	133.9	-	0	ID=1_63;partial=00;start_type=ATG;rbs_motif=GGA/GAG/AGG;rbs_spacer=5-10bp;gc_cont=0.416;conf=100.00;score=133.92;cscore=124.26;sscore=9.66;rscore=3.13;uscore=2.05;tscore=4.47;
NZ_CADHBV010000001.1	Prodigal_v2.6.3	CDS	68460	69920	248.4	-	0	ID=1_64;partial=00;start_type=ATG;rbs_motif=AGGA;rbs_spacer=5-10bp;gc_cont=0.417;conf=99.99;score=248.43;cscore=228.83;sscore=19.60;rscore=12.54;uscore=3.24;tscore=4.47;
NZ_CADHBV010000001.1	Prodigal_v2.6.3	CDS	70113	72140	393.9	+	0	ID=1_65;partial=00;start_type=TTG;rbs_motif=GGA/GAG/AGG;rbs_spacer=5-10bp;gc_cont=0.397;conf=99.99;score=393.92;cscore=395.72;sscore=-1.80;rscore=3.13;uscore=1.38;tscore=-6.31;
NZ_CADHBV010000001.1	Prodigal_v2.6.3	CDS	72140	73246	171.9	+	0	ID=1_66;partial=00;start_type=ATG;rbs_motif=AGxAG;rbs_spacer=5-10bp;gc_cont=0.379;conf=100.00;score=171.89;cscore=164.87;sscore=7.02;rscore=-3.49;uscore=1.27;tscore=4.47;
NZ_CADHBV010000001.1	Prodigal_v2.6.3	CDS	73462	74223	80.1	+	0	ID=1_67;partial=00;start_type=TTG;rbs_motif=GGA/GAG/AGG;rbs_spacer=5-10bp;gc_cont=0.340;conf=100.00;score=80.10;cscore=82.43;sscore=-2.33;rscore=3.13;uscore=1.49;tscore=-6.31;
NZ_CADHBV010000001.1	Prodigal_v2.6.3	CDS	74206	74988	114.1	-	0	ID=1_68;partial=00;start_type=TTG;rbs_motif=GGA/GAG/AGG;rbs_spacer=5-10bp;gc_cont=0.372;conf=100.00;score=114.10;cscore=118.99;sscore=-4.89;rscore=3.13;uscore=-1.72;tscore=-6.31;
NZ_CADHBV010000001.1	Prodigal_v2.6.3	CDS	75109	76260	70.8	-	0	ID=1_69;partial=00;start_type=ATG;rbs_motif=AGGAG;rbs_spacer=5-10bp;gc_cont=0.294;conf=100.00;score=70.79;cscore=50.69;sscore=20.10;rscore=13.58;uscore=0.76;tscore=4.47;
NZ_CADHBV010000001.1	Prodigal_v2.6.3	CDS	76260	77060	47.6	-	0	ID=1_70;partial=00;start_type=ATG;rbs_motif=None;rbs_spacer=None;gc_cont=0.266;conf=100.00;score=47.65;cscore=46.34;sscore=1.31;rscore=-6.18;uscore=3.02;tscore=4.47;
NZ_CADHBV010000001.1	Prodigal_v2.6.3	CDS	77150	78283	80.5	-	0	ID=1_71;partial=00;start_type=ATG;rbs_motif=None;rbs_spacer=None;gc_cont=0.307;conf=100.00;score=80.45;cscore=80.26;sscore=0.19;rscore=-6.18;uscore=1.90;tscore=4.47;
NZ_CADHBV010000001.1	Prodigal_v2.6.3	CDS	78401	80146	288.0	-	0	ID=1_72;partial=00;start_type=ATG;rbs_motif=AGGA;rbs_spacer=5-10bp;gc_cont=0.399;conf=99.99;score=287.98;cscore=268.00;sscore=19.97;rscore=12.54;uscore=2.96;tscore=4.47;
NZ_CADHBV010000001.1	Prodigal_v2.6.3	CDS	80294	80752	84.6	-	0	ID=1_73;partial=00;start_type=ATG;rbs_motif=AGGA;rbs_spacer=5-10bp;gc_cont=0.444;conf=100.00;score=84.58;cscore=65.05;sscore=19.53;rscore=12.54;uscore=1.65;tscore=4.47;
NZ_CADHBV010000001.1	Prodigal_v2.6.3	CDS	80790	81932	198.3	-	0	ID=1_74;partial=00;start_type=ATG;rbs_motif=AGGA;rbs_spacer=5-10bp;gc_cont=0.482;conf=99.99;score=198.31;cscore=176.99;sscore=21.32;rscore=12.54;uscore=3.30;tscore=4.47;
NZ_CADHBV010000001.1	Prodigal_v2.6.3	CDS	81957	82874	156.3	-	0	ID=1_75;partial=00;start_type=ATG;rbs_motif=AGGAG;rbs_spacer=5-10bp;gc_cont=0.469;conf=100.00;score=156.29;cscore=137.80;sscore=18.48;rscore=13.58;uscore=1.08;tscore=4.47;
NZ_CADHBV010000001.1	Prodigal_v2.6.3	CDS	82988	83560	49.9	+	0	ID=1_76;partial=00;start_type=ATG;rbs_motif=AGGAG;rbs_spacer=5-10bp;gc_cont=0.398;conf=100.00;score=49.92;cscore=31.00;sscore=18.91;rscore=13.58;uscore=0.86;tscore=4.47;
NZ_CADHBV010000001.1	Prodigal_v2.6.3	CDS	83819	85681	420.0	-	0	ID=1_77;partial=00;start_type=ATG;rbs_motif=AGGA;rbs_spacer=5-10bp;gc_cont=0.427;conf=99.99;score=420.02;cscore=396.44;sscore=23.58;rscore=12.54;uscore=5.63;tscore=4.47;
NZ_CADHBV010000001.1	Prodigal_v2.6.3	CDS	85713	86288	119.2	-	0	ID=1_78;partial=00;start_type=ATG;rbs_motif=AGGAG;rbs_spacer=5-10bp;gc_cont=0.411;conf=100.00;score=119.23;cscore=98.23;sscore=21.00;rscore=13.58;uscore=1.67;tscore=4.47;
NZ_CADHBV010000001.1	Prodigal_v2.6.3	CDS	86288	87118	80.3	-	0	ID=1_79;partial=00;start_type=ATG;rbs_motif=3Base/5BMM;rbs_spacer=13-15bp;gc_cont=0.385;conf=100.00;score=80.26;cscore=83.49;sscore=-3.23;rscore=-5.81;uscore=-1.24;tscore=4.47;
NZ_CADHBV010000001.1	Prodigal_v2.6.3	CDS	87502	88140	69.4	+	0	ID=1_80;partial=00;start_type=ATG;rbs_motif=None;rbs_spacer=None;gc_cont=0.410;conf=100.00;score=69.36;cscore=66.85;sscore=2.51;rscore=-6.18;uscore=4.22;tscore=4.47;
NZ_CADHBV010000001.1	Prodigal_v2.6.3	CDS	88161	88457	57.4	+	0	ID=1_81;partial=00;start_type=ATG;rbs_motif=AGGA;rbs_spacer=5-10bp;gc_cont=0.394;conf=100.00;score=57.42;cscore=39.51;sscore=17.91;rscore=12.54;uscore=-0.16;tscore=4.47;
NZ_CADHBV010000001.1	Prodigal_v2.6.3	CDS	88469	90355	329.9	-	0	ID=1_82;partial=00;start_type=ATG;rbs_motif=None;rbs_spacer=None;gc_cont=0.373;conf=99.99;score=329.87;cscore=331.48;sscore=-1.61;rscore=-6.18;uscore=0.10;tscore=4.47;
NZ_CADHBV010000001.1	Prodigal_v2.6.3	CDS	90415	91959	294.1	-	0	ID=1_83;partial=00;start_type=ATG;rbs_motif=AGGA;rbs_spacer=5-10bp;gc_cont=0.472;conf=99.99;score=294.09;cscore=276.95;sscore=17.14;rscore=12.54;uscore=0.78;tscore=4.47;
NZ_CADHBV010000001.1	Prodigal_v2.6.3	CDS	92125	94335	367.6	+	0	ID=1_84;partial=00;start_type=ATG;rbs_motif=GGA/GAG/AGG;rbs_spacer=5-10bp;gc_cont=0.398;conf=99.99;score=367.57;cscore=356.75;sscore=10.82;rscore=3.13;uscore=3.21;tscore=4.47;
NZ_CADHBV010000001.1	Prodigal_v2.6.3	CDS	94328	95254	151.6	+	0	ID=1_85;partial=00;start_type=ATG;rbs_motif=GGAG/GAGG;rbs_spacer=5-10bp;gc_cont=0.386;conf=100.00;score=151.57;cscore=139.57;sscore=12.00;rscore=6.22;uscore=0.06;tscore=4.47;
NZ_CADHBV010000001.1	Prodigal_v2.6.3	CDS	96030	97757	256.0	+	0	ID=1_86;partial=00;start_type=ATG;rbs_motif=AGGA;rbs_spacer=5-10bp;gc_cont=0.346;conf=99.99;score=256.00;cscore=236.30;sscore=19.69;rscore=12.54;uscore=3.33;tscore=4.47;
NZ_CADHBV010000001.1	Prodigal_v2.6.3	CDS	98031	98312	25.8	-	0	ID=1_87;partial=00;start_type=ATG;rbs_motif=GGA/GAG/AGG;rbs_spacer=5-10bp;gc_cont=0.351;conf=99.73;score=25.80;cscore=13.49;sscore=12.31;rscore=3.13;uscore=3.45;tscore=4.47;
NZ_CADHBV010000001.1	Prodigal_v2.6.3	CDS	98305	98619	46.5	-	0	ID=1_88;partial=00;start_type=ATG;rbs_motif=AGGAG;rbs_spacer=5-10bp;gc_cont=0.330;conf=100.00;score=46.52;cscore=28.73;sscore=17.80;rscore=13.58;uscore=0.40;tscore=4.47;
NZ_CADHBV010000001.1	Prodigal_v2.6.3	CDS	98924	99178	19.1	+	0	ID=1_89;partial=00;start_type=ATG;rbs_motif=None;rbs_spacer=None;gc_cont=0.306;conf=98.76;score=19.06;cscore=21.15;sscore=-2.09;rscore=-6.18;uscore=-0.38;tscore=4.47;
NZ_CADHBV010000001.1	Prodigal_v2.6.3	CDS	99286	99624	10.5	+	0	ID=1_90;partial=00;start_type=ATG;rbs_motif=None;rbs_spacer=None;gc_cont=0.292;conf=91.84;score=10.53;cscore=11.53;sscore=-1.00;rscore=-6.18;uscore=0.71;tscore=4.47;
NZ_CADHBV010000001.1	Prodigal_v2.6.3	CDS	99624	100826	64.0	+	0	ID=1_91;partial=00;start_type=ATG;rbs_motif=GGA/GAG/AGG;rbs_spacer=5-10bp;gc_cont=0.302;conf=100.00;score=64.03;cscore=51.02;sscore=13.01;rscore=3.13;uscore=4.12;tscore=4.47;
NZ_CADHBV010000001.1	Prodigal_v2.6.3	CDS	100890	101966	76.1	-	0	ID=1_92;partial=00;start_type=ATG;rbs_motif=GGAG/GAGG;rbs_spacer=5-10bp;gc_cont=0.290;conf=100.00;score=76.14;cscore=62.16;sscore=13.98;rscore=6.22;uscore=3.94;tscore=4.47;
NZ_CADHBV010000001.1	Prodigal_v2.6.3	CDS	102201	103007	61.4	-	0	ID=1_93;partial=00;start_type=ATG;rbs_motif=None;rbs_spacer=None;gc_cont=0.327;conf=100.00;score=61.40;cscore=67.29;sscore=-5.89;rscore=-6.18;uscore=-3.53;tscore=4.47;
NZ_CADHBV010000001.1	Prodigal_v2.6.3	CDS	103251	105683	446.2	-	0	ID=1_94;partial=00;start_type=GTG;rbs_motif=GGA/GAG/AGG;rbs_spacer=5-10bp;gc_cont=0.423;conf=99.99;score=446.19;cscore=448.91;sscore=-2.72;rscore=3.13;uscore=2.36;tscore=-7.55;
NZ_CADHBV010000001.1	Prodigal_v2.6.3	CDS	106041	107879	307.5	+	0	ID=1_95;partial=00;start_type=ATG;rbs_motif=None;rbs_spacer=None;gc_cont=0.415;conf=99.99;score=307.47;cscore=306.45;sscore=1.02;rscore=-6.18;uscore=2.73;tscore=4.47;
NZ_CADHBV010000001.1	Prodigal_v2.6.3	CDS	107876	108487	99.4	+	0	ID=1_96;partial=00;start_type=TTG;rbs_motif=GGAG/GAGG;rbs_spacer=5-10bp;gc_cont=0.387;conf=100.00;score=99.42;cscore=96.76;sscore=2.66;rscore=6.22;uscore=1.46;tscore=-6.31;
NZ_CADHBV010000001.1	Prodigal_v2.6.3	CDS	108468	108662	13.6	+	0	ID=1_97;partial=00;start_type=ATG;rbs_motif=AGGAG;rbs_spacer=5-10bp;gc_cont=0.421;conf=95.75;score=13.55;cscore=-0.73;sscore=14.29;rscore=10.43;uscore=0.92;tscore=3.44;
NZ_CADHBV010000001.1	Prodigal_v2.6.3	CDS	108757	109107	38.0	+	0	ID=1_98;partial=00;start_type=ATG;rbs_motif=GGA/GAG/AGG;rbs_spacer=5-10bp;gc_cont=0.419;conf=99.98;score=38.02;cscore=26.67;sscore=11.35;rscore=3.13;uscore=3.74;tscore=4.47;
NZ_CADHBV010000001.1	Prodigal_v2.6.3	CDS	109308	110168	94.0	+	0	ID=1_99;partial=00;start_type=ATG;rbs_motif=AGGA;rbs_spacer=5-10bp;gc_cont=0.422;conf=100.00;score=94.02;cscore=75.56;sscore=18.46;rscore=12.54;uscore=2.10;tscore=4.47;
NZ_CADHBV010000001.1	Prodigal_v2.6.3	CDS	110510	110941	60.8	+	0	ID=1_100;partial=00;start_type=ATG;rbs_motif=GGAG/GAGG;rbs_spacer=5-10bp;gc_cont=0.382;conf=100.00;score=60.82;cscore=48.57;sscore=12.25;rscore=6.22;uscore=2.21;tscore=4.47;
NZ_CADHBV010000001.1	Prodigal_v2.6.3	CDS	111355	112212	110.0	+	0	ID=1_101;partial=00;start_type=GTG;rbs_motif=AGGAG;rbs_spacer=5-10bp;gc_cont=0.394;conf=100.00;score=110.05;cscore=103.63;sscore=6.42;rscore=13.58;uscore=1.05;tscore=-7.55;
NZ_CADHBV010000001.1	Prodigal_v2.6.3	CDS	112848	114215	255.4	-	0	ID=1_102;partial=00;start_type=ATG;rbs_motif=AGGA;rbs_spacer=5-10bp;gc_cont=0.428;conf=99.99;score=255.41;cscore=237.12;sscore=18.30;rscore=12.54;uscore=-2.11;tscore=4.47;
NZ_CADHBV010000001.1	Prodigal_v2.6.3	CDS	114215	115456	157.5	-	0	ID=1_103;partial=00;start_type=ATG;rbs_motif=3Base/5BMM;rbs_spacer=13-15bp;gc_cont=0.386;conf=100.00;score=157.47;cscore=157.43;sscore=0.05;rscore=-5.81;uscore=2.04;tscore=4.47;
NZ_CADHBV010000001.1	Prodigal_v2.6.3	CDS	115638	116987	213.7	+	0	ID=1_104;partial=00;start_type=ATG;rbs_motif=AGGA;rbs_spacer=5-10bp;gc_cont=0.449;conf=99.99;score=213.67;cscore=193.06;sscore=20.61;rscore=12.54;uscore=3.59;tscore=4.47;
NZ_CADHBV010000001.1	Prodigal_v2.6.3	CDS	117276	117410	18.0	+	0	ID=1_105;partial=00;start_type=ATG;rbs_motif=AGGAG;rbs_spacer=5-10bp;gc_cont=0.348;conf=98.44;score=18.03;cscore=7.67;sscore=10.36;rscore=7.17;uscore=1.48;tscore=2.36;
NZ_CADHBV010000001.1	Prodigal_v2.6.3	CDS	117660	118118	82.7	-	0	ID=1_106;partial=00;start_type=ATG;rbs_motif=AGGA;rbs_spacer=5-10bp;gc_cont=0.401;conf=100.00;score=82.73;cscore=65.57;sscore=17.16;rscore=12.54;uscore=-1.03;tscore=4.47;
NZ_CADHBV010000001.1	Prodigal_v2.6.3	CDS	118128	118763	107.6	-	0	ID=1_107;partial=00;start_type=ATG;rbs_motif=AGxAGG/AGGxGG;rbs_spacer=5-10bp;gc_cont=0.388;conf=100.00;score=107.61;cscore=101.41;sscore=6.20;rscore=4.39;uscore=-3.91;tscore=4.47;
NZ_CADHBV010000001.1	Prodigal_v2.6.3	CDS	118756	120201	279.7	-	0	ID=1_108;partial=00;start_type=ATG;rbs_motif=AGGA;rbs_spacer=5-10bp;gc_cont=0.427;conf=99.99;score=279.72;cscore=258.94;sscore=20.78;rscore=12.54;uscore=2.80;tscore=4.47;
NZ_CADHBV010000001.1	Prodigal_v2.6.3	CDS	120230	120958	104.5	-	0	ID=1_109;partial=00;start_type=TTG;rbs_motif=AGGAG;rbs_spacer=5-10bp;gc_cont=0.391;conf=100.00;score=104.52;cscore=97.48;sscore=7.04;rscore=13.58;uscore=0.43;tscore=-6.31;
NZ_CADHBV010000001.1	Prodigal_v2.6.3	CDS	121180	122829	228.4	+	0	ID=1_110;partial=00;start_type=ATG;rbs_motif=AGGA;rbs_spacer=5-10bp;gc_cont=0.436;conf=99.99;score=228.43;cscore=206.82;sscore=21.60;rscore=12.54;uscore=4.59;tscore=4.47;
NZ_CADHBV010000001.1	Prodigal_v2.6.3	CDS	122886	124541	211.5	+	0	ID=1_111;partial=00;start_type=GTG;rbs_motif=GGA/GAG/AGG;rbs_spacer=5-10bp;gc_cont=0.429;conf=99.99;score=211.53;cscore=212.67;sscore=-1.14;rscore=3.13;uscore=2.62;tscore=-7.55;
NZ_CADHBV010000001.1	Prodigal_v2.6.3	CDS	124565	125551	125.3	-	0	ID=1_112;partial=00;start_type=TTG;rbs_motif=AGxAGG/AGGxGG;rbs_spacer=5-10bp;gc_cont=0.376;conf=100.00;score=125.30;cscore=128.24;sscore=-2.94;rscore=4.39;uscore=-2.30;tscore=-6.31;
NZ_CADHBV010000001.1	Prodigal_v2.6.3	CDS	125552	127000	162.2	-	0	ID=1_113;partial=00;start_type=ATG;rbs_motif=GGA/GAG/AGG;rbs_spacer=5-10bp;gc_cont=0.422;conf=100.00;score=162.21;cscore=155.65;sscore=6.56;rscore=3.13;uscore=-0.39;tscore=4.47;
NZ_CADHBV010000001.1	Prodigal_v2.6.3	CDS	127171	128637	205.5	+	0	ID=1_114;partial=00;start_type=ATG;rbs_motif=AGGAG;rbs_spacer=5-10bp;gc_cont=0.425;conf=99.99;score=205.45;cscore=185.66;sscore=19.79;rscore=13.58;uscore=1.74;tscore=4.47;
NZ_CADHBV010000001.1	Prodigal_v2.6.3	CDS	128650	129348	103.5	+	0	ID=1_115;partial=00;start_type=ATG;rbs_motif=GGAG/GAGG;rbs_spacer=5-10bp;gc_cont=0.433;conf=100.00;score=103.51;cscore=96.11;sscore=7.40;rscore=6.22;uscore=-4.43;tscore=4.47;
NZ_CADHBV010000001.1	Prodigal_v2.6.3	CDS	129359	129577	30.0	+	0	ID=1_116;partial=00;start_type=ATG;rbs_motif=GGA/GAG/AGG;rbs_spacer=5-10bp;gc_cont=0.352;conf=99.90;score=30.03;cscore=22.20;sscore=7.83;rscore=2.71;uscore=0.09;tscore=3.86;
NZ_CADHBV010000001.1	Prodigal_v2.6.3	CDS	129579	130457	143.7	+	0	ID=1_117;partial=00;start_type=ATG;rbs_motif=AGGA;rbs_spacer=5-10bp;gc_cont=0.423;conf=100.00;score=143.72;cscore=126.94;sscore=16.78;rscore=12.54;uscore=-1.50;tscore=4.47;
NZ_CADHBV010000001.1	Prodigal_v2.6.3	CDS	130468	130674	39.3	+	0	ID=1_118;partial=00;start_type=ATG;rbs_motif=AGGA;rbs_spacer=5-10bp;gc_cont=0.353;conf=99.99;score=39.33;cscore=25.05;sscore=14.28;rscore=10.23;uscore=-0.77;tscore=3.65;
NZ_CADHBV010000001.1	Prodigal_v2.6.3	CDS	130671	130778	11.3	+	0	ID=1_119;partial=00;start_type=ATG;rbs_motif=GGAG/GAGG;rbs_spacer=5-10bp;gc_cont=0.306;conf=93.11;score=11.33;cscore=5.34;sscore=5.99;rscore=2.61;uscore=0.21;tscore=1.88;
NZ_CADHBV010000001.1	Prodigal_v2.6.3	CDS	130775	131359	76.9	+	0	ID=1_120;partial=00;start_type=ATG;rbs_motif=None;rbs_spacer=None;gc_cont=0.368;conf=100.00;score=76.93;cscore=71.16;sscore=5.77;rscore=-6.18;uscore=-0.19;tscore=4.47;
NZ_CADHBV010000001.1	Prodigal_v2.6.3	CDS	131372	131953	87.6	+	0	ID=1_121;partial=00;start_type=ATG;rbs_motif=GGAG/GAGG;rbs_spacer=5-10bp;gc_cont=0.368;conf=100.00;score=87.61;cscore=71.77;sscore=15.84;rscore=6.22;uscore=4.01;tscore=4.47;
NZ_CADHBV010000001.1	Prodigal_v2.6.3	CDS	132041	132808	108.7	+	0	ID=1_122;partial=00;start_type=ATG;rbs_motif=AGGA/GGAG/GAGG;rbs_spacer=11-12bp;gc_cont=0.368;conf=100.00;score=108.68;cscore=98.79;sscore=9.89;rscore=3.25;uscore=2.17;tscore=4.47;
NZ_CADHBV010000001.1	Prodigal_v2.6.3	CDS	132805	133668	135.3	-	0	ID=1_123;partial=00;start_type=TTG;rbs_motif=AGGA;rbs_spacer=5-10bp;gc_cont=0.399;conf=100.00;score=135.27;cscore=130.11;sscore=5.16;rscore=12.54;uscore=-0.42;tscore=-6.31;
NZ_CADHBV010000001.1	Prodigal_v2.6.3	CDS	133767	134810	204.2	+	0	ID=1_124;partial=00;start_type=ATG;rbs_motif=GGA/GAG/AGG;rbs_spacer=5-10bp;gc_cont=0.440;conf=99.99;score=204.18;cscore=192.51;sscore=11.67;rscore=3.13;uscore=4.06;tscore=4.47;
NZ_CADHBV010000001.1	Prodigal_v2.6.3	CDS	134822	136102	259.6	+	0	ID=1_125;partial=00;start_type=ATG;rbs_motif=AGGA;rbs_spacer=5-10bp;gc_cont=0.436;conf=99.99;score=259.62;cscore=241.60;sscore=18.01;rscore=12.54;uscore=-0.15;tscore=4.47;
NZ_CADHBV010000001.1	Prodigal_v2.6.3	CDS	136095	136370	39.5	+	0	ID=1_126;partial=00;start_type=ATG;rbs_motif=GGA/GAG/AGG;rbs_spacer=5-10bp;gc_cont=0.388;conf=99.99;score=39.52;cscore=28.24;sscore=11.28;rscore=3.13;uscore=2.42;tscore=4.47;
NZ_CADHBV010000001.1	Prodigal_v2.6.3	CDS	136388	136984	111.4	+	0	ID=1_127;partial=00;start_type=GTG;rbs_motif=AGGA;rbs_spacer=5-10bp;gc_cont=0.374;conf=100.00;score=111.42;cscore=104.28;sscore=7.14;rscore=12.54;uscore=1.06;tscore=-7.55;
NZ_CADHBV010000001.1	Prodigal_v2.6.3	CDS	136989	137477	77.1	+	0	ID=1_128;partial=00;start_type=ATG;rbs_motif=None;rbs_spacer=None;gc_cont=0.389;conf=100.00;score=77.09;cscore=75.01;sscore=2.08;rscore=-6.18;uscore=2.56;tscore=4.47;
NZ_CADHBV010000001.1	Prodigal_v2.6.3	CDS	137499	138455	165.7	+	0	ID=1_129;partial=00;start_type=ATG;rbs_motif=GGA/GAG/AGG;rbs_spacer=5-10bp;gc_cont=0.404;conf=100.00;score=165.74;cscore=155.21;sscore=10.53;rscore=3.13;uscore=1.88;tscore=4.47;
NZ_CADHBV010000001.1	Prodigal_v2.6.3	CDS	138452	139555	143.4	-	0	ID=1_130;partial=00;start_type=ATG;rbs_motif=GGA/GAG/AGG;rbs_spacer=11-12bp;gc_cont=0.365;conf=100.00;score=143.35;cscore=138.67;sscore=4.68;rscore=-2.12;uscore=2.98;tscore=4.47;
NZ_CADHBV010000001.1	Prodigal_v2.6.3	CDS	139706	140626	123.4	+	0	ID=1_131;partial=00;start_type=ATG;rbs_motif=AGGA;rbs_spacer=5-10bp;gc_cont=0.410;conf=100.00;score=123.43;cscore=108.90;sscore=14.53;rscore=12.54;uscore=-2.48;tscore=4.47;
NZ_CADHBV010000001.1	Prodigal_v2.6.3	CDS	141154	141876	141.8	-	0	ID=1_132;partial=00;start_type=ATG;rbs_motif=AGGA;rbs_spacer=5-10bp;gc_cont=0.414;conf=100.00;score=141.80;cscore=122.78;sscore=19.02;rscore=12.54;uscore=0.74;tscore=4.47;
NZ_CADHBV010000001.1	Prodigal_v2.6.3	CDS	141877	142848	167.5	-	0	ID=1_133;partial=00;start_type=ATG;rbs_motif=GGA/GAG/AGG;rbs_spacer=5-10bp;gc_cont=0.397;conf=100.00;score=167.52;cscore=154.71;sscore=12.81;rscore=3.13;uscore=4.04;tscore=4.47;
NZ_CADHBV010000001.1	Prodigal_v2.6.3	CDS	142833	144200	215.3	-	0	ID=1_134;partial=00;start_type=TTG;rbs_motif=AGGAG;rbs_spacer=5-10bp;gc_cont=0.361;conf=99.99;score=215.34;cscore=203.76;sscore=11.58;rscore=13.58;uscore=3.29;tscore=-6.31;
NZ_CADHBV010000001.1	Prodigal_v2.6.3	CDS	144224	144901	131.8	-	0	ID=1_135;partial=00;start_type=ATG;rbs_motif=AGGAG/GGAGG;rbs_spacer=11-12bp;gc_cont=0.388;conf=100.00;score=131.85;cscore=120.31;sscore=11.54;rscore=5.28;uscore=2.44;tscore=4.47;
NZ_CADHBV010000001.1	Prodigal_v2.6.3	CDS	145137	145607	77.0	-	0	ID=1_136;partial=00;start_type=ATG;rbs_motif=None;rbs_spacer=None;gc_cont=0.376;conf=100.00;score=77.03;cscore=74.18;sscore=2.85;rscore=-6.18;uscore=3.34;tscore=4.47;
NZ_CADHBV010000001.1	Prodigal_v2.6.3	CDS	145598	145861	40.9	-	0	ID=1_137;partial=00;start_type=ATG;rbs_motif=GGA/GAG/AGG;rbs_spacer=5-10bp;gc_cont=0.371;conf=99.99;score=40.92;cscore=30.91;sscore=10.01;rscore=3.13;uscore=1.64;tscore=4.47;
NZ_CADHBV010000001.1	Prodigal_v2.6.3	CDS	145908	147176	208.0	-	0	ID=1_138;partial=00;start_type=TTG;rbs_motif=GGAG/GAGG;rbs_spacer=5-10bp;gc_cont=0.423;conf=99.99;score=207.98;cscore=206.96;sscore=1.02;rscore=6.22;uscore=-0.14;tscore=-6.31;
NZ_CADHBV010000001.1	Prodigal_v2.6.3	CDS	147179	147910	164.4	-	0	ID=1_139;partial=00;start_type=ATG;rbs_motif=AGGA;rbs_spacer=5-10bp;gc_cont=0.413;conf=100.00;score=164.39;cscore=144.55;sscore=19.84;rscore=12.54;uscore=2.83;tscore=4.47;
NZ_CADHBV010000001.1	Prodigal_v2.6.3	CDS	147980	149071	223.2	-	0	ID=1_140;partial=00;start_type=GTG;rbs_motif=GGA/GAG/AGG;rbs_spacer=5-10bp;gc_cont=0.427;conf=99.99;score=223.22;cscore=228.88;sscore=-5.66;rscore=3.13;uscore=-1.24;tscore=-7.55;
NZ_CADHBV010000001.1	Prodigal_v2.6.3	CDS	149132	150307	178.1	-	0	ID=1_141;partial=00;start_type=ATG;rbs_motif=AGGA;rbs_spacer=5-10bp;gc_cont=0.384;conf=100.00;score=178.13;cscore=159.68;sscore=18.45;rscore=12.54;uscore=0.26;tscore=4.47;
NZ_CADHBV010000001.1	Prodigal_v2.6.3	CDS	150317	151084	92.7	-	0	ID=1_142;partial=00;start_type=ATG;rbs_motif=None;rbs_spacer=None;gc_cont=0.413;conf=100.00;score=92.67;cscore=94.43;sscore=-1.76;rscore=-6.18;uscore=-1.31;tscore=4.47;
NZ_CADHBV010000001.1	Prodigal_v2.6.3	CDS	151078	151806	44.7	-	0	ID=1_143;partial=00;start_type=ATG;rbs_motif=3Base/5BMM;rbs_spacer=13-15bp;gc_cont=0.322;conf=100.00;score=44.75;cscore=46.52;sscore=-1.77;rscore=-5.81;uscore=0.23;tscore=4.47;
NZ_CADHBV010000001.1	Prodigal_v2.6.3	CDS	152286	153185	162.7	+	0	ID=1_144;partial=00;start_type=ATG;rbs_motif=GGAG/GAGG;rbs_spacer=5-10bp;gc_cont=0.393;conf=100.00;score=162.67;cscore=148.16;sscore=14.51;rscore=6.22;uscore=3.83;tscore=4.47;
NZ_CADHBV010000001.1	Prodigal_v2.6.3	CDS	153202	154125	179.6	+	0	ID=1_145;partial=00;start_type=ATG;rbs_motif=GGAG/GAGG;rbs_spacer=5-10bp;gc_cont=0.432;conf=99.99;score=179.64;cscore=165.97;sscore=13.67;rscore=6.22;uscore=1.89;tscore=4.47;
NZ_CADHBV010000001.1	Prodigal_v2.6.3	CDS	154147	154710	109.6	+	0	ID=1_146;partial=00;start_type=ATG;rbs_motif=GGA/GAG/AGG;rbs_spacer=5-10bp;gc_cont=0.443;conf=100.00;score=109.56;cscore=98.08;sscore=11.47;rscore=3.13;uscore=2.82;tscore=4.47;
NZ_CADHBV010000001.1	Prodigal_v2.6.3	CDS	155247	156269	166.9	-	0	ID=1_147;partial=00;start_type=ATG;rbs_motif=AGGAG;rbs_spacer=5-10bp;gc_cont=0.399;conf=100.00;score=166.92;cscore=144.56;sscore=22.37;rscore=13.58;uscore=3.08;tscore=4.47;
NZ_CADHBV010000001.1	Prodigal_v2.6.3	CDS	156273	156914	118.7	-	0	ID=1_148;partial=00;start_type=ATG;rbs_motif=AGGA;rbs_spacer=5-10bp;gc_cont=0.402;conf=100.00;score=118.73;cscore=100.43;sscore=18.30;rscore=12.54;uscore=-1.08;tscore=4.47;
NZ_CADHBV010000001.1	Prodigal_v2.6.3	CDS	156914	158143	128.5	-	0	ID=1_149;partial=00;start_type=ATG;rbs_motif=None;rbs_spacer=None;gc_cont=0.376;conf=100.00;score=128.48;cscore=131.38;sscore=-2.90;rscore=-6.18;uscore=-0.54;tscore=4.47;
NZ_CADHBV010000001.1	Prodigal_v2.6.3	CDS	158419	159120	96.8	+	0	ID=1_150;partial=00;start_type=TTG;rbs_motif=3Base/5BMM;rbs_spacer=13-15bp;gc_cont=0.387;conf=100.00;score=96.78;cscore=109.83;sscore=-13.05;rscore=-5.81;uscore=-0.93;tscore=-6.31;
NZ_CADHBV010000001.1	Prodigal_v2.6.3	CDS	159130	160635	283.0	+	0	ID=1_151;partial=00;start_type=ATG;rbs_motif=GGA/GAG/AGG;rbs_spacer=5-10bp;gc_cont=0.396;conf=99.99;score=283.02;cscore=277.17;sscore=5.84;rscore=3.13;uscore=-2.94;tscore=4.47;
NZ_CADHBV010000001.1	Prodigal_v2.6.3	CDS	160635	161885	206.8	+	0	ID=1_152;partial=00;start_type=ATG;rbs_motif=GGA/GAG/AGG;rbs_spacer=5-10bp;gc_cont=0.409;conf=99.99;score=206.80;cscore=195.15;sscore=11.65;rscore=3.13;uscore=2.76;tscore=4.47;
NZ_CADHBV010000001.1	Prodigal_v2.6.3	CDS	161896	162438	81.2	+	0	ID=1_153;partial=00;start_type=ATG;rbs_motif=GGAG/GAGG;rbs_spacer=5-10bp;gc_cont=0.398;conf=100.00;score=81.17;cscore=71.00;sscore=10.17;rscore=6.22;uscore=-1.68;tscore=4.47;
NZ_CADHBV010000001.1	Prodigal_v2.6.3	CDS	162460	163263	171.7	+	0	ID=1_154;partial=00;start_type=ATG;rbs_motif=AGGA;rbs_spacer=5-10bp;gc_cont=0.389;conf=100.00;score=171.66;cscore=153.81;sscore=17.85;rscore=12.54;uscore=-0.21;tscore=4.47;
NZ_CADHBV010000001.1	Prodigal_v2.6.3	CDS	163658	165355	195.1	-	0	ID=1_155;partial=00;start_type=GTG;rbs_motif=AGGAG;rbs_spacer=5-10bp;gc_cont=0.406;conf=99.99;score=195.07;cscore=188.78;sscore=6.29;rscore=13.58;uscore=0.92;tscore=-7.55;
NZ_CADHBV010000001.1	Prodigal_v2.6.3	CDS	165512	166045	81.5	+	0	ID=1_156;partial=00;start_type=ATG;rbs_motif=GGA/GAG/AGG;rbs_spacer=5-10bp;gc_cont=0.416;conf=100.00;score=81.46;cscore=72.82;sscore=8.64;rscore=3.13;uscore=1.03;tscore=4.47;
NZ_CADHBV010000001.1	Prodigal_v2.6.3	CDS	166051	167559	179.9	-	0	ID=1_157;partial=00;start_type=TTG;rbs_motif=None;rbs_spacer=None;gc_cont=0.382;conf=99.99;score=179.87;cscore=190.91;sscore=-11.04;rscore=-6.18;uscore=0.35;tscore=-6.31;
NZ_CADHBV010000001.1	Prodigal_v2.6.3	CDS	167576	168313	117.8	-	0	ID=1_158;partial=00;start_type=ATG;rbs_motif=AGGAG;rbs_spacer=5-10bp;gc_cont=0.446;conf=100.00;score=117.77;cscore=98.23;sscore=19.54;rscore=13.58;uscore=0.24;tscore=4.47;
NZ_CADHBV010000001.1	Prodigal_v2.6.3	CDS	168306	170408	368.9	-	0	ID=1_159;partial=00;start_type=TTG;rbs_motif=GGAG/GAGG;rbs_spacer=5-10bp;gc_cont=0.465;conf=99.99;score=368.88;cscore=367.58;sscore=1.30;rscore=6.22;uscore=1.39;tscore=-6.31;
NZ_CADHBV010000001.1	Prodigal_v2.6.3	CDS	170460	171227	115.9	-	0	ID=1_160;partial=00;start_type=ATG;rbs_motif=AGGAG;rbs_spacer=5-10bp;gc_cont=0.404;conf=100.00;score=115.88;cscore=98.07;sscore=17.81;rscore=13.58;uscore=0.41;tscore=4.47;
NZ_CADHBV010000001.1	Prodigal_v2.6.3	CDS	171435	172139	128.4	+	0	ID=1_161;partial=00;start_type=ATG;rbs_motif=AGGA;rbs_spacer=5-10bp;gc_cont=0.353;conf=100.00;score=128.44;cscore=110.21;sscore=18.23;rscore=12.54;uscore=1.22;tscore=4.47;
NZ_CADHBV010000001.1	Prodigal_v2.6.3	CDS	172149	172982	165.3	+	0	ID=1_162;partial=00;start_type=ATG;rbs_motif=AGGA;rbs_spacer=5-10bp;gc_cont=0.426;conf=100.00;score=165.26;cscore=142.16;sscore=23.10;rscore=12.54;uscore=4.91;tscore=4.47;
NZ_CADHBV010000001.1	Prodigal_v2.6.3	CDS	172982	173992	187.1	+	0	ID=1_163;partial=00;start_type=ATG;rbs_motif=GGA/GAG/AGG;rbs_spacer=5-10bp;gc_cont=0.417;conf=99.99;score=187.06;cscore=178.17;sscore=8.89;rscore=3.13;uscore=-1.87;tscore=4.47;
NZ_CADHBV010000001.1	Prodigal_v2.6.3	CDS	174057	175214	222.4	+	0	ID=1_164;partial=00;start_type=ATG;rbs_motif=AGGA;rbs_spacer=5-10bp;gc_cont=0.448;conf=99.99;score=222.42;cscore=204.53;sscore=17.89;rscore=12.54;uscore=0.88;tscore=4.47;
NZ_CADHBV010000001.1	Prodigal_v2.6.3	CDS	175281	175694	73.2	+	0	ID=1_165;partial=00;start_type=TTG;rbs_motif=AGGAG;rbs_spacer=5-10bp;gc_cont=0.425;conf=100.00;score=73.18;cscore=61.81;sscore=11.37;rscore=13.58;uscore=4.10;tscore=-6.31;
NZ_CADHBV010000001.1	Prodigal_v2.6.3	CDS	175720	176076	46.9	+	0	ID=1_166;partial=00;start_type=ATG;rbs_motif=None;rbs_spacer=None;gc_cont=0.387;conf=100.00;score=46.89;cscore=50.84;sscore=-3.95;rscore=-6.18;uscore=-3.24;tscore=4.47;
NZ_CADHBV010000001.1	Prodigal_v2.6.3	CDS	176092	176238	15.0	+	0	ID=1_167;partial=00;start_type=ATG;rbs_motif=AGGAG;rbs_spacer=5-10bp;gc_cont=0.422;conf=96.90;score=14.97;cscore=2.89;sscore=12.08;rscore=7.82;uscore=0.58;tscore=2.58;
NZ_CADHBV010000001.1	Prodigal_v2.6.3	CDS	176316	177335	188.3	+	0	ID=1_168;partial=00;start_type=ATG;rbs_motif=AGGA;rbs_spacer=5-10bp;gc_cont=0.436;conf=99.99;score=188.28;cscore=171.74;sscore=16.55;rscore=12.54;uscore=-0.47;tscore=4.47;
NZ_CADHBV010000001.1	Prodigal_v2.6.3	CDS	177360	178352	167.9	+	0	ID=1_169;partial=00;start_type=ATG;rbs_motif=GGA/GAG/AGG;rbs_spacer=5-10bp;gc_cont=0.434;conf=100.00;score=167.91;cscore=159.18;sscore=8.73;rscore=3.13;uscore=0.12;tscore=4.47;
NZ_CADHBV010000001.1	Prodigal_v2.6.3	CDS	178372	178674	40.4	+	0	ID=1_170;partial=00;start_type=ATG;rbs_motif=AGGAG;rbs_spacer=5-10bp;gc_cont=0.399;conf=99.99;score=40.36;cscore=21.40;sscore=18.96;rscore=13.58;uscore=-0.16;tscore=4.47;
NZ_CADHBV010000001.1	Prodigal_v2.6.3	CDS	178963	179346	65.9	-	0	ID=1_171;partial=00;start_type=ATG;rbs_motif=AGGA;rbs_spacer=5-10bp;gc_cont=0.391;conf=100.00;score=65.92;cscore=45.04;sscore=20.88;rscore=12.54;uscore=3.86;tscore=4.47;
NZ_CADHBV010000001.1	Prodigal_v2.6.3	CDS	179420	182518	353.9	-	0	ID=1_172;partial=00;start_type=ATG;rbs_motif=AGGA;rbs_spacer=5-10bp;gc_cont=0.322;conf=99.99;score=353.89;cscore=333.95;sscore=19.93;rscore=12.54;uscore=3.57;tscore=4.47;
NZ_CADHBV010000001.1	Prodigal_v2.6.3	CDS	182615	183721	216.3	+	0	ID=1_173;partial=00;start_type=ATG;rbs_motif=AGGA;rbs_spacer=5-10bp;gc_cont=0.435;conf=99.99;score=216.29;cscore=195.70;sscore=20.59;rscore=12.54;uscore=3.57;tscore=4.47;
NZ_CADHBV010000001.1	Prodigal_v2.6.3	CDS	183780	184904	114.1	-	0	ID=1_174;partial=00;start_type=TTG;rbs_motif=None;rbs_spacer=None;gc_cont=0.364;conf=100.00;score=114.11;cscore=124.69;sscore=-10.58;rscore=-6.18;uscore=0.89;tscore=-6.31;
NZ_CADHBV010000001.1	Prodigal_v2.6.3	CDS	184928	185041	14.0	-	0	ID=1_175;partial=00;start_type=ATG;rbs_motif=AGGA;rbs_spacer=5-10bp;gc_cont=0.430;conf=96.18;score=14.03;cscore=9.50;sscore=4.53;rscore=5.57;uscore=-2.37;tscore=1.99;
NZ_CADHBV010000001.1	Prodigal_v2.6.3	CDS	185190	186542	156.8	+	0	ID=1_176;partial=00;start_type=GTG;rbs_motif=3Base/5BMM;rbs_spacer=13-15bp;gc_cont=0.401;conf=100.00;score=156.77;cscore=167.10;sscore=-10.33;rscore=-5.81;uscore=3.04;tscore=-7.55;
NZ_CADHBV010000001.1	Prodigal_v2.6.3	CDS	186647	188512	380.7	+	0	ID=1_177;partial=00;start_type=ATG;rbs_motif=AGGA;rbs_spacer=5-10bp;gc_cont=0.378;conf=99.99;score=380.71;cscore=359.04;sscore=21.67;rscore=12.54;uscore=4.65;tscore=4.47;
NZ_CADHBV010000001.1	Prodigal_v2.6.3	CDS	188839	189591	113.1	-	0	ID=1_178;partial=00;start_type=ATG;rbs_motif=AGGAG;rbs_spacer=5-10bp;gc_cont=0.402;conf=100.00;score=113.10;cscore=92.62;sscore=20.48;rscore=13.58;uscore=3.08;tscore=4.47;
NZ_CADHBV010000001.1	Prodigal_v2.6.3	CDS	190053	191219	210.4	-	0	ID=1_179;partial=00;start_type=ATG;rbs_motif=AGGA;rbs_spacer=5-10bp;gc_cont=0.416;conf=99.99;score=210.40;cscore=192.29;sscore=18.11;rscore=12.54;uscore=-0.06;tscore=4.47;
NZ_CADHBV010000001.1	Prodigal_v2.6.3	CDS	191230	193095	332.7	-	0	ID=1_180;partial=00;start_type=GTG;rbs_motif=AGGA;rbs_spacer=5-10bp;gc_cont=0.421;conf=99.99;score=332.68;cscore=324.88;sscore=7.80;rscore=12.54;uscore=3.46;tscore=-7.55;
NZ_CADHBV010000001.1	Prodigal_v2.6.3	CDS	193191	194849	238.7	+	0	ID=1_181;partial=00;start_type=ATG;rbs_motif=GGA/GAG/AGG;rbs_spacer=5-10bp;gc_cont=0.433;conf=99.99;score=238.67;cscore=228.71;sscore=9.96;rscore=3.13;uscore=2.36;tscore=4.47;
NZ_CADHBV010000001.1	Prodigal_v2.6.3	CDS	194862	195662	131.1	+	0	ID=1_182;partial=00;start_type=GTG;rbs_motif=AGGA;rbs_spacer=5-10bp;gc_cont=0.452;conf=100.00;score=131.08;cscore=122.34;sscore=8.74;rscore=12.54;uscore=2.61;tscore=-7.55;
NZ_CADHBV010000001.1	Prodigal_v2.6.3	CDS	195663	196763	190.4	+	0	ID=1_183;partial=00;start_type=ATG;rbs_motif=GGA/GAG/AGG;rbs_spacer=5-10bp;gc_cont=0.421;conf=99.99;score=190.37;cscore=183.89;sscore=6.49;rscore=3.13;uscore=-2.39;tscore=4.47;
NZ_CADHBV010000001.1	Prodigal_v2.6.3	CDS	196944	197495	90.2	-	0	ID=1_184;partial=00;start_type=ATG;rbs_motif=GGA/GAG/AGG;rbs_spacer=5-10bp;gc_cont=0.429;conf=100.00;score=90.22;cscore=79.52;sscore=10.70;rscore=3.13;uscore=3.75;tscore=4.47;
NZ_CADHBV010000001.1	Prodigal_v2.6.3	CDS	197640	198101	56.8	+	0	ID=1_185;partial=00;start_type=ATG;rbs_motif=None;rbs_spacer=None;gc_cont=0.392;conf=100.00;score=56.82;cscore=54.76;sscore=2.06;rscore=-6.18;uscore=3.77;tscore=4.47;
NZ_CADHBV010000001.1	Prodigal_v2.6.3	CDS	198273	199436	211.3	+	0	ID=1_186;partial=00;start_type=TTG;rbs_motif=AGGAG;rbs_spacer=5-10bp;gc_cont=0.440;conf=99.99;score=211.34;cscore=199.72;sscore=11.62;rscore=13.58;uscore=4.35;tscore=-6.31;
NZ_CADHBV010000001.1	Prodigal_v2.6.3	CDS	199458	200438	204.0	+	0	ID=1_187;partial=00;start_type=ATG;rbs_motif=AGGA;rbs_spacer=5-10bp;gc_cont=0.440;conf=99.99;score=203.98;cscore=182.16;sscore=21.81;rscore=12.54;uscore=3.76;tscore=4.47;
NZ_CADHBV010000001.1	Prodigal_v2.6.3	CDS	200598	200831	41.8	+	0	ID=1_188;partial=00;start_type=ATG;rbs_motif=AGGA;rbs_spacer=5-10bp;gc_cont=0.350;conf=99.99;score=41.85;cscore=27.12;sscore=14.73;rscore=11.59;uscore=-0.99;tscore=4.13;
NZ_CADHBV010000001.1	Prodigal_v2.6.3	CDS	200943	202289	204.6	+	0	ID=1_189;partial=00;start_type=TTG;rbs_motif=GGA/GAG/AGG;rbs_spacer=5-10bp;gc_cont=0.427;conf=99.99;score=204.64;cscore=208.47;sscore=-3.83;rscore=3.13;uscore=-0.66;tscore=-6.31;
NZ_CADHBV010000001.1	Prodigal_v2.6.3	CDS	202460	203482	216.9	+	0	ID=1_190;partial=00;start_type=ATG;rbs_motif=AGGAG;rbs_spacer=5-10bp;gc_cont=0.411;conf=99.99;score=216.88;cscore=195.72;sscore=21.16;rscore=13.58;uscore=3.11;tscore=4.47;
NZ_CADHBV010000001.1	Prodigal_v2.6.3	CDS	203858	204691	136.0	-	0	ID=1_191;partial=00;start_type=ATG;rbs_motif=GGAG/GAGG;rbs_spacer=5-10bp;gc_cont=0.434;conf=100.00;score=135.96;cscore=121.30;sscore=14.66;rscore=6.22;uscore=4.63;tscore=4.47;
NZ_CADHBV010000001.1	Prodigal_v2.6.3	CDS	204902	206983	323.9	-	0	ID=1_192;partial=00;start_type=ATG;rbs_motif=AGGAG;rbs_spacer=5-10bp;gc_cont=0.424;conf=99.99;score=323.94;cscore=303.77;sscore=20.17;rscore=13.58;uscore=2.77;tscore=4.47;
NZ_CADHBV010000001.1	Prodigal_v2.6.3	CDS	207238	208395	178.4	+	0	ID=1_193;partial=00;start_type=ATG;rbs_motif=None;rbs_spacer=None;gc_cont=0.416;conf=99.99;score=178.42;cscore=178.01;sscore=0.41;rscore=-6.18;uscore=2.12;tscore=4.47;
NZ_CADHBV010000001.1	Prodigal_v2.6.3	CDS	208632	210083	209.5	-	0	ID=1_194;partial=00;start_type=ATG;rbs_motif=AGGA;rbs_spacer=5-10bp;gc_cont=0.415;conf=99.99;score=209.48;cscore=189.84;sscore=19.64;rscore=12.54;uscore=3.28;tscore=4.47;
NZ_CADHBV010000001.1	Prodigal_v2.6.3	CDS	210276	211007	122.3	-	0	ID=1_195;partial=00;start_type=ATG;rbs_motif=GGA/GAG/AGG;rbs_spacer=5-10bp;gc_cont=0.384;conf=100.00;score=122.33;cscore=117.18;sscore=5.15;rscore=3.13;uscore=-1.81;tscore=4.47;
NZ_CADHBV010000001.1	Prodigal_v2.6.3	CDS	211120	211917	150.8	+	0	ID=1_196;partial=00;start_type=ATG;rbs_motif=AGGAG;rbs_spacer=5-10bp;gc_cont=0.405;conf=100.00;score=150.75;cscore=132.36;sscore=18.39;rscore=13.58;uscore=0.34;tscore=4.47;
NZ_CADHBV010000001.1	Prodigal_v2.6.3	CDS	211933	212583	101.4	+	0	ID=1_197;partial=00;start_type=ATG;rbs_motif=GGA/GAG/AGG;rbs_spacer=5-10bp;gc_cont=0.464;conf=100.00;score=101.41;cscore=91.59;sscore=9.82;rscore=3.13;uscore=1.10;tscore=4.47;
NZ_CADHBV010000001.1	Prodigal_v2.6.3	CDS	212604	213776	216.1	+	0	ID=1_198;partial=00;start_type=ATG;rbs_motif=GGA/GAG/AGG;rbs_spacer=5-10bp;gc_cont=0.396;conf=99.99;score=216.07;cscore=207.09;sscore=8.98;rscore=3.13;uscore=0.32;tscore=4.47;
NZ_CADHBV010000001.1	Prodigal_v2.6.3	CDS	213776	214306	74.2	+	0	ID=1_199;partial=00;start_type=ATG;rbs_motif=GGA/GAG/AGG;rbs_spacer=5-10bp;gc_cont=0.407;conf=100.00;score=74.25;cscore=64.91;sscore=9.34;rscore=3.13;uscore=0.45;tscore=4.47;
NZ_CADHBV010000001.1	Prodigal_v2.6.3	CDS	215076	216143	173.6	-	0	ID=1_200;partial=00;start_type=ATG;rbs_motif=AGxAGG/AGGxGG;rbs_spacer=5-10bp;gc_cont=0.409;conf=100.00;score=173.62;cscore=162.48;sscore=11.15;rscore=4.39;uscore=2.28;tscore=4.47;
NZ_CADHBV010000001.1	Prodigal_v2.6.3	CDS	216237	216614	71.7	-	0	ID=1_201;partial=00;start_type=ATG;rbs_motif=3Base/5BMM;rbs_spacer=13-15bp;gc_cont=0.386;conf=100.00;score=71.70;cscore=64.98;sscore=6.72;rscore=-5.81;uscore=0.96;tscore=4.47;
NZ_CADHBV010000001.1	Prodigal_v2.6.3	CDS	216614	217534	170.3	-	0	ID=1_202;partial=00;start_type=GTG;rbs_motif=AGxAGG/AGGxGG;rbs_spacer=5-10bp;gc_cont=0.430;conf=100.00;score=170.28;cscore=171.36;sscore=-1.08;rscore=4.39;uscore=0.92;tscore=-7.55;
NZ_CADHBV010000001.1	Prodigal_v2.6.3	CDS	217545	219278	326.8	-	0	ID=1_203;partial=00;start_type=ATG;rbs_motif=GGAG/GAGG;rbs_spacer=5-10bp;gc_cont=0.410;conf=99.99;score=326.78;cscore=312.33;sscore=14.44;rscore=6.22;uscore=2.52;tscore=4.47;
NZ_CADHBV010000001.1	Prodigal_v2.6.3	CDS	219282	220631	209.3	-	0	ID=1_204;partial=00;start_type=ATG;rbs_motif=AGGA;rbs_spacer=5-10bp;gc_cont=0.387;conf=99.99;score=209.27;cscore=189.74;sscore=19.53;rscore=12.54;uscore=1.23;tscore=4.47;
NZ_CADHBV010000001.1	Prodigal_v2.6.3	CDS	220631	221554	167.6	-	0	ID=1_205;partial=00;start_type=ATG;rbs_motif=AGGA;rbs_spacer=5-10bp;gc_cont=0.377;conf=100.00;score=167.58;cscore=152.01;sscore=15.57;rscore=12.54;uscore=-2.62;tscore=4.47;
NZ_CADHBV010000001.1	Prodigal_v2.6.3	CDS	221564	221959	40.7	-	0	ID=1_206;partial=00;start_type=ATG;rbs_motif=None;rbs_spacer=None;gc_cont=0.336;conf=99.99;score=40.71;cscore=42.42;sscore=-1.71;rscore=-6.18;uscore=-1.25;tscore=4.47;
NZ_CADHBV010000001.1	Prodigal_v2.6.3	CDS	221952	222236	33.9	-	0	ID=1_207;partial=00;start_type=ATG;rbs_motif=AGxAG;rbs_spacer=5-10bp;gc_cont=0.354;conf=99.96;score=33.92;cscore=33.76;sscore=0.17;rscore=-3.49;uscore=-1.87;tscore=4.47;
NZ_CADHBV010000001.1	Prodigal_v2.6.3	CDS	222257	222691	97.9	-	0	ID=1_208;partial=00;start_type=ATG;rbs_motif=AGGA;rbs_spacer=5-10bp;gc_cont=0.375;conf=100.00;score=97.93;cscore=76.47;sscore=21.45;rscore=12.54;uscore=5.09;tscore=4.47;
NZ_CADHBV010000001.1	Prodigal_v2.6.3	CDS	222895	224040	208.1	-	0	ID=1_209;partial=00;start_type=ATG;rbs_motif=None;rbs_spacer=None;gc_cont=0.372;conf=99.99;score=208.07;cscore=199.82;sscore=8.25;rscore=-6.18;uscore=2.48;tscore=4.47;
NZ_CADHBV010000001.1	Prodigal_v2.6.3	CDS	224037	224354	64.1	-	0	ID=1_210;partial=00;start_type=ATG;rbs_motif=GGAG/GAGG;rbs_spacer=5-10bp;gc_cont=0.349;conf=100.00;score=64.11;cscore=52.13;sscore=11.98;rscore=6.22;uscore=-4.93;tscore=4.47;
NZ_CADHBV010000001.1	Prodigal_v2.6.3	CDS	224351	225379	157.3	-	0	ID=1_211;partial=00;start_type=TTG;rbs_motif=GGA/GAG/AGG;rbs_spacer=5-10bp;gc_cont=0.417;conf=100.00;score=157.32;cscore=156.82;sscore=0.50;rscore=3.13;uscore=4.33;tscore=-6.31;
NZ_CADHBV010000001.1	Prodigal_v2.6.3	CDS	225568	227046	241.6	+	0	ID=1_212;partial=00;start_type=ATG;rbs_motif=AGGA/GGAG/GAGG;rbs_spacer=11-12bp;gc_cont=0.434;conf=99.99;score=241.60;cscore=230.05;sscore=11.55;rscore=3.25;uscore=3.83;tscore=4.47;
NZ_CADHBV010000001.1	Prodigal_v2.6.3	CDS	227067	228155	207.5	+	0	ID=1_213;partial=00;start_type=ATG;rbs_motif=AGGA;rbs_spacer=5-10bp;gc_cont=0.445;conf=99.99;score=207.46;cscore=186.88;sscore=20.58;rscore=12.54;uscore=2.51;tscore=4.47;
NZ_CADHBV010000001.1	Prodigal_v2.6.3	CDS	228162	228701	46.5	+	0	ID=1_214;partial=00;start_type=ATG;rbs_motif=GGA/GAG/AGG;rbs_spacer=11-12bp;gc_cont=0.363;conf=100.00;score=46.51;cscore=42.30;sscore=4.21;rscore=-2.12;uscore=0.65;tscore=4.47;
NZ_CADHBV010000001.1	Prodigal_v2.6.3	CDS	228750	230300	269.3	-	0	ID=1_215;partial=00;start_type=ATG;rbs_motif=AGxAGG/AGGxGG;rbs_spacer=3-4bp;gc_cont=0.410;conf=99.99;score=269.29;cscore=260.03;sscore=9.26;rscore=5.52;uscore=-1.90;tscore=4.47;
NZ_CADHBV010000001.1	Prodigal_v2.6.3	CDS	230310	231326	150.0	-	0	ID=1_216;partial=00;start_type=GTG;rbs_motif=GGAG/GAGG;rbs_spacer=5-10bp;gc_cont=0.426;conf=100.00;score=149.96;cscore=149.60;sscore=0.37;rscore=6.22;uscore=2.36;tscore=-7.55;
NZ_CADHBV010000001.1	Prodigal_v2.6.3	CDS	231672	233120	206.9	+	0	ID=1_217;partial=00;start_type=TTG;rbs_motif=AGGA;rbs_spacer=5-10bp;gc_cont=0.411;conf=99.99;score=206.85;cscore=198.12;sscore=8.74;rscore=12.54;uscore=2.50;tscore=-6.31;
NZ_CADHBV010000001.1	Prodigal_v2.6.3	CDS	233133	234542	211.4	+	0	ID=1_218;partial=00;start_type=ATG;rbs_motif=AGGA;rbs_spacer=5-10bp;gc_cont=0.417;conf=99.99;score=211.44;cscore=196.80;sscore=14.64;rscore=12.54;uscore=-3.51;tscore=4.47;
NZ_CADHBV010000001.1	Prodigal_v2.6.3	CDS	234641	235876	246.8	+	0	ID=1_219;partial=00;start_type=ATG;rbs_motif=AGGA;rbs_spacer=5-10bp;gc_cont=0.443;conf=99.99;score=246.84;cscore=229.21;sscore=17.63;rscore=12.54;uscore=0.61;tscore=4.47;
NZ_CADHBV010000001.1	Prodigal_v2.6.3	CDS	235873	236301	81.2	+	0	ID=1_220;partial=00;start_type=ATG;rbs_motif=3Base/5BMM;rbs_spacer=13-15bp;gc_cont=0.343;conf=100.00;score=81.21;cscore=75.45;sscore=5.77;rscore=-5.81;uscore=-1.98;tscore=4.47;
NZ_CADHBV010000001.1	Prodigal_v2.6.3	CDS	236294	236962	121.4	+	0	ID=1_221;partial=00;start_type=ATG;rbs_motif=AGxAGG/AGGxGG;rbs_spacer=5-10bp;gc_cont=0.390;conf=100.00;score=121.41;cscore=111.53;sscore=9.89;rscore=4.39;uscore=-0.22;tscore=4.47;
NZ_CADHBV010000001.1	Prodigal_v2.6.3	CDS	236962	238005	136.0	+	0	ID=1_222;partial=00;start_type=ATG;rbs_motif=GGA/GAG/AGG;rbs_spacer=5-10bp;gc_cont=0.414;conf=100.00;score=136.02;cscore=126.43;sscore=9.59;rscore=3.13;uscore=0.70;tscore=4.47;
NZ_CADHBV010000001.1	Prodigal_v2.6.3	CDS	238018	239280	200.0	+	0	ID=1_223;partial=00;start_type=ATG;rbs_motif=AGxAGG/AGGxGG;rbs_spacer=5-10bp;gc_cont=0.403;conf=99.99;score=199.99;cscore=191.71;sscore=8.28;rscore=4.39;uscore=-1.72;tscore=4.47;
NZ_CADHBV010000001.1	Prodigal_v2.6.3	CDS	239299	240471	142.7	-	0	ID=1_224;partial=00;start_type=TTG;rbs_motif=GGA/GAG/AGG;rbs_spacer=5-10bp;gc_cont=0.321;conf=100.00;score=142.74;cscore=144.39;sscore=-1.65;rscore=3.13;uscore=0.28;tscore=-6.31;
NZ_CADHBV010000001.1	Prodigal_v2.6.3	CDS	240464	241078	70.4	-	0	ID=1_225;partial=00;start_type=ATG;rbs_motif=GGA/GAG/AGG;rbs_spacer=5-10bp;gc_cont=0.306;conf=100.00;score=70.42;cscore=59.77;sscore=10.65;rscore=3.13;uscore=3.70;tscore=4.47;
NZ_CADHBV010000001.1	Prodigal_v2.6.3	CDS	241238	241561	38.5	+	0	ID=1_226;partial=00;start_type=ATG;rbs_motif=None;rbs_spacer=None;gc_cont=0.312;conf=99.99;score=38.46;cscore=38.95;sscore=-0.50;rscore=-6.18;uscore=1.21;tscore=4.47;
NZ_CADHBV010000001.1	Prodigal_v2.6.3	CDS	241951	242709	96.1	+	0	ID=1_227;partial=00;start_type=ATG;rbs_motif=GGA/GAG/AGG;rbs_spacer=5-10bp;gc_cont=0.385;conf=100.00;score=96.07;cscore=86.32;sscore=9.75;rscore=3.13;uscore=2.15;tscore=4.47;
NZ_CADHBV010000001.1	Prodigal_v2.6.3	CDS	242782	245352	527.0	+	0	ID=1_228;partial=00;start_type=ATG;rbs_motif=AGGA;rbs_spacer=5-10bp;gc_cont=0.414;conf=99.99;score=527.00;cscore=505.72;sscore=21.28;rscore=12.54;uscore=4.27;tscore=4.47;
NZ_CADHBV010000001.1	Prodigal_v2.6.3	CDS	245409	246128	95.6	+	0	ID=1_229;partial=00;start_type=ATG;rbs_motif=AGGA;rbs_spacer=5-10bp;gc_cont=0.388;conf=100.00;score=95.62;cscore=74.73;sscore=20.89;rscore=12.54;uscore=3.21;tscore=4.47;
NZ_CADHBV010000001.1	Prodigal_v2.6.3	CDS	246138	247274	201.2	+	0	ID=1_230;partial=00;start_type=ATG;rbs_motif=AGGAG;rbs_spacer=5-10bp;gc_cont=0.383;conf=99.99;score=201.20;cscore=181.70;sscore=19.50;rscore=13.58;uscore=0.27;tscore=4.47;
NZ_CADHBV010000001.1	Prodigal_v2.6.3	CDS	247259	248488	223.3	+	0	ID=1_231;partial=00;start_type=ATG;rbs_motif=AGGAG;rbs_spacer=5-10bp;gc_cont=0.402;conf=99.99;score=223.29;cscore=201.58;sscore=21.71;rscore=13.58;uscore=2.50;tscore=4.47;
NZ_CADHBV010000001.1	Prodigal_v2.6.3	CDS	248549	248791	47.2	+	0	ID=1_232;partial=00;start_type=ATG;rbs_motif=AGGA;rbs_spacer=5-10bp;gc_cont=0.374;conf=100.00;score=47.21;cscore=27.66;sscore=19.55;rscore=12.04;uscore=3.21;tscore=4.29;
NZ_CADHBV010000001.1	Prodigal_v2.6.3	CDS	248801	250114	196.1	+	0	ID=1_233;partial=00;start_type=TTG;rbs_motif=GGA/GAG/AGG;rbs_spacer=5-10bp;gc_cont=0.427;conf=99.99;score=196.12;cscore=195.65;sscore=0.47;rscore=3.13;uscore=2.47;tscore=-6.31;
NZ_CADHBV010000001.1	Prodigal_v2.6.3	CDS	250153	250806	64.2	+	0	ID=1_234;partial=00;start_type=TTG;rbs_motif=GGA/GAG/AGG;rbs_spacer=5-10bp;gc_cont=0.424;conf=100.00;score=64.22;cscore=67.67;sscore=-3.45;rscore=3.13;uscore=-1.14;tscore=-6.31;
NZ_CADHBV010000001.1	Prodigal_v2.6.3	CDS	250769	251779	159.2	+	0	ID=1_235;partial=00;start_type=TTG;rbs_motif=GGA/GAG/AGG;rbs_spacer=5-10bp;gc_cont=0.363;conf=100.00;score=159.23;cscore=161.78;sscore=-2.55;rscore=3.13;uscore=0.63;tscore=-6.31;
NZ_CADHBV010000001.1	Prodigal_v2.6.3	CDS	251769	252302	70.2	+	0	ID=1_236;partial=00;start_type=ATG;rbs_motif=GGAG/GAGG;rbs_spacer=5-10bp;gc_cont=0.371;conf=100.00;score=70.16;cscore=61.06;sscore=9.11;rscore=6.22;uscore=-2.80;tscore=4.47;
NZ_CADHBV010000001.1	Prodigal_v2.6.3	CDS	252299	252838	75.0	+	0	ID=1_237;partial=00;start_type=ATG;rbs_motif=GGAG/GAGG;rbs_spacer=5-10bp;gc_cont=0.356;conf=100.00;score=74.97;cscore=60.48;sscore=14.48;rscore=6.22;uscore=2.50;tscore=4.47;
NZ_CADHBV010000001.1	Prodigal_v2.6.3	CDS	252854	253252	56.6	+	0	ID=1_238;partial=00;start_type=ATG;rbs_motif=GGA/GAG/AGG;rbs_spacer=5-10bp;gc_cont=0.376;conf=100.00;score=56.61;cscore=48.24;sscore=8.37;rscore=3.13;uscore=-0.35;tscore=4.47;
NZ_CADHBV010000001.1	Prodigal_v2.6.3	CDS	253289	254584	232.3	+	0	ID=1_239;partial=00;start_type=ATG;rbs_motif=AGGA;rbs_spacer=5-10bp;gc_cont=0.370;conf=99.99;score=232.33;cscore=212.45;sscore=19.88;rscore=12.54;uscore=1.98;tscore=4.47;
NZ_CADHBV010000001.1	Prodigal_v2.6.3	CDS	254572	255129	93.6	+	0	ID=1_240;partial=00;start_type=ATG;rbs_motif=None;rbs_spacer=None;gc_cont=0.387;conf=100.00;score=93.64;cscore=93.41;sscore=0.23;rscore=-6.18;uscore=0.75;tscore=4.47;
NZ_CADHBV010000001.1	Prodigal_v2.6.3	CDS	255186	255440	61.6	+	0	ID=1_241;partial=00;start_type=ATG;rbs_motif=AGGAG;rbs_spacer=5-10bp;gc_cont=0.420;conf=100.00;score=61.56;cscore=38.12;sscore=23.44;rscore=13.58;uscore=4.72;tscore=4.47;
NZ_CADHBV010000001.1	Prodigal_v2.6.3	CDS	255450	256904	224.3	+	0	ID=1_242;partial=00;start_type=ATG;rbs_motif=GGA/GAG/AGG;rbs_spacer=5-10bp;gc_cont=0.416;conf=99.99;score=224.27;cscore=213.99;sscore=10.28;rscore=3.13;uscore=1.50;tscore=4.47;
NZ_CADHBV010000001.1	Prodigal_v2.6.3	CDS	256901	257923	132.9	+	0	ID=1_243;partial=00;start_type=TTG;rbs_motif=GGA/GAG/AGG;rbs_spacer=5-10bp;gc_cont=0.375;conf=100.00;score=132.93;cscore=134.81;sscore=-1.88;rscore=3.13;uscore=-2.82;tscore=-6.31;
NZ_CADHBV010000001.1	Prodigal_v2.6.3	CDS	257920	258906	169.1	+	0	ID=1_244;partial=00;start_type=ATG;rbs_motif=AGGA;rbs_spacer=5-10bp;gc_cont=0.398;conf=100.00;score=169.11;cscore=146.65;sscore=22.46;rscore=12.54;uscore=4.15;tscore=4.47;
NZ_CADHBV010000001.1	Prodigal_v2.6.3	CDS	259081	260196	179.9	-	0	ID=1_245;partial=00;start_type=ATG;rbs_motif=GGA/GAG/AGG;rbs_spacer=5-10bp;gc_cont=0.431;conf=99.99;score=179.91;cscore=172.06;sscore=7.85;rscore=3.13;uscore=0.90;tscore=4.47;
NZ_CADHBV010000001.1	Prodigal_v2.6.3	CDS	260253	261689	226.5	+	0	ID=1_246;partial=00;start_type=TTG;rbs_motif=AGGA;rbs_spacer=5-10bp;gc_cont=0.371;conf=99.99;score=226.53;cscore=217.95;sscore=8.58;rscore=12.54;uscore=2.35;tscore=-6.31;
NZ_CADHBV010000001.1	Prodigal_v2.6.3	CDS	261694	262725	183.5	+	0	ID=1_247;partial=00;start_type=ATG;rbs_motif=GGAG/GAGG;rbs_spacer=5-10bp;gc_cont=0.372;conf=99.99;score=183.54;cscore=172.47;sscore=11.08;rscore=6.22;uscore=-0.84;tscore=4.47;
NZ_CADHBV010000001.1	Prodigal_v2.6.3	CDS	262716	264287	268.7	+	0	ID=1_248;partial=00;start_type=ATG;rbs_motif=GGA/GAG/AGG;rbs_spacer=5-10bp;gc_cont=0.367;conf=99.99;score=268.72;cscore=259.49;sscore=9.23;rscore=3.13;uscore=0.40;tscore=4.47;
NZ_CADHBV010000001.1	Prodigal_v2.6.3	CDS	264284	265540	214.3	+	0	ID=1_249;partial=00;start_type=ATG;rbs_motif=GGA/GAG/AGG;rbs_spacer=5-10bp;gc_cont=0.393;conf=99.99;score=214.29;cscore=205.39;sscore=8.90;rscore=3.13;uscore=-2.27;tscore=4.47;
NZ_CADHBV010000001.1	Prodigal_v2.6.3	CDS	265527	267179	280.7	+	0	ID=1_250;partial=00;start_type=ATG;rbs_motif=AGGAG;rbs_spacer=5-10bp;gc_cont=0.390;conf=99.99;score=280.74;cscore=256.85;sscore=23.88;rscore=13.58;uscore=4.65;tscore=4.47;
NZ_CADHBV010000001.1	Prodigal_v2.6.3	CDS	267182	267700	64.6	+	0	ID=1_251;partial=00;start_type=ATG;rbs_motif=None;rbs_spacer=None;gc_cont=0.364;conf=100.00;score=64.55;cscore=64.91;sscore=-0.36;rscore=-6.18;uscore=0.10;tscore=4.47;
NZ_CADHBV010000001.1	Prodigal_v2.6.3	CDS	267713	268186	55.5	+	0	ID=1_252;partial=00;start_type=ATG;rbs_motif=GGA/GAG/AGG;rbs_spacer=5-10bp;gc_cont=0.403;conf=100.00;score=55.55;cscore=46.36;sscore=9.18;rscore=3.13;uscore=0.44;tscore=4.47;
NZ_CADHBV010000001.1	Prodigal_v2.6.3	CDS	268253	276973	1347.7	+	0	ID=1_253;partial=00;start_type=ATG;rbs_motif=GGAG/GAGG;rbs_spacer=5-10bp;gc_cont=0.413;conf=99.99;score=1347.65;cscore=1337.67;sscore=9.98;rscore=6.22;uscore=-0.71;tscore=4.47;
NZ_CADHBV010000001.1	Prodigal_v2.6.3	CDS	277021	278238	205.5	+	0	ID=1_254;partial=00;start_type=ATG;rbs_motif=GGA/GAG/AGG;rbs_spacer=5-10bp;gc_cont=0.417;conf=99.99;score=205.50;cscore=194.59;sscore=10.91;rscore=3.13;uscore=2.55;tscore=4.47;
NZ_CADHBV010000001.1	Prodigal_v2.6.3	CDS	278243	278533	36.1	+	0	ID=1_255;partial=00;start_type=ATG;rbs_motif=GGA/GAG/AGG;rbs_spacer=11-12bp;gc_cont=0.333;conf=99.98;score=36.12;cscore=33.35;sscore=2.78;rscore=-2.12;uscore=-0.80;tscore=4.47;
NZ_CADHBV010000001.1	Prodigal_v2.6.3	CDS	278546	279418	150.3	+	0	ID=1_256;partial=00;start_type=ATG;rbs_motif=GGA/GAG/AGG;rbs_spacer=5-10bp;gc_cont=0.356;conf=100.00;score=150.34;cscore=139.32;sscore=11.01;rscore=3.13;uscore=2.27;tscore=4.47;
NZ_CADHBV010000001.1	Prodigal_v2.6.3	CDS	279419	281098	266.1	+	0	ID=1_257;partial=00;start_type=ATG;rbs_motif=None;rbs_spacer=None;gc_cont=0.367;conf=99.99;score=266.09;cscore=267.90;sscore=-1.81;rscore=-6.18;uscore=-1.37;tscore=4.47;
NZ_CADHBV010000001.1	Prodigal_v2.6.3	CDS	281291	282310	152.3	+	0	ID=1_258;partial=00;start_type=ATG;rbs_motif=AGGA;rbs_spacer=5-10bp;gc_cont=0.454;conf=100.00;score=152.32;cscore=134.27;sscore=18.05;rscore=12.54;uscore=1.69;tscore=4.47;
NZ_CADHBV010000001.1	Prodigal_v2.6.3	CDS	282392	284878	496.2	-	0	ID=1_259;partial=00;start_type=ATG;rbs_motif=AGGA;rbs_spacer=5-10bp;gc_cont=0.397;conf=99.99;score=496.23;cscore=476.68;sscore=19.55;rscore=12.54;uscore=3.19;tscore=4.47;
NZ_CADHBV010000001.1	Prodigal_v2.6.3	CDS	285120	285434	54.2	+	0	ID=1_260;partial=00;start_type=ATG;rbs_motif=AGGA;rbs_spacer=5-10bp;gc_cont=0.410;conf=100.00;score=54.22;cscore=35.99;sscore=18.23;rscore=12.54;uscore=1.22;tscore=4.47;
NZ_CADHBV010000001.1	Prodigal_v2.6.3	CDS	285449	285715	46.9	+	0	ID=1_261;partial=00;start_type=ATG;rbs_motif=AGGAG;rbs_spacer=5-10bp;gc_cont=0.453;conf=100.00;score=46.90;cscore=27.73;sscore=19.17;rscore=13.58;uscore=-0.00;tscore=4.47;
NZ_CADHBV010000001.1	Prodigal_v2.6.3	CDS	285832	287481	254.0	+	0	ID=1_262;partial=00;start_type=ATG;rbs_motif=GGAG/GAGG;rbs_spacer=5-10bp;gc_cont=0.407;conf=99.99;score=253.98;cscore=242.19;sscore=11.79;rscore=6.22;uscore=1.11;tscore=4.47;
NZ_CADHBV010000001.1	Prodigal_v2.6.3	CDS	287492	288496	156.3	+	0	ID=1_263;partial=00;start_type=ATG;rbs_motif=GGA/GAG/AGG;rbs_spacer=5-10bp;gc_cont=0.451;conf=100.00;score=156.31;cscore=145.99;sscore=10.32;rscore=3.13;uscore=1.55;tscore=4.47;
NZ_CADHBV010000001.1	Prodigal_v2.6.3	CDS	288496	289353	120.9	+	0	ID=1_264;partial=00;start_type=ATG;rbs_motif=GGA/GAG/AGG;rbs_spacer=5-10bp;gc_cont=0.455;conf=100.00;score=120.88;cscore=109.88;sscore=11.00;rscore=3.13;uscore=2.11;tscore=4.47;
NZ_CADHBV010000001.1	Prodigal_v2.6.3	CDS	289365	290228	176.1	+	0	ID=1_265;partial=00;start_type=ATG;rbs_motif=AGGAG;rbs_spacer=5-10bp;gc_cont=0.428;conf=100.00;score=176.11;cscore=160.19;sscore=15.92;rscore=13.58;uscore=-3.28;tscore=4.47;
NZ_CADHBV010000001.1	Prodigal_v2.6.3	CDS	290225	291031	150.8	+	0	ID=1_266;partial=00;start_type=ATG;rbs_motif=AGGAG;rbs_spacer=5-10bp;gc_cont=0.425;conf=100.00;score=150.80;cscore=131.11;sscore=19.69;rscore=13.58;uscore=0.35;tscore=4.47;
NZ_CADHBV010000001.1	Prodigal_v2.6.3	CDS	291050	292132	187.0	+	0	ID=1_267;partial=00;start_type=GTG;rbs_motif=GGA/GAG/AGG;rbs_spacer=5-10bp;gc_cont=0.440;conf=99.99;score=187.04;cscore=189.70;sscore=-2.67;rscore=3.13;uscore=0.68;tscore=-7.55;
NZ_CADHBV010000001.1	Prodigal_v2.6.3	CDS	292169	293164	94.0	+	0	ID=1_268;partial=00;start_type=ATG;rbs_motif=GGA/GAG/AGG;rbs_spacer=5-10bp;gc_cont=0.422;conf=100.00;score=94.05;cscore=84.84;sscore=9.21;rscore=3.13;uscore=0.72;tscore=4.47;
NZ_CADHBV010000001.1	Prodigal_v2.6.3	CDS	293403	293957	98.1	+	0	ID=1_269;partial=00;start_type=ATG;rbs_motif=AGGA;rbs_spacer=5-10bp;gc_cont=0.395;conf=100.00;score=98.10;cscore=79.58;sscore=18.52;rscore=12.54;uscore=2.16;tscore=4.47;
NZ_CADHBV010000001.1	Prodigal_v2.6.3	CDS	293967	295259	213.1	+	0	ID=1_270;partial=00;start_type=ATG;rbs_motif=GGA/GAG/AGG;rbs_spacer=11-12bp;gc_cont=0.434;conf=99.99;score=213.07;cscore=208.41;sscore=4.66;rscore=-2.12;uscore=1.14;tscore=4.47;
NZ_CADHBV010000001.1	Prodigal_v2.6.3	CDS	295265	295528	24.1	+	0	ID=1_271;partial=00;start_type=TTG;rbs_motif=GGA/GAG/AGG;rbs_spacer=11-12bp;gc_cont=0.390;conf=99.61;score=24.12;cscore=27.64;sscore=-3.52;rscore=-2.12;uscore=3.69;tscore=-6.31;
NZ_CADHBV010000001.1	Prodigal_v2.6.3	CDS	295544	295945	37.5	+	0	ID=1_272;partial=00;start_type=ATG;rbs_motif=None;rbs_spacer=None;gc_cont=0.378;conf=99.98;score=37.51;cscore=33.03;sscore=4.49;rscore=-6.18;uscore=5.09;tscore=4.47;
NZ_CADHBV010000001.1	Prodigal_v2.6.3	CDS	296029	296907	119.3	+	0	ID=1_273;partial=00;start_type=TTG;rbs_motif=GGAG/GAGG;rbs_spacer=5-10bp;gc_cont=0.413;conf=100.00;score=119.32;cscore=113.32;sscore=6.00;rscore=6.22;uscore=6.09;tscore=-6.31;
NZ_CADHBV010000001.1	Prodigal_v2.6.3	CDS	296920	297801	144.8	+	0	ID=1_274;partial=00;start_type=ATG;rbs_motif=AGGAG;rbs_spacer=5-10bp;gc_cont=0.450;conf=100.00;score=144.80;cscore=126.43;sscore=18.37;rscore=13.58;uscore=-0.82;tscore=4.47;
NZ_CADHBV010000001.1	Prodigal_v2.6.3	CDS	297848	298210	36.3	+	0	ID=1_275;partial=00;start_type=ATG;rbs_motif=GGA/GAG/AGG;rbs_spacer=5-10bp;gc_cont=0.408;conf=99.98;score=36.28;cscore=29.86;sscore=6.42;rscore=3.13;uscore=-1.96;tscore=4.47;
NZ_CADHBV010000001.1	Prodigal_v2.6.3	CDS	298210	299172	132.1	+	0	ID=1_276;partial=00;start_type=ATG;rbs_motif=None;rbs_spacer=None;gc_cont=0.415;conf=100.00;score=132.06;cscore=124.93;sscore=7.12;rscore=-6.18;uscore=1.37;tscore=4.47;
NZ_CADHBV010000001.1	Prodigal_v2.6.3	CDS	299178	300323	116.5	-	0	ID=1_277;partial=00;start_type=ATG;rbs_motif=AGGA;rbs_spacer=5-10bp;gc_cont=0.405;conf=100.00;score=116.50;cscore=97.60;sscore=18.90;rscore=12.54;uscore=2.54;tscore=4.47;
NZ_CADHBV010000001.1	Prodigal_v2.6.3	CDS	300822	301577	144.4	-	0	ID=1_278;partial=00;start_type=ATG;rbs_motif=AGGAG;rbs_spacer=5-10bp;gc_cont=0.406;conf=100.00;score=144.37;cscore=125.11;sscore=19.26;rscore=13.58;uscore=1.21;tscore=4.47;
NZ_CADHBV010000001.1	Prodigal_v2.6.3	CDS	301638	303263	295.7	-	0	ID=1_279;partial=00;start_type=ATG;rbs_motif=None;rbs_spacer=None;gc_cont=0.385;conf=99.99;score=295.73;cscore=293.68;sscore=2.05;rscore=-6.18;uscore=2.52;tscore=4.47;
NZ_CADHBV010000001.1	Prodigal_v2.6.3	CDS	303266	303505	51.5	-	0	ID=1_280;partial=00;start_type=ATG;rbs_motif=AGGAG;rbs_spacer=5-10bp;gc_cont=0.404;conf=100.00;score=51.53;cscore=32.99;sscore=18.53;rscore=12.87;uscore=1.42;tscore=4.24;
NZ_CADHBV010000001.1	Prodigal_v2.6.3	CDS	303576	304196	108.5	-	0	ID=1_281;partial=00;start_type=ATG;rbs_motif=AGGA/GGAG/GAGG;rbs_spacer=11-12bp;gc_cont=0.378;conf=100.00;score=108.52;cscore=97.24;sscore=11.28;rscore=3.25;uscore=2.31;tscore=4.47;
NZ_CADHBV010000001.1	Prodigal_v2.6.3	CDS	304189	305565	333.4	-	0	ID=1_282;partial=00;start_type=ATG;rbs_motif=AGGAG;rbs_spacer=5-10bp;gc_cont=0.375;conf=99.99;score=333.36;cscore=312.64;sscore=20.73;rscore=13.58;uscore=3.33;tscore=4.47;
NZ_CADHBV010000001.1	Prodigal_v2.6.3	CDS	305709	306251	107.5	+	0	ID=1_283;partial=00;start_type=ATG;rbs_motif=AGGA;rbs_spacer=5-10bp;gc_cont=0.383;conf=100.00;score=107.52;cscore=87.47;sscore=20.05;rscore=12.54;uscore=3.04;tscore=4.47;
NZ_CADHBV010000001.1	Prodigal_v2.6.3	CDS	306260	306997	112.2	-	0	ID=1_284;partial=00;start_type=TTG;rbs_motif=AGGAG;rbs_spacer=5-10bp;gc_cont=0.402;conf=100.00;score=112.24;cscore=102.46;sscore=9.78;rscore=13.58;uscore=3.16;tscore=-6.31;
NZ_CADHBV010000001.1	Prodigal_v2.6.3	CDS	307129	307842	135.6	+	0	ID=1_285;partial=00;start_type=ATG;rbs_motif=GGA/GAG/AGG;rbs_spacer=5-10bp;gc_cont=0.408;conf=100.00;score=135.59;cscore=124.31;sscore=11.28;rscore=3.13;uscore=3.68;tscore=4.47;
NZ_CADHBV010000001.1	Prodigal_v2.6.3	CDS	307866	308555	92.6	+	0	ID=1_286;partial=00;start_type=ATG;rbs_motif=None;rbs_spacer=None;gc_cont=0.387;conf=100.00;score=92.60;cscore=93.24;sscore=-0.64;rscore=-6.18;uscore=0.05;tscore=4.47;
NZ_CADHBV010000001.1	Prodigal_v2.6.3	CDS	308546	309418	115.9	+	0	ID=1_287;partial=00;start_type=ATG;rbs_motif=None;rbs_spacer=None;gc_cont=0.362;conf=100.00;score=115.92;cscore=114.33;sscore=1.59;rscore=-6.18;uscore=2.08;tscore=4.47;
NZ_CADHBV010000001.1	Prodigal_v2.6.3	CDS	309415	309957	67.5	+	0	ID=1_288;partial=00;start_type=TTG;rbs_motif=AGGA/GGAG/GAGG;rbs_spacer=11-12bp;gc_cont=0.313;conf=100.00;score=67.51;cscore=69.27;sscore=-1.77;rscore=3.25;uscore=-2.02;tscore=-6.31;
NZ_CADHBV010000001.1	Prodigal_v2.6.3	CDS	309890	310828	128.8	-	0	ID=1_289;partial=00;start_type=ATG;rbs_motif=None;rbs_spacer=None;gc_cont=0.380;conf=100.00;score=128.82;cscore=128.00;sscore=0.82;rscore=-6.18;uscore=1.34;tscore=4.47;
NZ_CADHBV010000001.1	Prodigal_v2.6.3	CDS	310815	311606	130.7	-	0	ID=1_290;partial=00;start_type=ATG;rbs_motif=None;rbs_spacer=None;gc_cont=0.380;conf=100.00;score=130.68;cscore=132.07;sscore=-1.39;rscore=-6.18;uscore=0.97;tscore=4.47;
NZ_CADHBV010000001.1	Prodigal_v2.6.3	CDS	311857	312849	170.8	+	0	ID=1_291;partial=00;start_type=TTG;rbs_motif=AGGAG;rbs_spacer=5-10bp;gc_cont=0.411;conf=100.00;score=170.80;cscore=163.45;sscore=7.35;rscore=13.58;uscore=0.07;tscore=-6.31;
NZ_CADHBV010000001.1	Prodigal_v2.6.3	CDS	312873	313679	150.3	+	0	ID=1_292;partial=00;start_type=ATG;rbs_motif=AGGA;rbs_spacer=5-10bp;gc_cont=0.426;conf=100.00;score=150.28;cscore=128.39;sscore=21.89;rscore=12.54;uscore=3.85;tscore=4.47;
NZ_CADHBV010000001.1	Prodigal_v2.6.3	CDS	313676	313909	36.0	+	0	ID=1_293;partial=00;start_type=ATG;rbs_motif=GGA/GAG/AGG;rbs_spacer=5-10bp;gc_cont=0.372;conf=99.97;score=35.95;cscore=27.63;sscore=8.32;rscore=2.89;uscore=-1.20;tscore=4.13;
NZ_CADHBV010000001.1	Prodigal_v2.6.3	CDS	313916	314716	134.7	+	0	ID=1_294;partial=00;start_type=ATG;rbs_motif=None;rbs_spacer=None;gc_cont=0.416;conf=100.00;score=134.73;cscore=136.19;sscore=-1.46;rscore=-6.18;uscore=-0.95;tscore=4.47;
NZ_CADHBV010000001.1	Prodigal_v2.6.3	CDS	314713	315117	51.3	+	0	ID=1_295;partial=00;start_type=GTG;rbs_motif=None;rbs_spacer=None;gc_cont=0.430;conf=100.00;score=51.28;cscore=56.78;sscore=-5.50;rscore=-6.18;uscore=0.76;tscore=-7.55;
NZ_CADHBV010000001.1	Prodigal_v2.6.3	CDS	315314	316021	48.3	+	0	ID=1_296;partial=00;start_type=GTG;rbs_motif=GGA/GAG/AGG;rbs_spacer=5-10bp;gc_cont=0.352;conf=100.00;score=48.30;cscore=53.14;sscore=-4.84;rscore=3.13;uscore=0.24;tscore=-7.55;
NZ_CADHBV010000001.1	Prodigal_v2.6.3	CDS	316137	316475	63.2	+	0	ID=1_297;partial=00;start_type=ATG;rbs_motif=GGA/GAG/AGG;rbs_spacer=5-10bp;gc_cont=0.327;conf=100.00;score=63.21;cscore=53.10;sscore=10.11;rscore=3.13;uscore=2.50;tscore=4.47;
NZ_CADHBV010000001.1	Prodigal_v2.6.3	CDS	316459	317019	72.4	+	0	ID=1_298;partial=00;start_type=ATG;rbs_motif=GGA/GAG/AGG;rbs_spacer=5-10bp;gc_cont=0.376;conf=100.00;score=72.35;cscore=63.50;sscore=8.86;rscore=3.13;uscore=0.10;tscore=4.47;
NZ_CADHBV010000001.1	Prodigal_v2.6.3	CDS	317049	317618	44.5	+	0	ID=1_299;partial=00;start_type=TTG;rbs_motif=None;rbs_spacer=None;gc_cont=0.396;conf=100.00;score=44.46;cscore=58.67;sscore=-14.22;rscore=-6.18;uscore=-2.68;tscore=-6.31;
NZ_CADHBV010000001.1	Prodigal_v2.6.3	CDS	318369	319154	51.6	+	0	ID=1_300;partial=00;start_type=ATG;rbs_motif=GGA/GAG/AGG;rbs_spacer=5-10bp;gc_cont=0.406;conf=100.00;score=51.57;cscore=40.86;sscore=10.71;rscore=3.13;uscore=1.82;tscore=4.47;
NZ_CADHBV010000001.1	Prodigal_v2.6.3	CDS	319144	319233	6.6	+	0	ID=1_301;partial=00;start_type=ATG;rbs_motif=GGA/GAG/AGG;rbs_spacer=5-10bp;gc_cont=0.367;conf=81.94;score=6.58;cscore=2.36;sscore=4.22;rscore=1.09;uscore=0.35;tscore=1.56;
NZ_CADHBV010000001.1	Prodigal_v2.6.3	CDS	319322	320389	104.8	+	0	ID=1_302;partial=00;start_type=ATG;rbs_motif=GGA/GAG/AGG;rbs_spacer=5-10bp;gc_cont=0.314;conf=100.00;score=104.80;cscore=95.08;sscore=9.72;rscore=3.13;uscore=2.11;tscore=4.47;
NZ_CADHBV010000001.1	Prodigal_v2.6.3	CDS	320706	321509	93.1	-	0	ID=1_303;partial=00;start_type=ATG;rbs_motif=GGAG/GAGG;rbs_spacer=5-10bp;gc_cont=0.303;conf=100.00;score=93.13;cscore=82.18;sscore=10.96;rscore=6.22;uscore=0.27;tscore=4.47;
NZ_CADHBV010000001.1	Prodigal_v2.6.3	CDS	321481	321732	28.7	-	0	ID=1_304;partial=00;start_type=ATG;rbs_motif=GGAG/GAGG;rbs_spacer=5-10bp;gc_cont=0.321;conf=99.86;score=28.70;cscore=15.00;sscore=13.69;rscore=6.19;uscore=3.70;tscore=4.45;
NZ_CADHBV010000001.1	Prodigal_v2.6.3	CDS	322105	322545	66.7	-	0	ID=1_305;partial=00;start_type=ATG;rbs_motif=GGA/GAG/AGG;rbs_spacer=5-10bp;gc_cont=0.315;conf=100.00;score=66.65;cscore=57.17;sscore=9.48;rscore=3.13;uscore=2.53;tscore=4.47;
NZ_CADHBV010000001.1	Prodigal_v2.6.3	CDS	322765	323778	119.8	+	0	ID=1_306;partial=00;start_type=ATG;rbs_motif=AGGA;rbs_spacer=5-10bp;gc_cont=0.310;conf=100.00;score=119.83;cscore=100.73;sscore=19.10;rscore=12.54;uscore=2.08;tscore=4.47;
NZ_CADHBV010000001.1	Prodigal_v2.6.3	CDS	323783	325060	120.3	-	0	ID=1_307;partial=00;start_type=ATG;rbs_motif=None;rbs_spacer=None;gc_cont=0.338;conf=100.00;score=120.33;cscore=113.28;sscore=7.05;rscore=-6.18;uscore=1.28;tscore=4.47;
NZ_CADHBV010000001.1	Prodigal_v2.6.3	CDS	325057	326319	108.9	-	0	ID=1_308;partial=00;start_type=ATG;rbs_motif=GGAG/GAGG;rbs_spacer=5-10bp;gc_cont=0.365;conf=100.00;score=108.89;cscore=96.58;sscore=12.31;rscore=6.22;uscore=0.32;tscore=4.47;
NZ_CADHBV010000001.1	Prodigal_v2.6.3	CDS	326316	327749	223.6	-	0	ID=1_309;partial=00;start_type=ATG;rbs_motif=AGGA;rbs_spacer=5-10bp;gc_cont=0.327;conf=99.99;score=223.61;cscore=210.06;sscore=13.54;rscore=12.54;uscore=-4.64;tscore=4.47;
NZ_CADHBV010000001.1	Prodigal_v2.6.3	CDS	327759	329621	321.1	-	0	ID=1_310;partial=00;start_type=ATG;rbs_motif=GGA/GAG/AGG;rbs_spacer=5-10bp;gc_cont=0.345;conf=99.99;score=321.08;cscore=309.26;sscore=11.82;rscore=3.13;uscore=2.93;tscore=4.47;
NZ_CADHBV010000001.1	Prodigal_v2.6.3	CDS	329621	330673	185.3	-	0	ID=1_311;partial=00;start_type=ATG;rbs_motif=AGGAG;rbs_spacer=5-10bp;gc_cont=0.338;conf=99.99;score=185.33;cscore=162.34;sscore=22.99;rscore=13.58;uscore=3.66;tscore=4.47;
NZ_CADHBV010000001.1	Prodigal_v2.6.3	CDS	330674	330838	35.6	-	0	ID=1_312;partial=00;start_type=ATG;rbs_motif=AGGA;rbs_spacer=5-10bp;gc_cont=0.315;conf=99.97;score=35.64;cscore=22.01;sscore=13.63;rscore=8.13;uscore=3.25;tscore=2.90;
NZ_CADHBV010000001.1	Prodigal_v2.6.3	CDS	331476	332144	114.9	+	0	ID=1_313;partial=00;start_type=ATG;rbs_motif=AGGA;rbs_spacer=5-10bp;gc_cont=0.357;conf=100.00;score=114.89;cscore=93.03;sscore=21.86;rscore=12.54;uscore=4.85;tscore=4.47;
NZ_CADHBV010000001.1	Prodigal_v2.6.3	CDS	332191	332568	72.0	+	0	ID=1_314;partial=00;start_type=ATG;rbs_motif=AGGAG;rbs_spacer=5-10bp;gc_cont=0.339;conf=100.00;score=71.98;cscore=49.26;sscore=22.73;rscore=13.58;uscore=3.90;tscore=4.47;
NZ_CADHBV010000001.1	Prodigal_v2.6.3	CDS	332546	333211	116.7	+	0	ID=1_315;partial=00;start_type=ATG;rbs_motif=GGA/GAG/AGG;rbs_spacer=5-10bp;gc_cont=0.290;conf=100.00;score=116.70;cscore=104.54;sscore=12.16;rscore=3.13;uscore=4.56;tscore=4.47;
NZ_CADHBV010000001.1	Prodigal_v2.6.3	CDS	333285	334088	109.1	-	0	ID=1_316;partial=00;start_type=ATG;rbs_motif=GGA/GAG/AGG;rbs_spacer=11-12bp;gc_cont=0.337;conf=100.00;score=109.14;cscore=105.15;sscore=3.99;rscore=-2.12;uscore=1.64;tscore=4.47;
NZ_CADHBV010000001.1	Prodigal_v2.6.3	CDS	334058	334528	62.4	-	0	ID=1_317;partial=00;start_type=ATG;rbs_motif=GGAG/GAGG;rbs_spacer=5-10bp;gc_cont=0.372;conf=100.00;score=62.40;cscore=47.69;sscore=14.71;rscore=6.22;uscore=3.33;tscore=4.47;
NZ_CADHBV010000001.1	Prodigal_v2.6.3	CDS	334582	335169	80.0	-	0	ID=1_318;partial=00;start_type=TTG;rbs_motif=None;rbs_spacer=None;gc_cont=0.313;conf=100.00;score=79.99;cscore=93.08;sscore=-13.09;rscore=-6.18;uscore=-0.60;tscore=-6.31;
NZ_CADHBV010000001.1	Prodigal_v2.6.3	CDS	335271	336641	217.0	-	0	ID=1_319;partial=00;start_type=ATG;rbs_motif=AGGAG;rbs_spacer=5-10bp;gc_cont=0.341;conf=99.99;score=216.99;cscore=196.09;sscore=20.89;rscore=13.58;uscore=1.70;tscore=4.47;
NZ_CADHBV010000001.1	Prodigal_v2.6.3	CDS	336654	337037	33.3	-	0	ID=1_320;partial=00;start_type=TTG;rbs_motif=GGA/GAG/AGG;rbs_spacer=11-12bp;gc_cont=0.281;conf=99.95;score=33.31;cscore=39.14;sscore=-5.83;rscore=-2.12;uscore=2.60;tscore=-6.31;
NZ_CADHBV010000001.1	Prodigal_v2.6.3	CDS	337106	337357	22.5	-	0	ID=1_321;partial=00;start_type=ATG;rbs_motif=AGGAG;rbs_spacer=5-10bp;gc_cont=0.286;conf=99.44;score=22.50;cscore=-0.26;sscore=22.76;rscore=13.52;uscore=3.98;tscore=4.45;
NZ_CADHBV010000001.1	Prodigal_v2.6.3	CDS	337354	337563	23.9	-	0	ID=1_322;partial=00;start_type=ATG;rbs_motif=GGA/GAG/AGG;rbs_spacer=5-10bp;gc_cont=0.295;conf=99.59;score=23.92;cscore=16.80;sscore=7.12;rscore=2.59;uscore=0.82;tscore=3.70;
NZ_CADHBV010000001.1	Prodigal_v2.6.3	CDS	337684	343275	1029.7	-	0	ID=1_323;partial=00;start_type=TTG;rbs_motif=None;rbs_spacer=None;gc_cont=0.371;conf=99.99;score=1029.69;cscore=1042.98;sscore=-13.28;rscore=-6.18;uscore=-0.79;tscore=-6.31;
NZ_CADHBV010000001.1	Prodigal_v2.6.3	CDS	343347	346196	329.8	-	0	ID=1_324;partial=00;start_type=ATG;rbs_motif=AGGA;rbs_spacer=5-10bp;gc_cont=0.368;conf=99.99;score=329.84;cscore=310.95;sscore=18.89;rscore=12.54;uscore=2.53;tscore=4.47;
NZ_CADHBV010000001.1	Prodigal_v2.6.3	CDS	346361	346507	28.3	+	0	ID=1_325;partial=00;start_type=ATG;rbs_motif=AGGAG;rbs_spacer=5-10bp;gc_cont=0.367;conf=99.85;score=28.32;cscore=17.47;sscore=10.86;rscore=7.82;uscore=0.46;tscore=2.58;
NZ_CADHBV010000001.1	Prodigal_v2.6.3	CDS	346500	347513	156.4	+	0	ID=1_326;partial=00;start_type=ATG;rbs_motif=AGGAG;rbs_spacer=5-10bp;gc_cont=0.349;conf=100.00;score=156.39;cscore=139.53;sscore=16.86;rscore=13.58;uscore=-2.44;tscore=4.47;
NZ_CADHBV010000001.1	Prodigal_v2.6.3	CDS	347520	348947	205.2	+	0	ID=1_327;partial=00;start_type=ATG;rbs_motif=GGA/GAG/AGG;rbs_spacer=5-10bp;gc_cont=0.317;conf=99.99;score=205.17;cscore=195.36;sscore=9.80;rscore=3.13;uscore=0.99;tscore=4.47;
NZ_CADHBV010000001.1	Prodigal_v2.6.3	CDS	348947	351172	316.6	+	0	ID=1_328;partial=00;start_type=ATG;rbs_motif=GGAG/GAGG;rbs_spacer=5-10bp;gc_cont=0.385;conf=99.99;score=316.60;cscore=301.06;sscore=15.54;rscore=6.22;uscore=3.57;tscore=4.47;
NZ_CADHBV010000001.1	Prodigal_v2.6.3	CDS	351176	352576	218.8	+	0	ID=1_329;partial=00;start_type=ATG;rbs_motif=AGGA;rbs_spacer=5-10bp;gc_cont=0.370;conf=99.99;score=218.77;cscore=202.31;sscore=16.46;rscore=12.54;uscore=-1.79;tscore=4.47;
NZ_CADHBV010000001.1	Prodigal_v2.6.3	CDS	352628	352906	32.9	+	0	ID=1_330;partial=00;start_type=GTG;rbs_motif=AGGA;rbs_spacer=5-10bp;gc_cont=0.333;conf=99.95;score=32.93;cscore=23.47;sscore=9.46;rscore=12.54;uscore=3.75;tscore=-7.55;
NZ_CADHBV010000001.1	Prodigal_v2.6.3	CDS	352908	354170	106.9	+	0	ID=1_331;partial=00;start_type=ATG;rbs_motif=GGA/GAG/AGG;rbs_spacer=5-10bp;gc_cont=0.367;conf=100.00;score=106.87;cscore=96.92;sscore=9.95;rscore=3.13;uscore=1.08;tscore=4.47;
NZ_CADHBV010000001.1	Prodigal_v2.6.3	CDS	354243	354926	70.5	+	0	ID=1_332;partial=00;start_type=ATG;rbs_motif=GGA/GAG/AGG;rbs_spacer=5-10bp;gc_cont=0.307;conf=100.00;score=70.46;cscore=57.33;sscore=13.12;rscore=3.13;uscore=5.52;tscore=4.47;
NZ_CADHBV010000001.1	Prodigal_v2.6.3	CDS	355007	356080	113.4	-	0	ID=1_333;partial=00;start_type=ATG;rbs_motif=GGAG/GAGG;rbs_spacer=5-10bp;gc_cont=0.325;conf=100.00;score=113.41;cscore=99.39;sscore=14.02;rscore=6.22;uscore=3.98;tscore=4.47;
NZ_CADHBV010000001.1	Prodigal_v2.6.3	CDS	356726	357511	99.7	+	0	ID=1_334;partial=00;start_type=ATG;rbs_motif=GGA/GAG/AGG;rbs_spacer=5-10bp;gc_cont=0.380;conf=100.00;score=99.67;cscore=93.08;sscore=6.59;rscore=3.13;uscore=-1.01;tscore=4.47;
NZ_CADHBV010000001.1	Prodigal_v2.6.3	CDS	357505	358401	101.3	-	0	ID=1_335;partial=00;start_type=GTG;rbs_motif=None;rbs_spacer=None;gc_cont=0.401;conf=100.00;score=101.26;cscore=105.56;sscore=-4.30;rscore=-6.18;uscore=1.97;tscore=-7.55;
NZ_CADHBV010000001.1	Prodigal_v2.6.3	CDS	358401	359951	244.0	-	0	ID=1_336;partial=00;start_type=ATG;rbs_motif=None;rbs_spacer=None;gc_cont=0.402;conf=99.99;score=244.02;cscore=243.04;sscore=0.98;rscore=-6.18;uscore=1.51;tscore=4.47;
NZ_CADHBV010000001.1	Prodigal_v2.6.3	CDS	359960	361576	279.2	-	0	ID=1_337;partial=00;start_type=ATG;rbs_motif=AGGA/GGAG/GAGG;rbs_spacer=11-12bp;gc_cont=0.424;conf=99.99;score=279.16;cscore=268.78;sscore=10.38;rscore=3.25;uscore=3.31;tscore=4.47;
NZ_CADHBV010000001.1	Prodigal_v2.6.3	CDS	361834	362496	57.5	+	0	ID=1_338;partial=00;start_type=ATG;rbs_motif=AGxAGG/AGGxGG;rbs_spacer=5-10bp;gc_cont=0.379;conf=100.00;score=57.55;cscore=45.35;sscore=12.19;rscore=4.39;uscore=3.33;tscore=4.47;
NZ_CADHBV010000001.1	Prodigal_v2.6.3	CDS	362540	364243	349.2	+	0	ID=1_339;partial=00;start_type=TTG;rbs_motif=GGA/GAG/AGG;rbs_spacer=5-10bp;gc_cont=0.396;conf=99.99;score=349.23;cscore=348.34;sscore=0.89;rscore=3.13;uscore=3.26;tscore=-6.31;
NZ_CADHBV010000001.1	Prodigal_v2.6.3	CDS	364256	365287	218.9	+	0	ID=1_340;partial=00;start_type=ATG;rbs_motif=GGA/GAG/AGG;rbs_spacer=5-10bp;gc_cont=0.422;conf=99.99;score=218.88;cscore=212.70;sscore=6.19;rscore=3.13;uscore=-2.56;tscore=4.47;
NZ_CADHBV010000001.1	Prodigal_v2.6.3	CDS	365280	366053	153.3	+	0	ID=1_341;partial=00;start_type=TTG;rbs_motif=GGAG/GAGG;rbs_spacer=5-10bp;gc_cont=0.371;conf=100.00;score=153.27;cscore=154.45;sscore=-1.18;rscore=6.22;uscore=-2.34;tscore=-6.31;
NZ_CADHBV010000001.1	Prodigal_v2.6.3	CDS	366056	367906	337.0	+	0	ID=1_342;partial=00;start_type=TTG;rbs_motif=GGA/GAG/AGG;rbs_spacer=5-10bp;gc_cont=0.431;conf=99.99;score=337.03;cscore=339.36;sscore=-2.33;rscore=3.13;uscore=-0.40;tscore=-6.31;
NZ_CADHBV010000001.1	Prodigal_v2.6.3	CDS	367903	369711	361.4	+	0	ID=1_343;partial=00;start_type=ATG;rbs_motif=AGGA;rbs_spacer=5-10bp;gc_cont=0.422;conf=99.99;score=361.40;cscore=341.54;sscore=19.86;rscore=12.54;uscore=1.55;tscore=4.47;
NZ_CADHBV010000001.1	Prodigal_v2.6.3	CDS	369720	370649	141.1	+	0	ID=1_344;partial=00;start_type=ATG;rbs_motif=GGA/GAG/AGG;rbs_spacer=5-10bp;gc_cont=0.347;conf=100.00;score=141.09;cscore=131.03;sscore=10.06;rscore=3.13;uscore=1.27;tscore=4.47;
NZ_CADHBV010000001.1	Prodigal_v2.6.3	CDS	370642	371112	62.1	+	0	ID=1_345;partial=00;start_type=ATG;rbs_motif=GGA/GAG/AGG;rbs_spacer=5-10bp;gc_cont=0.410;conf=100.00;score=62.10;cscore=53.25;sscore=8.86;rscore=3.13;uscore=-0.00;tscore=4.47;
NZ_CADHBV010000001.1	Prodigal_v2.6.3	CDS	371581	372390	156.7	-	0	ID=1_346;partial=00;start_type=ATG;rbs_motif=AGGA;rbs_spacer=5-10bp;gc_cont=0.420;conf=100.00;score=156.71;cscore=135.61;sscore=21.11;rscore=12.54;uscore=3.42;tscore=4.47;
NZ_CADHBV010000001.1	Prodigal_v2.6.3	CDS	372446	373726	185.3	-	0	ID=1_347;partial=00;start_type=ATG;rbs_motif=AGGA;rbs_spacer=5-10bp;gc_cont=0.413;conf=99.99;score=185.25;cscore=166.09;sscore=19.17;rscore=12.54;uscore=2.81;tscore=4.47;
NZ_CADHBV010000001.1	Prodigal_v2.6.3	CDS	373991	376576	424.6	-	0	ID=1_348;partial=00;start_type=ATG;rbs_motif=None;rbs_spacer=None;gc_cont=0.409;conf=99.99;score=424.61;cscore=418.07;sscore=6.54;rscore=-6.18;uscore=0.78;tscore=4.47;
NZ_CADHBV010000001.1	Prodigal_v2.6.3	CDS	376573	378852	385.8	-	0	ID=1_349;partial=00;start_type=ATG;rbs_motif=GGA/GAG/AGG;rbs_spacer=11-12bp;gc_cont=0.347;conf=99.99;score=385.78;cscore=377.88;sscore=7.90;rscore=-2.12;uscore=2.13;tscore=4.47;
NZ_CADHBV010000001.1	Prodigal_v2.6.3	CDS	378849	380774	335.6	-	0	ID=1_350;partial=00;start_type=ATG;rbs_motif=GGA/GAG/AGG;rbs_spacer=5-10bp;gc_cont=0.437;conf=99.99;score=335.64;cscore=323.53;sscore=12.11;rscore=3.13;uscore=3.73;tscore=4.47;
NZ_CADHBV010000001.1	Prodigal_v2.6.3	CDS	380821	381663	140.4	-	0	ID=1_351;partial=00;start_type=ATG;rbs_motif=GGA/GAG/AGG;rbs_spacer=5-10bp;gc_cont=0.367;conf=100.00;score=140.36;cscore=132.49;sscore=7.86;rscore=3.13;uscore=0.26;tscore=4.47;
NZ_CADHBV010000001.1	Prodigal_v2.6.3	CDS	381629	382336	107.7	-	0	ID=1_352;partial=00;start_type=ATG;rbs_motif=None;rbs_spacer=None;gc_cont=0.357;conf=100.00;score=107.69;cscore=101.94;sscore=5.76;rscore=-6.18;uscore=-0.56;tscore=4.47;
NZ_CADHBV010000001.1	Prodigal_v2.6.3	CDS	382336	382845	83.5	-	0	ID=1_353;partial=00;start_type=TTG;rbs_motif=AGGA;rbs_spacer=5-10bp;gc_cont=0.378;conf=100.00;score=83.49;cscore=77.35;sscore=6.14;rscore=12.54;uscore=0.56;tscore=-6.31;
NZ_CADHBV010000001.1	Prodigal_v2.6.3	CDS	382918	383841	124.1	+	0	ID=1_354;partial=00;start_type=ATG;rbs_motif=AGxAGG/AGGxGG;rbs_spacer=3-4bp;gc_cont=0.418;conf=100.00;score=124.15;cscore=109.79;sscore=14.36;rscore=5.52;uscore=4.37;tscore=4.47;
NZ_CADHBV010000001.1	Prodigal_v2.6.3	CDS	384120	385559	222.7	+	0	ID=1_355;partial=00;start_type=ATG;rbs_motif=AGGA;rbs_spacer=5-10bp;gc_cont=0.432;conf=99.99;score=222.73;cscore=205.61;sscore=17.12;rscore=12.54;uscore=0.76;tscore=4.47;
NZ_CADHBV010000001.1	Prodigal_v2.6.3	CDS	385650	387305	274.5	+	0	ID=1_356;partial=00;start_type=TTG;rbs_motif=GGA/GAG/AGG;rbs_spacer=5-10bp;gc_cont=0.392;conf=99.99;score=274.51;cscore=275.23;sscore=-0.71;rscore=3.13;uscore=2.46;tscore=-6.31;
NZ_CADHBV010000001.1	Prodigal_v2.6.3	CDS	387299	387922	69.8	+	0	ID=1_357;partial=00;start_type=ATG;rbs_motif=None;rbs_spacer=None;gc_cont=0.386;conf=100.00;score=69.76;cscore=70.01;sscore=-0.26;rscore=-6.18;uscore=0.19;tscore=4.47;
NZ_CADHBV010000001.1	Prodigal_v2.6.3	CDS	387926	388504	69.2	+	0	ID=1_358;partial=00;start_type=ATG;rbs_motif=None;rbs_spacer=None;gc_cont=0.382;conf=100.00;score=69.23;cscore=69.22;sscore=0.01;rscore=-6.18;uscore=0.48;tscore=4.47;
NZ_CADHBV010000001.1	Prodigal_v2.6.3	CDS	388620	389615	120.5	+	0	ID=1_359;partial=00;start_type=GTG;rbs_motif=GGA/GAG/AGG;rbs_spacer=5-10bp;gc_cont=0.423;conf=100.00;score=120.46;cscore=121.53;sscore=-1.06;rscore=3.13;uscore=3.36;tscore=-7.55;
NZ_CADHBV010000001.1	Prodigal_v2.6.3	CDS	389619	390134	84.4	-	0	ID=1_360;partial=00;start_type=ATG;rbs_motif=GGA/GAG/AGG;rbs_spacer=5-10bp;gc_cont=0.347;conf=100.00;score=84.37;cscore=76.58;sscore=7.79;rscore=3.13;uscore=0.83;tscore=4.47;
NZ_CADHBV010000001.1	Prodigal_v2.6.3	CDS	390270	391586	207.7	+	0	ID=1_361;partial=00;start_type=ATG;rbs_motif=GGA/GAG/AGG;rbs_spacer=5-10bp;gc_cont=0.398;conf=99.99;score=207.71;cscore=199.07;sscore=8.63;rscore=3.13;uscore=1.03;tscore=4.47;
NZ_CADHBV010000001.1	Prodigal_v2.6.3	CDS	391814	392071	5.5	+	0	ID=1_362;partial=00;start_type=ATG;rbs_motif=GGA/GAG/AGG;rbs_spacer=11-12bp;gc_cont=0.380;conf=77.91;score=5.48;cscore=1.16;sscore=4.33;rscore=-2.12;uscore=2.63;tscore=4.47;
NZ_CADHBV010000001.1	Prodigal_v2.6.3	CDS	392222	392422	51.8	-	0	ID=1_363;partial=00;start_type=ATG;rbs_motif=AGGA;rbs_spacer=5-10bp;gc_cont=0.413;conf=100.00;score=51.80;cscore=35.09;sscore=16.71;rscore=9.93;uscore=1.96;tscore=3.54;
NZ_CADHBV010000001.1	Prodigal_v2.6.3	CDS	392423	394648	396.4	-	0	ID=1_364;partial=00;start_type=ATG;rbs_motif=None;rbs_spacer=None;gc_cont=0.397;conf=99.99;score=396.41;cscore=386.41;sscore=10.01;rscore=-6.18;uscore=4.24;tscore=4.47;
NZ_CADHBV010000001.1	Prodigal_v2.6.3	CDS	394645	395358	77.5	-	0	ID=1_365;partial=00;start_type=ATG;rbs_motif=None;rbs_spacer=None;gc_cont=0.387;conf=100.00;score=77.47;cscore=78.83;sscore=-1.36;rscore=-6.18;uscore=1.00;tscore=4.47;
NZ_CADHBV010000001.1	Prodigal_v2.6.3	CDS	395605	397503	398.2	-	0	ID=1_366;partial=00;start_type=ATG;rbs_motif=AGGA;rbs_spacer=5-10bp;gc_cont=0.433;conf=99.99;score=398.22;cscore=377.37;sscore=20.85;rscore=12.54;uscore=2.65;tscore=4.47;
NZ_CADHBV010000001.1	Prodigal_v2.6.3	CDS	397512	398501	89.7	-	0	ID=1_367;partial=00;start_type=ATG;rbs_motif=GGA/GAG/AGG;rbs_spacer=11-12bp;gc_cont=0.373;conf=100.00;score=89.68;cscore=85.95;sscore=3.73;rscore=-2.12;uscore=0.23;tscore=4.47;
NZ_CADHBV010000001.1	Prodigal_v2.6.3	CDS	398514	398888	57.7	-	0	ID=1_368;partial=00;start_type=TTG;rbs_motif=AGGAG;rbs_spacer=5-10bp;gc_cont=0.416;conf=100.00;score=57.71;cscore=50.24;sscore=7.47;rscore=13.58;uscore=0.85;tscore=-6.31;
NZ_CADHBV010000001.1	Prodigal_v2.6.3	CDS	399136	399780	67.5	+	0	ID=1_369;partial=00;start_type=TTG;rbs_motif=3Base/5BMM;rbs_spacer=13-15bp;gc_cont=0.361;conf=100.00;score=67.51;cscore=77.05;sscore=-9.54;rscore=-5.81;uscore=2.58;tscore=-6.31;
NZ_CADHBV010000001.1	Prodigal_v2.6.3	CDS	399926	400333	46.8	-	0	ID=1_370;partial=00;start_type=ATG;rbs_motif=GGA/GAG/AGG;rbs_spacer=5-10bp;gc_cont=0.355;conf=100.00;score=46.79;cscore=40.02;sscore=6.77;rscore=3.13;uscore=-2.09;tscore=4.47;
NZ_CADHBV010000001.1	Prodigal_v2.6.3	CDS	400336	400566	35.9	-	0	ID=1_371;partial=00;start_type=ATG;rbs_motif=AGGA;rbs_spacer=5-10bp;gc_cont=0.381;conf=99.97;score=35.89;cscore=17.36;sscore=18.53;rscore=11.44;uscore=1.75;tscore=4.08;
NZ_CADHBV010000001.1	Prodigal_v2.6.3	CDS	400560	401096	73.7	-	0	ID=1_372;partial=00;start_type=ATG;rbs_motif=GGA/GAG/AGG;rbs_spacer=5-10bp;gc_cont=0.356;conf=100.00;score=73.68;cscore=64.78;sscore=8.90;rscore=3.13;uscore=-0.87;tscore=4.47;
NZ_CADHBV010000001.1	Prodigal_v2.6.3	CDS	401093	402130	145.7	-	0	ID=1_373;partial=00;start_type=TTG;rbs_motif=GGA/GAG/AGG;rbs_spacer=5-10bp;gc_cont=0.380;conf=100.00;score=145.74;cscore=145.81;sscore=-0.07;rscore=3.13;uscore=1.84;tscore=-6.31;
NZ_CADHBV010000001.1	Prodigal_v2.6.3	CDS	402131	402880	114.5	-	0	ID=1_374;partial=00;start_type=ATG;rbs_motif=None;rbs_spacer=None;gc_cont=0.397;conf=100.00;score=114.54;cscore=116.03;sscore=-1.50;rscore=-6.18;uscore=-1.04;tscore=4.47;
NZ_CADHBV010000001.1	Prodigal_v2.6.3	CDS	402873	403355	94.8	-	0	ID=1_375;partial=00;start_type=ATG;rbs_motif=AGxAG;rbs_spacer=5-10bp;gc_cont=0.360;conf=100.00;score=94.75;cscore=93.78;sscore=0.97;rscore=-3.49;uscore=-0.01;tscore=4.47;
NZ_CADHBV010000001.1	Prodigal_v2.6.3	CDS	403423	404433	171.0	-	0	ID=1_376;partial=00;start_type=ATG;rbs_motif=None;rbs_spacer=None;gc_cont=0.411;conf=100.00;score=171.03;cscore=165.25;sscore=5.78;rscore=-6.18;uscore=0.02;tscore=4.47;
NZ_CADHBV010000001.1	Prodigal_v2.6.3	CDS	404433	405245	162.9	-	0	ID=1_377;partial=00;start_type=ATG;rbs_motif=AGGA;rbs_spacer=5-10bp;gc_cont=0.419;conf=100.00;score=162.90;cscore=145.00;sscore=17.90;rscore=12.54;uscore=1.54;tscore=4.47;
NZ_CADHBV010000001.1	Prodigal_v2.6.3	CDS	405394	406116	85.5	+	0	ID=1_378;partial=00;start_type=TTG;rbs_motif=GGA/GAG/AGG;rbs_spacer=5-10bp;gc_cont=0.382;conf=100.00;score=85.47;cscore=85.77;sscore=-0.30;rscore=3.13;uscore=2.88;tscore=-6.31;
NZ_CADHBV010000001.1	Prodigal_v2.6.3	CDS	406106	406963	117.0	+	0	ID=1_379;partial=00;start_type=ATG;rbs_motif=None;rbs_spacer=None;gc_cont=0.355;conf=100.00;score=117.01;cscore=119.11;sscore=-2.10;rscore=-6.18;uscore=-1.61;tscore=4.47;
NZ_CADHBV010000001.1	Prodigal_v2.6.3	CDS	406972	407916	169.8	+	0	ID=1_380;partial=00;start_type=ATG;rbs_motif=GGA/GAG/AGG;rbs_spacer=5-10bp;gc_cont=0.376;conf=100.00;score=169.78;cscore=156.31;sscore=13.48;rscore=3.13;uscore=4.69;tscore=4.47;
NZ_CADHBV010000001.1	Prodigal_v2.6.3	CDS	407926	409248	166.2	+	0	ID=1_381;partial=00;start_type=TTG;rbs_motif=GGA/GAG/AGG;rbs_spacer=5-10bp;gc_cont=0.366;conf=100.00;score=166.15;cscore=168.22;sscore=-2.07;rscore=3.13;uscore=-0.07;tscore=-6.31;
NZ_CADHBV010000001.1	Prodigal_v2.6.3	CDS	409251	409838	81.2	+	0	ID=1_382;partial=00;start_type=ATG;rbs_motif=AGGA;rbs_spacer=5-10bp;gc_cont=0.335;conf=100.00;score=81.21;cscore=65.10;sscore=16.11;rscore=12.54;uscore=-2.15;tscore=4.47;
NZ_CADHBV010000001.1	Prodigal_v2.6.3	CDS	409835	410722	182.0	+	0	ID=1_383;partial=00;start_type=ATG;rbs_motif=AGGA;rbs_spacer=5-10bp;gc_cont=0.417;conf=99.99;score=182.01;cscore=161.67;sscore=20.34;rscore=12.54;uscore=2.03;tscore=4.47;
NZ_CADHBV010000001.1	Prodigal_v2.6.3	CDS	410744	411217	47.4	+	0	ID=1_384;partial=00;start_type=TTG;rbs_motif=GGA/GAG/AGG;rbs_spacer=5-10bp;gc_cont=0.369;conf=100.00;score=47.41;cscore=50.07;sscore=-2.65;rscore=3.13;uscore=-0.52;tscore=-6.31;
NZ_CADHBV010000001.1	Prodigal_v2.6.3	CDS	411271	412152	115.5	+	0	ID=1_385;partial=00;start_type=TTG;rbs_motif=GGA/GAG/AGG;rbs_spacer=5-10bp;gc_cont=0.421;conf=100.00;score=115.50;cscore=114.80;sscore=0.70;rscore=3.13;uscore=3.18;tscore=-6.31;
NZ_CADHBV010000001.1	Prodigal_v2.6.3	CDS	412139	412393	9.7	+	0	ID=1_386;partial=00;start_type=TTG;rbs_motif=GGAG/GAGG;rbs_spacer=5-10bp;gc_cont=0.373;conf=90.23;score=9.67;cscore=7.49;sscore=2.18;rscore=6.22;uscore=1.09;tscore=-6.31;
NZ_CADHBV010000001.1	Prodigal_v2.6.3	CDS	412390	415230	564.2	+	0	ID=1_387;partial=00;start_type=ATG;rbs_motif=AGGAG/GGAGG;rbs_spacer=11-12bp;gc_cont=0.415;conf=99.99;score=564.18;cscore=551.67;sscore=12.50;rscore=5.28;uscore=1.46;tscore=4.47;
NZ_CADHBV010000001.1	Prodigal_v2.6.3	CDS	415230	415565	49.2	+	0	ID=1_388;partial=00;start_type=ATG;rbs_motif=None;rbs_spacer=None;gc_cont=0.393;conf=100.00;score=49.22;cscore=38.81;sscore=10.41;rscore=-6.18;uscore=4.66;tscore=4.47;
NZ_CADHBV010000001.1	Prodigal_v2.6.3	CDS	415558	415998	86.9	+	0	ID=1_389;partial=00;start_type=ATG;rbs_motif=GGA/GAG/AGG;rbs_spacer=5-10bp;gc_cont=0.365;conf=100.00;score=86.89;cscore=80.18;sscore=6.71;rscore=3.13;uscore=-2.15;tscore=4.47;
NZ_CADHBV010000001.1	Prodigal_v2.6.3	CDS	416108	418096	347.5	-	0	ID=1_390;partial=00;start_type=ATG;rbs_motif=AGGAG;rbs_spacer=5-10bp;gc_cont=0.418;conf=99.99;score=347.48;cscore=326.79;sscore=20.68;rscore=13.58;uscore=3.28;tscore=4.47;
NZ_CADHBV010000001.1	Prodigal_v2.6.3	CDS	418293	419405	140.9	+	0	ID=1_391;partial=00;start_type=ATG;rbs_motif=GGA/GAG/AGG;rbs_spacer=5-10bp;gc_cont=0.376;conf=100.00;score=140.90;cscore=132.47;sscore=8.43;rscore=3.13;uscore=0.83;tscore=4.47;
NZ_CADHBV010000001.1	Prodigal_v2.6.3	CDS	419757	420428	111.5	+	0	ID=1_392;partial=00;start_type=ATG;rbs_motif=AGGAG;rbs_spacer=5-10bp;gc_cont=0.405;conf=100.00;score=111.55;cscore=94.59;sscore=16.96;rscore=13.58;uscore=-0.44;tscore=4.47;
NZ_CADHBV010000001.1	Prodigal_v2.6.3	CDS	421210	422253	195.0	-	0	ID=1_393;partial=00;start_type=ATG;rbs_motif=AGGA;rbs_spacer=5-10bp;gc_cont=0.368;conf=99.99;score=195.00;cscore=172.66;sscore=22.33;rscore=12.54;uscore=4.36;tscore=4.47;
NZ_CADHBV010000001.1	Prodigal_v2.6.3	CDS	422283	424484	391.0	-	0	ID=1_394;partial=00;start_type=ATG;rbs_motif=3Base/5BMM;rbs_spacer=13-15bp;gc_cont=0.422;conf=99.99;score=390.98;cscore=392.91;sscore=-1.94;rscore=-5.81;uscore=0.06;tscore=4.47;
NZ_CADHBV010000001.1	Prodigal_v2.6.3	CDS	424620	424892	57.6	+	0	ID=1_395;partial=00;start_type=ATG;rbs_motif=AGGAG;rbs_spacer=5-10bp;gc_cont=0.388;conf=100.00;score=57.63;cscore=38.57;sscore=19.05;rscore=13.58;uscore=1.00;tscore=4.47;
NZ_CADHBV010000001.1	Prodigal_v2.6.3	CDS	424925	426211	100.7	+	0	ID=1_396;partial=00;start_type=TTG;rbs_motif=GGA/GAG/AGG;rbs_spacer=5-10bp;gc_cont=0.368;conf=100.00;score=100.73;cscore=103.93;sscore=-3.20;rscore=3.13;uscore=-0.95;tscore=-6.31;
NZ_CADHBV010000001.1	Prodigal_v2.6.3	CDS	426342	426845	114.9	+	0	ID=1_397;partial=00;start_type=ATG;rbs_motif=AGGAG;rbs_spacer=5-10bp;gc_cont=0.409;conf=100.00;score=114.90;cscore=94.40;sscore=20.49;rscore=13.58;uscore=2.44;tscore=4.47;
NZ_CADHBV010000001.1	Prodigal_v2.6.3	CDS	426859	427932	188.0	+	0	ID=1_398;partial=00;start_type=ATG;rbs_motif=AGxAGG/AGGxGG;rbs_spacer=5-10bp;gc_cont=0.414;conf=99.99;score=188.02;cscore=176.73;sscore=11.29;rscore=4.39;uscore=1.30;tscore=4.47;
NZ_CADHBV010000001.1	Prodigal_v2.6.3	CDS	427932	428420	40.3	+	0	ID=1_399;partial=00;start_type=ATG;rbs_motif=GGA/GAG/AGG;rbs_spacer=5-10bp;gc_cont=0.348;conf=99.99;score=40.31;cscore=29.84;sscore=10.47;rscore=3.13;uscore=1.58;tscore=4.47;
NZ_CADHBV010000001.1	Prodigal_v2.6.3	CDS	428417	429793	254.5	+	0	ID=1_400;partial=00;start_type=GTG;rbs_motif=GGA/GAG/AGG;rbs_spacer=5-10bp;gc_cont=0.393;conf=99.99;score=254.49;cscore=257.62;sscore=-3.13;rscore=3.13;uscore=-0.65;tscore=-7.55;
NZ_CADHBV010000001.1	Prodigal_v2.6.3	CDS	429790	430674	158.1	+	0	ID=1_401;partial=00;start_type=ATG;rbs_motif=AGGA;rbs_spacer=5-10bp;gc_cont=0.394;conf=100.00;score=158.07;cscore=139.76;sscore=18.31;rscore=12.54;uscore=-0.20;tscore=4.47;
NZ_CADHBV010000001.1	Prodigal_v2.6.3	CDS	430679	430993	35.4	+	0	ID=1_402;partial=00;start_type=ATG;rbs_motif=None;rbs_spacer=None;gc_cont=0.359;conf=99.97;score=35.38;cscore=34.53;sscore=0.85;rscore=-6.18;uscore=1.33;tscore=4.47;
NZ_CADHBV010000001.1	Prodigal_v2.6.3	CDS	430995	431747	142.9	+	0	ID=1_403;partial=00;start_type=ATG;rbs_motif=GGA/GAG/AGG;rbs_spacer=5-10bp;gc_cont=0.392;conf=100.00;score=142.90;cscore=131.18;sscore=11.73;rscore=3.13;uscore=2.86;tscore=4.47;
NZ_CADHBV010000001.1	Prodigal_v2.6.3	CDS	431740	432804	224.4	+	0	ID=1_404;partial=00;start_type=ATG;rbs_motif=AGGAG;rbs_spacer=5-10bp;gc_cont=0.403;conf=99.99;score=224.41;cscore=204.64;sscore=19.77;rscore=13.58;uscore=0.47;tscore=4.47;
NZ_CADHBV010000001.1	Prodigal_v2.6.3	CDS	432808	433671	200.2	+	0	ID=1_405;partial=00;start_type=ATG;rbs_motif=GGA/GAG/AGG;rbs_spacer=5-10bp;gc_cont=0.388;conf=99.99;score=200.25;cscore=190.65;sscore=9.59;rscore=3.13;uscore=0.75;tscore=4.47;
NZ_CADHBV010000001.1	Prodigal_v2.6.3	CDS	433698	434234	101.9	+	0	ID=1_406;partial=00;start_type=ATG;rbs_motif=AGGA;rbs_spacer=5-10bp;gc_cont=0.391;conf=100.00;score=101.86;cscore=82.04;sscore=19.82;rscore=12.54;uscore=1.82;tscore=4.47;
NZ_CADHBV010000001.1	Prodigal_v2.6.3	CDS	434231	434728	67.1	+	0	ID=1_407;partial=00;start_type=ATG;rbs_motif=None;rbs_spacer=None;gc_cont=0.371;conf=100.00;score=67.05;cscore=61.29;sscore=5.77;rscore=-6.18;uscore=-2.20;tscore=4.47;
NZ_CADHBV010000001.1	Prodigal_v2.6.3	CDS	434749	435201	66.5	-	0	ID=1_408;partial=00;start_type=ATG;rbs_motif=GGA/GAG/AGG;rbs_spacer=5-10bp;gc_cont=0.375;conf=100.00;score=66.51;cscore=55.16;sscore=11.35;rscore=3.13;uscore=3.74;tscore=4.47;
NZ_CADHBV010000001.1	Prodigal_v2.6.3	CDS	435361	436536	155.4	-	0	ID=1_409;partial=00;start_type=ATG;rbs_motif=None;rbs_spacer=None;gc_cont=0.410;conf=100.00;score=155.36;cscore=149.59;sscore=5.77;rscore=-6.18;uscore=-1.17;tscore=4.47;
NZ_CADHBV010000001.1	Prodigal_v2.6.3	CDS	436533	436904	69.1	-	0	ID=1_410;partial=00;start_type=GTG;rbs_motif=AGGAG;rbs_spacer=5-10bp;gc_cont=0.398;conf=100.00;score=69.11;cscore=57.63;sscore=11.48;rscore=13.58;uscore=4.28;tscore=-7.55;
NZ_CADHBV010000001.1	Prodigal_v2.6.3	CDS	436914	437789	162.6	-	0	ID=1_411;partial=00;start_type=ATG;rbs_motif=GGA/GAG/AGG;rbs_spacer=5-10bp;gc_cont=0.401;conf=100.00;score=162.60;cscore=150.81;sscore=11.78;rscore=3.13;uscore=4.83;tscore=4.47;
NZ_CADHBV010000001.1	Prodigal_v2.6.3	CDS	437957	439207	173.7	+	0	ID=1_412;partial=00;start_type=ATG;rbs_motif=GGA/GAG/AGG;rbs_spacer=5-10bp;gc_cont=0.399;conf=100.00;score=173.71;cscore=163.27;sscore=10.44;rscore=3.13;uscore=2.84;tscore=4.47;
NZ_CADHBV010000001.1	Prodigal_v2.6.3	CDS	439325	440161	104.2	-	0	ID=1_413;partial=00;start_type=ATG;rbs_motif=None;rbs_spacer=None;gc_cont=0.380;conf=100.00;score=104.22;cscore=104.91;sscore=-0.69;rscore=-6.18;uscore=1.67;tscore=4.47;
NZ_CADHBV010000001.1	Prodigal_v2.6.3	CDS	440417	441313	146.5	-	0	ID=1_414;partial=00;start_type=ATG;rbs_motif=AGGA;rbs_spacer=5-10bp;gc_cont=0.384;conf=100.00;score=146.47;cscore=126.36;sscore=20.11;rscore=12.54;uscore=2.05;tscore=4.47;
NZ_CADHBV010000001.1	Prodigal_v2.6.3	CDS	441335	442555	191.6	-	0	ID=1_415;partial=00;start_type=ATG;rbs_motif=GGxGG;rbs_spacer=11-12bp;gc_cont=0.410;conf=99.99;score=191.63;cscore=187.36;sscore=4.26;rscore=-0.84;uscore=-0.42;tscore=4.47;
NZ_CADHBV010000001.1	Prodigal_v2.6.3	CDS	442577	444004	286.8	-	0	ID=1_416;partial=00;start_type=ATG;rbs_motif=AGGA;rbs_spacer=5-10bp;gc_cont=0.410;conf=99.99;score=286.80;cscore=266.18;sscore=20.63;rscore=12.54;uscore=2.85;tscore=4.47;
NZ_CADHBV010000001.1	Prodigal_v2.6.3	CDS	444052	445494	214.9	-	0	ID=1_417;partial=00;start_type=ATG;rbs_motif=AGGAG;rbs_spacer=5-10bp;gc_cont=0.421;conf=99.99;score=214.94;cscore=196.05;sscore=18.89;rscore=13.58;uscore=1.49;tscore=4.47;
NZ_CADHBV010000001.1	Prodigal_v2.6.3	CDS	445691	446230	75.9	-	0	ID=1_418;partial=00;start_type=ATG;rbs_motif=None;rbs_spacer=None;gc_cont=0.361;conf=100.00;score=75.95;cscore=70.18;sscore=5.77;rscore=-6.18;uscore=-0.43;tscore=4.47;
NZ_CADHBV010000001.1	Prodigal_v2.6.3	CDS	446227	446838	26.4	-	0	ID=1_419;partial=00;start_type=TTG;rbs_motif=None;rbs_spacer=None;gc_cont=0.374;conf=99.77;score=26.38;cscore=39.07;sscore=-12.69;rscore=-6.18;uscore=-1.37;tscore=-6.31;
NZ_CADHBV010000001.1	Prodigal_v2.6.3	CDS	446848	447636	149.4	-	0	ID=1_420;partial=00;start_type=ATG;rbs_motif=GGAG/GAGG;rbs_spacer=5-10bp;gc_cont=0.435;conf=100.00;score=149.44;cscore=134.47;sscore=14.97;rscore=6.22;uscore=2.99;tscore=4.47;
NZ_CADHBV010000001.1	Prodigal_v2.6.3	CDS	447633	448535	120.4	-	0	ID=1_421;partial=00;start_type=ATG;rbs_motif=GGA/GAG/AGG;rbs_spacer=5-10bp;gc_cont=0.424;conf=100.00;score=120.36;cscore=111.12;sscore=9.24;rscore=3.13;uscore=0.52;tscore=4.47;
NZ_CADHBV010000001.1	Prodigal_v2.6.3	CDS	448550	449884	233.7	-	0	ID=1_422;partial=00;start_type=ATG;rbs_motif=AGGAG;rbs_spacer=5-10bp;gc_cont=0.399;conf=99.99;score=233.71;cscore=214.36;sscore=19.35;rscore=13.58;uscore=-0.66;tscore=4.47;
NZ_CADHBV010000001.1	Prodigal_v2.6.3	CDS	449881	450936	167.6	-	0	ID=1_423;partial=00;start_type=ATG;rbs_motif=AGGA;rbs_spacer=5-10bp;gc_cont=0.384;conf=100.00;score=167.60;cscore=146.77;sscore=20.83;rscore=12.54;uscore=2.93;tscore=4.47;
NZ_CADHBV010000001.1	Prodigal_v2.6.3	CDS	450973	453000	359.4	-	0	ID=1_424;partial=00;start_type=TTG;rbs_motif=AGGA;rbs_spacer=5-10bp;gc_cont=0.393;conf=99.99;score=359.36;cscore=351.78;sscore=7.58;rscore=12.54;uscore=1.99;tscore=-6.31;
NZ_CADHBV010000001.1	Prodigal_v2.6.3	CDS	453440	454612	60.4	-	0	ID=1_425;partial=00;start_type=TTG;rbs_motif=GGA/GAG/AGG;rbs_spacer=5-10bp;gc_cont=0.319;conf=100.00;score=60.44;cscore=61.20;sscore=-0.76;rscore=3.13;uscore=1.16;tscore=-6.31;
NZ_CADHBV010000001.1	Prodigal_v2.6.3	CDS	454605	456236	265.0	-	0	ID=1_426;partial=00;start_type=ATG;rbs_motif=AGGA;rbs_spacer=5-10bp;gc_cont=0.384;conf=99.99;score=264.99;cscore=247.88;sscore=17.10;rscore=12.54;uscore=-1.16;tscore=4.47;
NZ_CADHBV010000001.1	Prodigal_v2.6.3	CDS	456229	458493	372.0	-	0	ID=1_427;partial=00;start_type=ATG;rbs_motif=None;rbs_spacer=None;gc_cont=0.345;conf=99.99;score=371.99;cscore=370.76;sscore=1.23;rscore=-6.18;uscore=2.94;tscore=4.47;
NZ_CADHBV010000001.1	Prodigal_v2.6.3	CDS	458667	459359	107.8	-	0	ID=1_428;partial=00;start_type=ATG;rbs_motif=GGA/GAG/AGG;rbs_spacer=5-10bp;gc_cont=0.390;conf=100.00;score=107.81;cscore=94.33;sscore=13.47;rscore=3.13;uscore=5.11;tscore=4.47;
NZ_CADHBV010000001.1	Prodigal_v2.6.3	CDS	459407	461302	268.2	-	0	ID=1_429;partial=00;start_type=ATG;rbs_motif=GGA/GAG/AGG;rbs_spacer=5-10bp;gc_cont=0.369;conf=99.99;score=268.16;cscore=257.16;sscore=10.99;rscore=3.13;uscore=2.42;tscore=4.47;
NZ_CADHBV010000001.1	Prodigal_v2.6.3	CDS	461331	462092	153.1	-	0	ID=1_430;partial=00;start_type=ATG;rbs_motif=AGGA;rbs_spacer=5-10bp;gc_cont=0.371;conf=100.00;score=153.07;cscore=130.78;sscore=22.28;rscore=12.54;uscore=4.10;tscore=4.47;
NZ_CADHBV010000001.1	Prodigal_v2.6.3	CDS	462102	462416	39.1	-	0	ID=1_431;partial=00;start_type=ATG;rbs_motif=3Base/5BMM;rbs_spacer=13-15bp;gc_cont=0.381;conf=99.99;score=39.10;cscore=38.81;sscore=0.29;rscore=-5.81;uscore=0.37;tscore=4.47;
NZ_CADHBV010000001.1	Prodigal_v2.6.3	CDS	462418	463905	255.1	-	0	ID=1_432;partial=00;start_type=ATG;rbs_motif=AGGA;rbs_spacer=5-10bp;gc_cont=0.374;conf=99.99;score=255.14;cscore=237.67;sscore=17.47;rscore=12.54;uscore=-0.69;tscore=4.47;
NZ_CADHBV010000001.1	Prodigal_v2.6.3	CDS	463917	464405	70.3	-	0	ID=1_433;partial=00;start_type=ATG;rbs_motif=GGA/GAG/AGG;rbs_spacer=5-10bp;gc_cont=0.391;conf=100.00;score=70.30;cscore=60.82;sscore=9.48;rscore=3.13;uscore=0.71;tscore=4.47;
NZ_CADHBV010000001.1	Prodigal_v2.6.3	CDS	464390	466126	294.0	-	0	ID=1_434;partial=00;start_type=ATG;rbs_motif=GGA/GAG/AGG;rbs_spacer=5-10bp;gc_cont=0.378;conf=99.99;score=293.98;cscore=283.96;sscore=10.02;rscore=3.13;uscore=2.41;tscore=4.47;
NZ_CADHBV010000001.1	Prodigal_v2.6.3	CDS	466224	467474	152.8	-	0	ID=1_435;partial=00;start_type=ATG;rbs_motif=GGA/GAG/AGG;rbs_spacer=5-10bp;gc_cont=0.369;conf=100.00;score=152.78;cscore=143.88;sscore=8.90;rscore=3.13;uscore=1.95;tscore=4.47;
NZ_CADHBV010000001.1	Prodigal_v2.6.3	CDS	467794	468354	87.1	-	0	ID=1_436;partial=00;start_type=ATG;rbs_motif=AGGA;rbs_spacer=5-10bp;gc_cont=0.422;conf=100.00;score=87.09;cscore=70.13;sscore=16.95;rscore=12.54;uscore=0.59;tscore=4.47;
NZ_CADHBV010000001.1	Prodigal_v2.6.3	CDS	468578	469318	113.1	+	0	ID=1_437;partial=00;start_type=ATG;rbs_motif=GGA/GAG/AGG;rbs_spacer=5-10bp;gc_cont=0.339;conf=100.00;score=113.11;cscore=102.78;sscore=10.33;rscore=3.13;uscore=2.72;tscore=4.47;
NZ_CADHBV010000001.1	Prodigal_v2.6.3	CDS	469340	470014	76.8	+	0	ID=1_438;partial=00;start_type=ATG;rbs_motif=GGA/GAG/AGG;rbs_spacer=5-10bp;gc_cont=0.378;conf=100.00;score=76.77;cscore=68.33;sscore=8.43;rscore=3.13;uscore=-0.22;tscore=4.47;
NZ_CADHBV010000001.1	Prodigal_v2.6.3	CDS	470011	470808	96.0	+	0	ID=1_439;partial=00;start_type=ATG;rbs_motif=None;rbs_spacer=None;gc_cont=0.386;conf=100.00;score=96.05;cscore=87.38;sscore=8.67;rscore=-6.18;uscore=2.90;tscore=4.47;
NZ_CADHBV010000001.1	Prodigal_v2.6.3	CDS	470980	472371	225.3	-	0	ID=1_440;partial=00;start_type=ATG;rbs_motif=GGA/GAG/AGG;rbs_spacer=5-10bp;gc_cont=0.398;conf=99.99;score=225.34;cscore=213.93;sscore=11.41;rscore=3.13;uscore=4.46;tscore=4.47;
NZ_CADHBV010000001.1	Prodigal_v2.6.3	CDS	472491	472565	22.5	+	0	ID=1_441;partial=01;start_type=ATG;rbs_motif=AGGA;rbs_spacer=5-10bp;gc_cont=0.307;conf=99.43;score=22.47;cscore=3.79;sscore=18.67;rscore=12.54;uscore=1.66;tscore=4.47;
# Sequence Data: seqnum=2;seqlen=145492;seqhdr="NZ_CADHBV010000002.1 Helicobacter pylori isolate clinical, whole genome shotgun sequence"
# Model Data: version=Prodigal.v2.6.3;run_type=Single;model="Ab initio";gc_cont=38.94;transl_table=11;uses_sd=1
NZ_CADHBV010000002.1	Prodigal_v2.6.3	CDS	3	296	49.0	-	0	ID=2_1;partial=10;start_type=ATG;rbs_motif=AGGA;rbs_spacer=5-10bp;gc_cont=0.388;conf=100.00;score=49.03;cscore=28.48;sscore=20.55;rscore=12.54;uscore=2.66;tscore=4.47;
NZ_CADHBV010000002.1	Prodigal_v2.6.3	CDS	334	957	83.3	-	0	ID=2_2;partial=00;start_type=GTG;rbs_motif=GGA/GAG/AGG;rbs_spacer=5-10bp;gc_cont=0.415;conf=100.00;score=83.26;cscore=84.11;sscore=-0.85;rscore=3.13;uscore=2.46;tscore=-7.55;
NZ_CADHBV010000002.1	Prodigal_v2.6.3	CDS	973	1476	96.8	-	0	ID=2_3;partial=00;start_type=ATG;rbs_motif=AGGAG;rbs_spacer=5-10bp;gc_cont=0.383;conf=100.00;score=96.83;cscore=79.50;sscore=17.34;rscore=13.58;uscore=-0.06;tscore=4.47;
NZ_CADHBV010000002.1	Prodigal_v2.6.3	CDS	1742	2857	191.1	+	0	ID=2_4;partial=00;start_type=ATG;rbs_motif=None;rbs_spacer=None;gc_cont=0.376;conf=99.99;score=191.07;cscore=189.36;sscore=1.71;rscore=-6.18;uscore=3.43;tscore=4.47;
NZ_CADHBV010000002.1	Prodigal_v2.6.3	CDS	2979	5690	413.7	+	0	ID=2_5;partial=00;start_type=ATG;rbs_motif=None;rbs_spacer=None;gc_cont=0.428;conf=99.99;score=413.67;cscore=413.65;sscore=0.02;rscore=-6.18;uscore=1.74;tscore=4.47;
NZ_CADHBV010000002.1	Prodigal_v2.6.3	CDS	5692	6753	178.0	+	0	ID=2_6;partial=00;start_type=ATG;rbs_motif=GGA/GAG/AGG;rbs_spacer=5-10bp;gc_cont=0.415;conf=100.00;score=178.04;cscore=171.47;sscore=6.57;rscore=3.13;uscore=-2.29;tscore=4.47;
NZ_CADHBV010000002.1	Prodigal_v2.6.3	CDS	6798	8057	262.4	+	0	ID=2_7;partial=00;start_type=ATG;rbs_motif=AGGAG;rbs_spacer=5-10bp;gc_cont=0.387;conf=99.99;score=262.39;cscore=240.47;sscore=21.92;rscore=13.58;uscore=3.07;tscore=4.47;
NZ_CADHBV010000002.1	Prodigal_v2.6.3	CDS	8057	9481	288.0	+	0	ID=2_8;partial=00;start_type=ATG;rbs_motif=AGGA;rbs_spacer=5-10bp;gc_cont=0.422;conf=99.99;score=288.00;cscore=267.77;sscore=20.23;rscore=12.54;uscore=1.94;tscore=4.47;
NZ_CADHBV010000002.1	Prodigal_v2.6.3	CDS	9481	10743	222.8	+	0	ID=2_9;partial=00;start_type=ATG;rbs_motif=GGA/GAG/AGG;rbs_spacer=11-12bp;gc_cont=0.388;conf=99.99;score=222.81;cscore=216.23;sscore=6.58;rscore=-2.12;uscore=0.82;tscore=4.47;
NZ_CADHBV010000002.1	Prodigal_v2.6.3	CDS	10754	11764	138.9	+	0	ID=2_10;partial=00;start_type=GTG;rbs_motif=3Base/5BMM;rbs_spacer=13-15bp;gc_cont=0.353;conf=100.00;score=138.89;cscore=151.24;sscore=-12.35;rscore=-5.81;uscore=-0.14;tscore=-7.55;
NZ_CADHBV010000002.1	Prodigal_v2.6.3	CDS	11766	12197	69.5	+	0	ID=2_11;partial=00;start_type=ATG;rbs_motif=GGAG/GAGG;rbs_spacer=5-10bp;gc_cont=0.410;conf=100.00;score=69.48;cscore=58.46;sscore=11.02;rscore=6.22;uscore=-0.93;tscore=4.47;
NZ_CADHBV010000002.1	Prodigal_v2.6.3	CDS	12206	12907	113.3	+	0	ID=2_12;partial=00;start_type=ATG;rbs_motif=GGA/GAG/AGG;rbs_spacer=5-10bp;gc_cont=0.407;conf=100.00;score=113.27;cscore=104.53;sscore=8.74;rscore=3.13;uscore=-0.05;tscore=4.47;
NZ_CADHBV010000002.1	Prodigal_v2.6.3	CDS	12904	14001	190.7	+	0	ID=2_13;partial=00;start_type=ATG;rbs_motif=AGGA;rbs_spacer=5-10bp;gc_cont=0.414;conf=99.99;score=190.73;cscore=172.42;sscore=18.31;rscore=12.54;uscore=-0.16;tscore=4.47;
NZ_CADHBV010000002.1	Prodigal_v2.6.3	CDS	14038	14553	104.1	+	0	ID=2_14;partial=00;start_type=ATG;rbs_motif=AGGA;rbs_spacer=5-10bp;gc_cont=0.343;conf=100.00;score=104.15;cscore=84.85;sscore=19.30;rscore=12.54;uscore=1.40;tscore=4.47;
NZ_CADHBV010000002.1	Prodigal_v2.6.3	CDS	14553	15926	235.1	+	0	ID=2_15;partial=00;start_type=ATG;rbs_motif=GGAG/GAGG;rbs_spacer=5-10bp;gc_cont=0.392;conf=99.99;score=235.13;cscore=219.90;sscore=15.22;rscore=6.22;uscore=3.25;tscore=4.47;
NZ_CADHBV010000002.1	Prodigal_v2.6.3	CDS	15923	17224	205.6	+	0	ID=2_16;partial=00;start_type=ATG;rbs_motif=None;rbs_spacer=None;gc_cont=0.399;conf=99.99;score=205.64;cscore=199.88;sscore=5.77;rscore=-6.18;uscore=-2.80;tscore=4.47;
NZ_CADHBV010000002.1	Prodigal_v2.6.3	CDS	17301	22148	794.7	+	0	ID=2_17;partial=00;start_type=ATG;rbs_motif=AGGA;rbs_spacer=5-10bp;gc_cont=0.402;conf=99.99;score=794.69;cscore=777.54;sscore=17.15;rscore=12.54;uscore=0.14;tscore=4.47;
NZ_CADHBV010000002.1	Prodigal_v2.6.3	CDS	22391	23203	114.8	+	0	ID=2_18;partial=00;start_type=ATG;rbs_motif=AGGA;rbs_spacer=5-10bp;gc_cont=0.423;conf=100.00;score=114.77;cscore=96.56;sscore=18.21;rscore=12.54;uscore=1.85;tscore=4.47;
NZ_CADHBV010000002.1	Prodigal_v2.6.3	CDS	23362	24534	188.4	+	0	ID=2_19;partial=00;start_type=ATG;rbs_motif=AGGA;rbs_spacer=5-10bp;gc_cont=0.425;conf=99.99;score=188.40;cscore=167.25;sscore=21.15;rscore=12.54;uscore=4.14;tscore=4.47;
NZ_CADHBV010000002.1	Prodigal_v2.6.3	CDS	24706	25776	163.5	+	0	ID=2_20;partial=00;start_type=ATG;rbs_motif=GGA/GAG/AGG;rbs_spacer=5-10bp;gc_cont=0.382;conf=100.00;score=163.53;cscore=152.36;sscore=11.17;rscore=3.13;uscore=3.57;tscore=4.47;
NZ_CADHBV010000002.1	Prodigal_v2.6.3	CDS	25839	26345	56.7	-	0	ID=2_21;partial=00;start_type=ATG;rbs_motif=None;rbs_spacer=None;gc_cont=0.369;conf=100.00;score=56.68;cscore=56.13;sscore=0.54;rscore=-6.18;uscore=1.02;tscore=4.47;
NZ_CADHBV010000002.1	Prodigal_v2.6.3	CDS	26349	27116	87.9	-	0	ID=2_22;partial=00;start_type=ATG;rbs_motif=GGA/GAG/AGG;rbs_spacer=5-10bp;gc_cont=0.376;conf=100.00;score=87.85;cscore=80.44;sscore=7.41;rscore=3.13;uscore=-0.19;tscore=4.47;
NZ_CADHBV010000002.1	Prodigal_v2.6.3	CDS	27230	28177	169.6	-	0	ID=2_23;partial=00;start_type=ATG;rbs_motif=AGGA;rbs_spacer=5-10bp;gc_cont=0.400;conf=100.00;score=169.60;cscore=149.86;sscore=19.74;rscore=12.54;uscore=2.73;tscore=4.47;
NZ_CADHBV010000002.1	Prodigal_v2.6.3	CDS	28239	30605	424.9	-	0	ID=2_24;partial=00;start_type=TTG;rbs_motif=AGGA;rbs_spacer=5-10bp;gc_cont=0.411;conf=99.99;score=424.90;cscore=415.43;sscore=9.47;rscore=12.54;uscore=3.24;tscore=-6.31;
NZ_CADHBV010000002.1	Prodigal_v2.6.3	CDS	30773	31279	27.1	-	0	ID=2_25;partial=00;start_type=ATG;rbs_motif=GGA/GAG/AGG;rbs_spacer=5-10bp;gc_cont=0.396;conf=99.80;score=27.13;cscore=21.16;sscore=5.97;rscore=3.13;uscore=-2.50;tscore=4.47;
NZ_CADHBV010000002.1	Prodigal_v2.6.3	CDS	31318	31638	25.9	-	0	ID=2_26;partial=00;start_type=ATG;rbs_motif=AGGA;rbs_spacer=5-10bp;gc_cont=0.433;conf=99.74;score=25.91;cscore=8.12;sscore=17.79;rscore=12.54;uscore=1.43;tscore=4.47;
NZ_CADHBV010000002.1	Prodigal_v2.6.3	CDS	31854	33155	234.6	-	0	ID=2_27;partial=00;start_type=ATG;rbs_motif=AGGA;rbs_spacer=5-10bp;gc_cont=0.424;conf=99.99;score=234.56;cscore=215.38;sscore=19.18;rscore=12.54;uscore=2.82;tscore=4.47;
NZ_CADHBV010000002.1	Prodigal_v2.6.3	CDS	33238	33984	98.3	+	0	ID=2_28;partial=00;start_type=TTG;rbs_motif=GGA/GAG/AGG;rbs_spacer=5-10bp;gc_cont=0.392;conf=100.00;score=98.27;cscore=98.99;sscore=-0.73;rscore=3.13;uscore=2.45;tscore=-6.31;
NZ_CADHBV010000002.1	Prodigal_v2.6.3	CDS	34028	36331	333.5	-	0	ID=2_29;partial=00;start_type=ATG;rbs_motif=GGA/GAG/AGG;rbs_spacer=5-10bp;gc_cont=0.397;conf=99.99;score=333.48;cscore=325.65;sscore=7.83;rscore=3.13;uscore=0.88;tscore=4.47;
NZ_CADHBV010000002.1	Prodigal_v2.6.3	CDS	36583	38511	304.1	-	0	ID=2_30;partial=00;start_type=ATG;rbs_motif=AGGA/GGAG/GAGG;rbs_spacer=11-12bp;gc_cont=0.395;conf=99.99;score=304.09;cscore=296.04;sscore=8.05;rscore=3.25;uscore=0.99;tscore=4.47;
NZ_CADHBV010000002.1	Prodigal_v2.6.3	CDS	38650	39462	143.6	+	0	ID=2_31;partial=00;start_type=ATG;rbs_motif=AGGAG;rbs_spacer=5-10bp;gc_cont=0.371;conf=100.00;score=143.59;cscore=122.09;sscore=21.49;rscore=13.58;uscore=3.44;tscore=4.47;
NZ_CADHBV010000002.1	Prodigal_v2.6.3	CDS	39744	40919	167.4	+	0	ID=2_32;partial=00;start_type=ATG;rbs_motif=GGA/GAG/AGG;rbs_spacer=5-10bp;gc_cont=0.447;conf=100.00;score=167.35;cscore=156.81;sscore=10.54;rscore=3.13;uscore=3.58;tscore=4.47;
NZ_CADHBV010000002.1	Prodigal_v2.6.3	CDS	40930	41628	113.9	+	0	ID=2_33;partial=00;start_type=ATG;rbs_motif=AGGAG;rbs_spacer=5-10bp;gc_cont=0.423;conf=100.00;score=113.90;cscore=95.62;sscore=18.28;rscore=13.58;uscore=-0.94;tscore=4.47;
NZ_CADHBV010000002.1	Prodigal_v2.6.3	CDS	41625	42248	131.2	+	0	ID=2_34;partial=00;start_type=ATG;rbs_motif=AGGAG;rbs_spacer=5-10bp;gc_cont=0.455;conf=100.00;score=131.20;cscore=108.82;sscore=22.38;rscore=13.58;uscore=3.04;tscore=4.47;
NZ_CADHBV010000002.1	Prodigal_v2.6.3	CDS	42268	43632	178.7	+	0	ID=2_35;partial=00;start_type=ATG;rbs_motif=AGxAGG/AGGxGG;rbs_spacer=5-10bp;gc_cont=0.415;conf=99.99;score=178.73;cscore=170.65;sscore=8.08;rscore=4.39;uscore=-1.84;tscore=4.47;
NZ_CADHBV010000002.1	Prodigal_v2.6.3	CDS	43760	44761	124.6	+	0	ID=2_36;partial=00;start_type=TTG;rbs_motif=AGGA;rbs_spacer=5-10bp;gc_cont=0.399;conf=100.00;score=124.56;cscore=117.39;sscore=7.16;rscore=12.54;uscore=0.93;tscore=-6.31;
NZ_CADHBV010000002.1	Prodigal_v2.6.3	CDS	45009	47150	335.1	+	0	ID=2_37;partial=00;start_type=ATG;rbs_motif=AGGAG;rbs_spacer=5-10bp;gc_cont=0.448;conf=99.99;score=335.09;cscore=317.76;sscore=17.33;rscore=13.58;uscore=-0.07;tscore=4.47;
NZ_CADHBV010000002.1	Prodigal_v2.6.3	CDS	47162	49459	331.5	+	0	ID=2_38;partial=00;start_type=ATG;rbs_motif=AGGAG;rbs_spacer=5-10bp;gc_cont=0.436;conf=99.99;score=331.49;cscore=310.65;sscore=20.85;rscore=13.58;uscore=1.64;tscore=4.47;
NZ_CADHBV010000002.1	Prodigal_v2.6.3	CDS	49476	49976	72.1	+	0	ID=2_39;partial=00;start_type=ATG;rbs_motif=AGGAG;rbs_spacer=5-10bp;gc_cont=0.415;conf=100.00;score=72.05;cscore=52.41;sscore=19.64;rscore=13.58;uscore=0.49;tscore=4.47;
NZ_CADHBV010000002.1	Prodigal_v2.6.3	CDS	50177	50368	8.3	+	0	ID=2_40;partial=00;start_type=ATG;rbs_motif=AGGA;rbs_spacer=5-10bp;gc_cont=0.312;conf=86.99;score=8.26;cscore=-0.43;sscore=8.69;rscore=9.48;uscore=-3.02;tscore=3.38;
NZ_CADHBV010000002.1	Prodigal_v2.6.3	CDS	50395	51408	131.3	+	0	ID=2_41;partial=00;start_type=ATG;rbs_motif=None;rbs_spacer=None;gc_cont=0.367;conf=100.00;score=131.31;cscore=129.75;sscore=1.56;rscore=-6.18;uscore=3.27;tscore=4.47;
NZ_CADHBV010000002.1	Prodigal_v2.6.3	CDS	51401	51787	21.3	+	0	ID=2_42;partial=00;start_type=ATG;rbs_motif=None;rbs_spacer=None;gc_cont=0.411;conf=99.26;score=21.31;cscore=22.84;sscore=-1.53;rscore=-6.18;uscore=-1.07;tscore=4.47;
NZ_CADHBV010000002.1	Prodigal_v2.6.3	CDS	51803	54298	488.7	+	0	ID=2_43;partial=00;start_type=ATG;rbs_motif=GGA/GAG/AGG;rbs_spacer=5-10bp;gc_cont=0.417;conf=99.99;score=488.68;cscore=476.35;sscore=12.32;rscore=3.13;uscore=3.61;tscore=4.47;
NZ_CADHBV010000002.1	Prodigal_v2.6.3	CDS	54298	54771	59.2	+	0	ID=2_44;partial=00;start_type=ATG;rbs_motif=None;rbs_spacer=None;gc_cont=0.382;conf=100.00;score=59.17;cscore=53.42;sscore=5.76;rscore=-6.18;uscore=-1.21;tscore=4.47;
NZ_CADHBV010000002.1	Prodigal_v2.6.3	CDS	54768	55913	220.6	+	0	ID=2_45;partial=00;start_type=ATG;rbs_motif=AGGA;rbs_spacer=5-10bp;gc_cont=0.396;conf=99.99;score=220.56;cscore=201.69;sscore=18.87;rscore=12.54;uscore=0.57;tscore=4.47;
NZ_CADHBV010000002.1	Prodigal_v2.6.3	CDS	56080	56232	7.4	+	0	ID=2_46;partial=00;start_type=ATG;rbs_motif=GGAG/GAGG;rbs_spacer=5-10bp;gc_cont=0.327;conf=84.63;score=7.42;cscore=0.88;sscore=6.54;rscore=3.73;uscore=0.13;tscore=2.68;
NZ_CADHBV010000002.1	Prodigal_v2.6.3	CDS	56229	56900	53.8	+	0	ID=2_47;partial=00;start_type=TTG;rbs_motif=None;rbs_spacer=None;gc_cont=0.371;conf=100.00;score=53.77;cscore=58.06;sscore=-4.29;rscore=-6.18;uscore=0.72;tscore=-6.31;
NZ_CADHBV010000002.1	Prodigal_v2.6.3	CDS	57571	60396	528.3	-	0	ID=2_48;partial=00;start_type=TTG;rbs_motif=AGGA;rbs_spacer=5-10bp;gc_cont=0.404;conf=99.99;score=528.31;cscore=520.84;sscore=7.47;rscore=12.54;uscore=1.89;tscore=-6.31;
NZ_CADHBV010000002.1	Prodigal_v2.6.3	CDS	60561	61382	110.9	+	0	ID=2_49;partial=00;start_type=ATG;rbs_motif=AGGA;rbs_spacer=5-10bp;gc_cont=0.414;conf=100.00;score=110.94;cscore=90.39;sscore=20.55;rscore=12.54;uscore=3.53;tscore=4.47;
NZ_CADHBV010000002.1	Prodigal_v2.6.3	CDS	61558	62484	125.2	+	0	ID=2_50;partial=00;start_type=TTG;rbs_motif=GGA/GAG/AGG;rbs_spacer=5-10bp;gc_cont=0.398;conf=100.00;score=125.24;cscore=131.35;sscore=-6.11;rscore=3.13;uscore=-2.94;tscore=-6.31;
NZ_CADHBV010000002.1	Prodigal_v2.6.3	CDS	62492	62836	56.0	+	0	ID=2_51;partial=00;start_type=ATG;rbs_motif=GGA/GAG/AGG;rbs_spacer=5-10bp;gc_cont=0.330;conf=100.00;score=56.00;cscore=46.37;sscore=9.63;rscore=3.13;uscore=0.83;tscore=4.47;
NZ_CADHBV010000002.1	Prodigal_v2.6.3	CDS	63286	64188	108.1	+	0	ID=2_52;partial=00;start_type=ATG;rbs_motif=AGGA;rbs_spacer=5-10bp;gc_cont=0.430;conf=100.00;score=108.12;cscore=90.59;sscore=17.53;rscore=12.54;uscore=1.17;tscore=4.47;
NZ_CADHBV010000002.1	Prodigal_v2.6.3	CDS	64414	66408	281.0	+	0	ID=2_53;partial=00;start_type=ATG;rbs_motif=AGGA;rbs_spacer=5-10bp;gc_cont=0.384;conf=99.99;score=281.03;cscore=262.74;sscore=18.29;rscore=12.54;uscore=1.93;tscore=4.47;
NZ_CADHBV010000002.1	Prodigal_v2.6.3	CDS	66600	67820	201.5	+	0	ID=2_54;partial=00;start_type=ATG;rbs_motif=AGGA;rbs_spacer=5-10bp;gc_cont=0.392;conf=99.99;score=201.52;cscore=181.83;sscore=19.69;rscore=12.54;uscore=3.33;tscore=4.47;
NZ_CADHBV010000002.1	Prodigal_v2.6.3	CDS	67820	68203	50.6	+	0	ID=2_55;partial=00;start_type=ATG;rbs_motif=GGA/GAG/AGG;rbs_spacer=5-10bp;gc_cont=0.333;conf=100.00;score=50.62;cscore=40.72;sscore=9.90;rscore=3.13;uscore=1.01;tscore=4.47;
NZ_CADHBV010000002.1	Prodigal_v2.6.3	CDS	68225	68524	28.3	+	0	ID=2_56;partial=00;start_type=ATG;rbs_motif=None;rbs_spacer=None;gc_cont=0.363;conf=99.85;score=28.29;cscore=31.31;sscore=-3.02;rscore=-6.18;uscore=-2.35;tscore=4.47;
NZ_CADHBV010000002.1	Prodigal_v2.6.3	CDS	68536	69780	224.5	-	0	ID=2_57;partial=00;start_type=ATG;rbs_motif=GGA/GAG/AGG;rbs_spacer=5-10bp;gc_cont=0.364;conf=99.99;score=224.49;cscore=214.83;sscore=9.66;rscore=3.13;uscore=0.80;tscore=4.47;
NZ_CADHBV010000002.1	Prodigal_v2.6.3	CDS	69783	70505	143.4	-	0	ID=2_58;partial=00;start_type=ATG;rbs_motif=GGA/GAG/AGG;rbs_spacer=5-10bp;gc_cont=0.415;conf=100.00;score=143.40;cscore=135.78;sscore=7.61;rscore=3.13;uscore=-1.13;tscore=4.47;
NZ_CADHBV010000002.1	Prodigal_v2.6.3	CDS	70518	70919	77.6	-	0	ID=2_59;partial=00;start_type=ATG;rbs_motif=GGA/GAG/AGG;rbs_spacer=5-10bp;gc_cont=0.398;conf=100.00;score=77.57;cscore=65.56;sscore=12.02;rscore=3.13;uscore=3.12;tscore=4.47;
NZ_CADHBV010000002.1	Prodigal_v2.6.3	CDS	70916	72661	301.7	-	0	ID=2_60;partial=00;start_type=ATG;rbs_motif=AGGA/GGAG/GAGG;rbs_spacer=11-12bp;gc_cont=0.386;conf=99.99;score=301.72;cscore=293.96;sscore=7.76;rscore=3.25;uscore=0.04;tscore=4.47;
NZ_CADHBV010000002.1	Prodigal_v2.6.3	CDS	72730	73362	87.6	-	0	ID=2_61;partial=00;start_type=ATG;rbs_motif=AGGA;rbs_spacer=5-10bp;gc_cont=0.374;conf=100.00;score=87.57;cscore=72.20;sscore=15.37;rscore=12.54;uscore=-0.99;tscore=4.47;
NZ_CADHBV010000002.1	Prodigal_v2.6.3	CDS	73626	74048	58.6	+	0	ID=2_62;partial=00;start_type=ATG;rbs_motif=AGGA;rbs_spacer=5-10bp;gc_cont=0.409;conf=100.00;score=58.57;cscore=40.77;sscore=17.80;rscore=12.54;uscore=0.79;tscore=4.47;
NZ_CADHBV010000002.1	Prodigal_v2.6.3	CDS	74077	74538	82.5	+	0	ID=2_63;partial=00;start_type=ATG;rbs_motif=AGGA;rbs_spacer=5-10bp;gc_cont=0.403;conf=100.00;score=82.51;cscore=61.99;sscore=20.53;rscore=12.54;uscore=2.54;tscore=4.47;
NZ_CADHBV010000002.1	Prodigal_v2.6.3	CDS	74719	75144	50.3	+	0	ID=2_64;partial=00;start_type=ATG;rbs_motif=AGGA;rbs_spacer=5-10bp;gc_cont=0.380;conf=100.00;score=50.29;cscore=30.03;sscore=20.27;rscore=12.54;uscore=3.91;tscore=4.47;
NZ_CADHBV010000002.1	Prodigal_v2.6.3	CDS	75209	76261	178.2	-	0	ID=2_65;partial=00;start_type=ATG;rbs_motif=GGA/GAG/AGG;rbs_spacer=5-10bp;gc_cont=0.451;conf=100.00;score=178.20;cscore=167.88;sscore=10.32;rscore=3.13;uscore=3.36;tscore=4.47;
NZ_CADHBV010000002.1	Prodigal_v2.6.3	CDS	76337	77668	200.0	+	0	ID=2_66;partial=00;start_type=ATG;rbs_motif=None;rbs_spacer=None;gc_cont=0.445;conf=99.99;score=200.01;cscore=196.70;sscore=3.31;rscore=-6.18;uscore=5.02;tscore=4.47;
NZ_CADHBV010000002.1	Prodigal_v2.6.3	CDS	77744	79696	277.6	-	0	ID=2_67;partial=00;start_type=ATG;rbs_motif=AGGA;rbs_spacer=5-10bp;gc_cont=0.417;conf=99.99;score=277.55;cscore=256.94;sscore=20.61;rscore=12.54;uscore=4.25;tscore=4.47;
NZ_CADHBV010000002.1	Prodigal_v2.6.3	CDS	79916	80845	125.4	-	0	ID=2_68;partial=00;start_type=ATG;rbs_motif=None;rbs_spacer=None;gc_cont=0.414;conf=100.00;score=125.43;cscore=124.68;sscore=0.75;rscore=-6.18;uscore=2.46;tscore=4.47;
NZ_CADHBV010000002.1	Prodigal_v2.6.3	CDS	80815	81801	164.4	-	0	ID=2_69;partial=00;start_type=ATG;rbs_motif=GGA/GAG/AGG;rbs_spacer=5-10bp;gc_cont=0.402;conf=100.00;score=164.40;cscore=154.51;sscore=9.89;rscore=3.13;uscore=2.29;tscore=4.47;
NZ_CADHBV010000002.1	Prodigal_v2.6.3	CDS	81892	82908	106.7	-	0	ID=2_70;partial=00;start_type=TTG;rbs_motif=None;rbs_spacer=None;gc_cont=0.368;conf=100.00;score=106.71;cscore=120.76;sscore=-14.05;rscore=-6.18;uscore=-2.45;tscore=-6.31;
NZ_CADHBV010000002.1	Prodigal_v2.6.3	CDS	82944	84011	173.0	-	0	ID=2_71;partial=00;start_type=ATG;rbs_motif=None;rbs_spacer=None;gc_cont=0.349;conf=100.00;score=173.04;cscore=170.63;sscore=2.41;rscore=-6.18;uscore=2.94;tscore=4.47;
NZ_CADHBV010000002.1	Prodigal_v2.6.3	CDS	84020	84325	40.6	-	0	ID=2_72;partial=00;start_type=ATG;rbs_motif=AGGA;rbs_spacer=5-10bp;gc_cont=0.356;conf=99.99;score=40.56;cscore=24.91;sscore=15.65;rscore=12.54;uscore=-1.36;tscore=4.47;
NZ_CADHBV010000002.1	Prodigal_v2.6.3	CDS	84431	86152	277.9	-	0	ID=2_73;partial=00;start_type=ATG;rbs_motif=AGGAG;rbs_spacer=5-10bp;gc_cont=0.375;conf=99.99;score=277.88;cscore=255.67;sscore=22.21;rscore=13.58;uscore=2.86;tscore=4.47;
NZ_CADHBV010000002.1	Prodigal_v2.6.3	CDS	86149	88002	211.6	-	0	ID=2_74;partial=00;start_type=ATG;rbs_motif=GGAG/GAGG;rbs_spacer=5-10bp;gc_cont=0.353;conf=99.99;score=211.60;cscore=199.08;sscore=12.52;rscore=6.22;uscore=1.83;tscore=4.47;
NZ_CADHBV010000002.1	Prodigal_v2.6.3	CDS	88104	89423	229.3	-	0	ID=2_75;partial=00;start_type=ATG;rbs_motif=None;rbs_spacer=None;gc_cont=0.407;conf=99.99;score=229.33;cscore=228.70;sscore=0.63;rscore=-6.18;uscore=1.08;tscore=4.47;
NZ_CADHBV010000002.1	Prodigal_v2.6.3	CDS	89425	89886	91.1	-	0	ID=2_76;partial=00;start_type=ATG;rbs_motif=AGGA;rbs_spacer=5-10bp;gc_cont=0.396;conf=100.00;score=91.12;cscore=70.01;sscore=21.10;rscore=12.54;uscore=2.90;tscore=4.47;
NZ_CADHBV010000002.1	Prodigal_v2.6.3	CDS	89895	91004	181.8	-	0	ID=2_77;partial=00;start_type=ATG;rbs_motif=GGA/GAG/AGG;rbs_spacer=5-10bp;gc_cont=0.429;conf=99.99;score=181.83;cscore=170.71;sscore=11.12;rscore=3.13;uscore=4.17;tscore=4.47;
NZ_CADHBV010000002.1	Prodigal_v2.6.3	CDS	91152	91628	67.0	+	0	ID=2_78;partial=00;start_type=TTG;rbs_motif=GGA/GAG/AGG;rbs_spacer=5-10bp;gc_cont=0.398;conf=100.00;score=67.01;cscore=66.54;sscore=0.47;rscore=3.13;uscore=3.64;tscore=-6.31;
NZ_CADHBV010000002.1	Prodigal_v2.6.3	CDS	91705	92748	169.2	+	0	ID=2_79;partial=00;start_type=GTG;rbs_motif=GGAG/GAGG;rbs_spacer=5-10bp;gc_cont=0.354;conf=100.00;score=169.17;cscore=168.43;sscore=0.75;rscore=6.22;uscore=2.08;tscore=-7.55;
NZ_CADHBV010000002.1	Prodigal_v2.6.3	CDS	92748	93473	105.1	+	0	ID=2_80;partial=00;start_type=ATG;rbs_motif=None;rbs_spacer=None;gc_cont=0.364;conf=100.00;score=105.07;cscore=98.36;sscore=6.71;rscore=-6.18;uscore=0.96;tscore=4.47;
NZ_CADHBV010000002.1	Prodigal_v2.6.3	CDS	93460	94941	228.6	+	0	ID=2_81;partial=00;start_type=ATG;rbs_motif=GGAG/GAGG;rbs_spacer=5-10bp;gc_cont=0.383;conf=99.99;score=228.57;cscore=213.84;sscore=14.73;rscore=6.22;uscore=2.85;tscore=4.47;
NZ_CADHBV010000002.1	Prodigal_v2.6.3	CDS	94951	95436	89.2	+	0	ID=2_82;partial=00;start_type=ATG;rbs_motif=AGGA;rbs_spacer=5-10bp;gc_cont=0.391;conf=100.00;score=89.17;cscore=71.19;sscore=17.98;rscore=12.54;uscore=-0.20;tscore=4.47;
NZ_CADHBV010000002.1	Prodigal_v2.6.3	CDS	95501	96457	168.0	+	0	ID=2_83;partial=00;start_type=ATG;rbs_motif=GGAG/GAGG;rbs_spacer=5-10bp;gc_cont=0.450;conf=100.00;score=168.04;cscore=156.76;sscore=11.28;rscore=6.22;uscore=0.59;tscore=4.47;
NZ_CADHBV010000002.1	Prodigal_v2.6.3	CDS	96527	97648	128.8	-	0	ID=2_84;partial=00;start_type=ATG;rbs_motif=AGGA;rbs_spacer=5-10bp;gc_cont=0.410;conf=100.00;score=128.82;cscore=111.61;sscore=17.21;rscore=12.54;uscore=-0.58;tscore=4.47;
NZ_CADHBV010000002.1	Prodigal_v2.6.3	CDS	97695	98279	45.8	-	0	ID=2_85;partial=00;start_type=TTG;rbs_motif=None;rbs_spacer=None;gc_cont=0.426;conf=100.00;score=45.76;cscore=61.60;sscore=-15.84;rscore=-6.18;uscore=-3.35;tscore=-6.31;
NZ_CADHBV010000002.1	Prodigal_v2.6.3	CDS	98443	98907	67.0	-	0	ID=2_86;partial=00;start_type=ATG;rbs_motif=GGA/GAG/AGG;rbs_spacer=5-10bp;gc_cont=0.396;conf=100.00;score=67.04;cscore=58.88;sscore=8.16;rscore=3.13;uscore=1.21;tscore=4.47;
NZ_CADHBV010000002.1	Prodigal_v2.6.3	CDS	99057	100040	162.3	+	0	ID=2_87;partial=00;start_type=ATG;rbs_motif=GGA/GAG/AGG;rbs_spacer=5-10bp;gc_cont=0.374;conf=100.00;score=162.28;cscore=151.69;sscore=10.59;rscore=3.13;uscore=2.98;tscore=4.47;
NZ_CADHBV010000002.1	Prodigal_v2.6.3	CDS	99991	101250	225.3	+	0	ID=2_88;partial=00;start_type=ATG;rbs_motif=AGGAG;rbs_spacer=5-10bp;gc_cont=0.406;conf=99.99;score=225.31;cscore=204.14;sscore=21.18;rscore=13.58;uscore=3.13;tscore=4.47;
NZ_CADHBV010000002.1	Prodigal_v2.6.3	CDS	101261	102442	157.2	+	0	ID=2_89;partial=00;start_type=ATG;rbs_motif=GGA/GAG/AGG;rbs_spacer=5-10bp;gc_cont=0.350;conf=100.00;score=157.18;cscore=150.02;sscore=7.16;rscore=3.13;uscore=-1.61;tscore=4.47;
NZ_CADHBV010000002.1	Prodigal_v2.6.3	CDS	102439	103110	105.5	+	0	ID=2_90;partial=00;start_type=ATG;rbs_motif=GGA/GAG/AGG;rbs_spacer=5-10bp;gc_cont=0.414;conf=100.00;score=105.49;cscore=96.59;sscore=8.90;rscore=3.13;uscore=-1.66;tscore=4.47;
NZ_CADHBV010000002.1	Prodigal_v2.6.3	CDS	103097	103903	117.0	+	0	ID=2_91;partial=00;start_type=ATG;rbs_motif=GGA/GAG/AGG;rbs_spacer=5-10bp;gc_cont=0.344;conf=100.00;score=117.00;cscore=107.34;sscore=9.66;rscore=3.13;uscore=0.87;tscore=4.47;
NZ_CADHBV010000002.1	Prodigal_v2.6.3	CDS	103896	105098	202.0	+	0	ID=2_92;partial=00;start_type=ATG;rbs_motif=GGAG/GAGG;rbs_spacer=5-10bp;gc_cont=0.375;conf=99.99;score=202.03;cscore=191.53;sscore=10.51;rscore=6.22;uscore=-1.43;tscore=4.47;
NZ_CADHBV010000002.1	Prodigal_v2.6.3	CDS	105191	105550	52.4	+	0	ID=2_93;partial=00;start_type=ATG;rbs_motif=GGAG/GAGG;rbs_spacer=5-10bp;gc_cont=0.397;conf=100.00;score=52.36;cscore=39.71;sscore=12.65;rscore=6.22;uscore=1.96;tscore=4.47;
NZ_CADHBV010000002.1	Prodigal_v2.6.3	CDS	105567	107624	417.1	+	0	ID=2_94;partial=00;start_type=ATG;rbs_motif=GGAG/GAGG;rbs_spacer=5-10bp;gc_cont=0.420;conf=99.99;score=417.07;cscore=404.44;sscore=12.63;rscore=6.22;uscore=0.85;tscore=4.47;
NZ_CADHBV010000002.1	Prodigal_v2.6.3	CDS	107666	108046	86.6	+	0	ID=2_95;partial=00;start_type=ATG;rbs_motif=AGGA;rbs_spacer=5-10bp;gc_cont=0.388;conf=100.00;score=86.56;cscore=65.60;sscore=20.96;rscore=12.54;uscore=3.12;tscore=4.47;
NZ_CADHBV010000002.1	Prodigal_v2.6.3	CDS	108033	108272	27.0	+	0	ID=2_96;partial=00;start_type=ATG;rbs_motif=AGGAG(G)/GGAGG;rbs_spacer=13-15bp;gc_cont=0.317;conf=99.80;score=26.99;cscore=25.31;sscore=1.68;rscore=0.42;uscore=-4.16;tscore=4.24;
NZ_CADHBV010000002.1	Prodigal_v2.6.3	CDS	108325	109032	76.4	+	0	ID=2_97;partial=00;start_type=TTG;rbs_motif=GGA/GAG/AGG;rbs_spacer=5-10bp;gc_cont=0.405;conf=100.00;score=76.42;cscore=76.95;sscore=-0.53;rscore=3.13;uscore=1.93;tscore=-6.31;
NZ_CADHBV010000002.1	Prodigal_v2.6.3	CDS	108998	109147	50.8	+	0	ID=2_98;partial=00;start_type=ATG;rbs_motif=GGA/GAG/AGG;rbs_spacer=5-10bp;gc_cont=0.313;conf=100.00;score=50.83;cscore=44.30;sscore=6.53;rscore=1.84;uscore=2.06;tscore=2.63;
NZ_CADHBV010000002.1	Prodigal_v2.6.3	CDS	109151	110032	159.2	+	0	ID=2_99;partial=00;start_type=ATG;rbs_motif=GGA/GAG/AGG;rbs_spacer=5-10bp;gc_cont=0.421;conf=100.00;score=159.18;cscore=149.91;sscore=9.27;rscore=3.13;uscore=0.42;tscore=4.47;
NZ_CADHBV010000002.1	Prodigal_v2.6.3	CDS	110155	111468	202.3	+	0	ID=2_100;partial=00;start_type=ATG;rbs_motif=AGGAG;rbs_spacer=5-10bp;gc_cont=0.430;conf=99.99;score=202.32;cscore=183.31;sscore=19.01;rscore=13.58;uscore=0.96;tscore=4.47;
NZ_CADHBV010000002.1	Prodigal_v2.6.3	CDS	111531	112784	128.5	+	0	ID=2_101;partial=00;start_type=GTG;rbs_motif=None;rbs_spacer=None;gc_cont=0.390;conf=100.00;score=128.47;cscore=146.99;sscore=-18.52;rscore=-6.18;uscore=-4.78;tscore=-7.55;
NZ_CADHBV010000002.1	Prodigal_v2.6.3	CDS	112785	114326	276.6	-	0	ID=2_102;partial=00;start_type=TTG;rbs_motif=3Base/5BMM;rbs_spacer=13-15bp;gc_cont=0.432;conf=99.99;score=276.56;cscore=288.63;sscore=-12.06;rscore=-5.81;uscore=0.06;tscore=-6.31;
NZ_CADHBV010000002.1	Prodigal_v2.6.3	CDS	114274	114921	36.4	-	0	ID=2_103;partial=00;start_type=TTG;rbs_motif=None;rbs_spacer=None;gc_cont=0.394;conf=99.98;score=36.44;cscore=47.25;sscore=-10.81;rscore=-6.18;uscore=2.33;tscore=-6.31;
NZ_CADHBV010000002.1	Prodigal_v2.6.3	CDS	115046	115603	94.6	+	0	ID=2_104;partial=00;start_type=ATG;rbs_motif=AGGA;rbs_spacer=5-10bp;gc_cont=0.353;conf=100.00;score=94.58;cscore=74.35;sscore=20.23;rscore=12.54;uscore=3.21;tscore=4.47;
NZ_CADHBV010000002.1	Prodigal_v2.6.3	CDS	115610	116491	177.3	+	0	ID=2_105;partial=00;start_type=ATG;rbs_motif=AGGA;rbs_spacer=5-10bp;gc_cont=0.404;conf=100.00;score=177.26;cscore=157.15;sscore=20.11;rscore=12.54;uscore=1.89;tscore=4.47;
NZ_CADHBV010000002.1	Prodigal_v2.6.3	CDS	116500	116820	14.1	-	0	ID=2_106;partial=00;start_type=ATG;rbs_motif=AGxAG;rbs_spacer=5-10bp;gc_cont=0.408;conf=96.21;score=14.07;cscore=11.97;sscore=2.10;rscore=-3.49;uscore=1.12;tscore=4.47;
NZ_CADHBV010000002.1	Prodigal_v2.6.3	CDS	116882	117961	127.9	-	0	ID=2_107;partial=00;start_type=ATG;rbs_motif=AGGAG;rbs_spacer=5-10bp;gc_cont=0.443;conf=100.00;score=127.86;cscore=103.21;sscore=24.65;rscore=13.58;uscore=5.43;tscore=4.47;
NZ_CADHBV010000002.1	Prodigal_v2.6.3	CDS	117972	118265	43.6	-	0	ID=2_108;partial=00;start_type=ATG;rbs_motif=AGGAG;rbs_spacer=5-10bp;gc_cont=0.378;conf=100.00;score=43.61;cscore=20.34;sscore=23.27;rscore=13.58;uscore=4.06;tscore=4.47;
NZ_CADHBV010000002.1	Prodigal_v2.6.3	CDS	118277	119827	158.2	-	0	ID=2_109;partial=00;start_type=ATG;rbs_motif=GGAG/GAGG;rbs_spacer=5-10bp;gc_cont=0.420;conf=100.00;score=158.16;cscore=147.69;sscore=10.47;rscore=6.22;uscore=0.44;tscore=4.47;
NZ_CADHBV010000002.1	Prodigal_v2.6.3	CDS	120072	121037	134.6	-	0	ID=2_110;partial=00;start_type=GTG;rbs_motif=GGA/GAG/AGG;rbs_spacer=5-10bp;gc_cont=0.350;conf=100.00;score=134.55;cscore=138.26;sscore=-3.71;rscore=3.13;uscore=1.37;tscore=-7.55;
NZ_CADHBV010000002.1	Prodigal_v2.6.3	CDS	121124	121729	77.7	+	0	ID=2_111;partial=00;start_type=TTG;rbs_motif=AGGA;rbs_spacer=5-10bp;gc_cont=0.353;conf=100.00;score=77.70;cscore=67.31;sscore=10.39;rscore=12.54;uscore=4.15;tscore=-6.31;
NZ_CADHBV010000002.1	Prodigal_v2.6.3	CDS	121722	122798	181.7	+	0	ID=2_112;partial=00;start_type=ATG;rbs_motif=GGA/GAG/AGG;rbs_spacer=5-10bp;gc_cont=0.377;conf=99.99;score=181.74;cscore=172.16;sscore=9.58;rscore=3.13;uscore=0.73;tscore=4.47;
NZ_CADHBV010000002.1	Prodigal_v2.6.3	CDS	122881	123618	67.6	-	0	ID=2_113;partial=00;start_type=ATG;rbs_motif=GGA/GAG/AGG;rbs_spacer=5-10bp;gc_cont=0.359;conf=100.00;score=67.65;cscore=60.43;sscore=7.22;rscore=3.13;uscore=-0.38;tscore=4.47;
NZ_CADHBV010000002.1	Prodigal_v2.6.3	CDS	123742	125049	172.8	-	0	ID=2_114;partial=00;start_type=GTG;rbs_motif=AGGA/GGAG/GAGG;rbs_spacer=11-12bp;gc_cont=0.397;conf=100.00;score=172.79;cscore=177.11;sscore=-4.33;rscore=3.25;uscore=-1.22;tscore=-7.55;
NZ_CADHBV010000002.1	Prodigal_v2.6.3	CDS	125056	126147	185.1	-	0	ID=2_115;partial=00;start_type=ATG;rbs_motif=AGGA;rbs_spacer=5-10bp;gc_cont=0.442;conf=99.99;score=185.08;cscore=162.36;sscore=22.72;rscore=12.54;uscore=4.61;tscore=4.47;
NZ_CADHBV010000002.1	Prodigal_v2.6.3	CDS	126164	127372	204.1	-	0	ID=2_116;partial=00;start_type=ATG;rbs_motif=GGA/GAG/AGG;rbs_spacer=5-10bp;gc_cont=0.395;conf=99.99;score=204.14;cscore=194.73;sscore=9.40;rscore=3.13;uscore=0.73;tscore=4.47;
NZ_CADHBV010000002.1	Prodigal_v2.6.3	CDS	127392	129722	379.0	-	0	ID=2_117;partial=00;start_type=ATG;rbs_motif=None;rbs_spacer=None;gc_cont=0.388;conf=99.99;score=378.99;cscore=379.94;sscore=-0.95;rscore=-6.18;uscore=-0.42;tscore=4.47;
NZ_CADHBV010000002.1	Prodigal_v2.6.3	CDS	129709	129933	36.6	-	0	ID=2_118;partial=00;start_type=TTG;rbs_motif=AGGA;rbs_spacer=5-10bp;gc_cont=0.378;conf=99.98;score=36.61;cscore=31.06;sscore=5.55;rscore=11.14;uscore=0.69;tscore=-7.10;
NZ_CADHBV010000002.1	Prodigal_v2.6.3	CDS	129975	130697	156.6	-	0	ID=2_119;partial=00;start_type=ATG;rbs_motif=AGxAGG/AGGxGG;rbs_spacer=3-4bp;gc_cont=0.425;conf=100.00;score=156.55;cscore=142.10;sscore=14.45;rscore=5.52;uscore=4.46;tscore=4.47;
NZ_CADHBV010000002.1	Prodigal_v2.6.3	CDS	130800	131483	80.2	-	0	ID=2_120;partial=00;start_type=GTG;rbs_motif=AGGA;rbs_spacer=5-10bp;gc_cont=0.367;conf=100.00;score=80.16;cscore=76.32;sscore=3.84;rscore=12.54;uscore=-0.49;tscore=-7.55;
NZ_CADHBV010000002.1	Prodigal_v2.6.3	CDS	131614	134172	453.0	+	0	ID=2_121;partial=00;start_type=ATG;rbs_motif=AGGAG;rbs_spacer=5-10bp;gc_cont=0.451;conf=99.99;score=453.02;cscore=433.44;sscore=19.58;rscore=13.58;uscore=1.52;tscore=4.47;
NZ_CADHBV010000002.1	Prodigal_v2.6.3	CDS	134253	134519	56.6	+	0	ID=2_122;partial=00;start_type=ATG;rbs_motif=AGGAG;rbs_spacer=5-10bp;gc_cont=0.393;conf=100.00;score=56.59;cscore=40.83;sscore=15.77;rscore=13.58;uscore=-2.29;tscore=4.47;
NZ_CADHBV010000002.1	Prodigal_v2.6.3	CDS	134783	136072	193.5	+	0	ID=2_123;partial=00;start_type=ATG;rbs_motif=None;rbs_spacer=None;gc_cont=0.383;conf=99.99;score=193.53;cscore=192.12;sscore=1.41;rscore=-6.18;uscore=3.77;tscore=4.47;
NZ_CADHBV010000002.1	Prodigal_v2.6.3	CDS	136166	137533	163.8	+	0	ID=2_124;partial=00;start_type=GTG;rbs_motif=GGA/GAG/AGG;rbs_spacer=5-10bp;gc_cont=0.411;conf=100.00;score=163.75;cscore=165.83;sscore=-2.08;rscore=3.13;uscore=2.34;tscore=-7.55;
NZ_CADHBV010000002.1	Prodigal_v2.6.3	CDS	137540	138067	96.7	-	0	ID=2_125;partial=00;start_type=ATG;rbs_motif=AGGA;rbs_spacer=5-10bp;gc_cont=0.400;conf=100.00;score=96.69;cscore=78.89;sscore=17.80;rscore=12.54;uscore=1.44;tscore=4.47;
NZ_CADHBV010000002.1	Prodigal_v2.6.3	CDS	138562	139119	86.9	-	0	ID=2_126;partial=00;start_type=ATG;rbs_motif=GGA/GAG/AGG;rbs_spacer=5-10bp;gc_cont=0.346;conf=100.00;score=86.86;cscore=78.32;sscore=8.54;rscore=3.13;uscore=1.59;tscore=4.47;
NZ_CADHBV010000002.1	Prodigal_v2.6.3	CDS	139262	141859	536.8	+	0	ID=2_127;partial=00;start_type=ATG;rbs_motif=GGA/GAG/AGG;rbs_spacer=11-12bp;gc_cont=0.403;conf=99.99;score=536.83;cscore=532.33;sscore=4.50;rscore=-2.12;uscore=2.15;tscore=4.47;
NZ_CADHBV010000002.1	Prodigal_v2.6.3	CDS	141849	143081	186.4	+	0	ID=2_128;partial=00;start_type=TTG;rbs_motif=GGA/GAG/AGG;rbs_spacer=5-10bp;gc_cont=0.400;conf=99.99;score=186.40;cscore=192.31;sscore=-5.91;rscore=3.13;uscore=-3.95;tscore=-6.31;
NZ_CADHBV010000002.1	Prodigal_v2.6.3	CDS	143361	144860	201.3	+	0	ID=2_129;partial=00;start_type=ATG;rbs_motif=GGA/GAG/AGG;rbs_spacer=5-10bp;gc_cont=0.425;conf=99.99;score=201.30;cscore=193.86;sscore=7.44;rscore=3.13;uscore=0.48;tscore=4.47;
NZ_CADHBV010000002.1	Prodigal_v2.6.3	CDS	145263	145490	27.5	-	0	ID=2_130;partial=01;start_type=Edge;rbs_motif=None;rbs_spacer=None;gc_cont=0.311;conf=99.82;score=27.46;cscore=24.24;sscore=3.22;rscore=0.00;uscore=0.00;tscore=3.22;
# Sequence Data: seqnum=3;seqlen=100610;seqhdr="NZ_CADHBV010000003.1 Helicobacter pylori isolate clinical, whole genome shotgun sequence"
# Model Data: version=Prodigal.v2.6.3;run_type=Single;model="Ab initio";gc_cont=38.94;transl_table=11;uses_sd=1
NZ_CADHBV010000003.1	Prodigal_v2.6.3	CDS	579	1205	120.5	-	0	ID=3_1;partial=00;start_type=ATG;rbs_motif=AGGAG;rbs_spacer=5-10bp;gc_cont=0.388;conf=100.00;score=120.50;cscore=100.68;sscore=19.82;rscore=13.58;uscore=0.73;tscore=4.47;
NZ_CADHBV010000003.1	Prodigal_v2.6.3	CDS	1227	3020	344.4	-	0	ID=3_2;partial=00;start_type=ATG;rbs_motif=None;rbs_spacer=None;gc_cont=0.412;conf=99.99;score=344.40;cscore=342.17;sscore=2.22;rscore=-6.18;uscore=2.66;tscore=4.47;
NZ_CADHBV010000003.1	Prodigal_v2.6.3	CDS	3021	3260	46.2	-	0	ID=3_3;partial=00;start_type=ATG;rbs_motif=GGA/GAG/AGG;rbs_spacer=5-10bp;gc_cont=0.342;conf=100.00;score=46.16;cscore=36.11;sscore=10.05;rscore=2.97;uscore=2.02;tscore=4.24;
NZ_CADHBV010000003.1	Prodigal_v2.6.3	CDS	3303	3845	101.8	-	0	ID=3_4;partial=00;start_type=ATG;rbs_motif=AGGA;rbs_spacer=5-10bp;gc_cont=0.387;conf=100.00;score=101.79;cscore=85.41;sscore=16.37;rscore=12.54;uscore=0.01;tscore=4.47;
NZ_CADHBV010000003.1	Prodigal_v2.6.3	CDS	3998	5365	217.7	+	0	ID=3_5;partial=00;start_type=ATG;rbs_motif=None;rbs_spacer=None;gc_cont=0.397;conf=99.99;score=217.68;cscore=220.35;sscore=-2.67;rscore=-6.18;uscore=-0.96;tscore=4.47;
NZ_CADHBV010000003.1	Prodigal_v2.6.3	CDS	5586	7031	207.5	+	0	ID=3_6;partial=00;start_type=ATG;rbs_motif=AGGA;rbs_spacer=5-10bp;gc_cont=0.393;conf=99.99;score=207.54;cscore=186.91;sscore=20.63;rscore=12.54;uscore=4.27;tscore=4.47;
NZ_CADHBV010000003.1	Prodigal_v2.6.3	CDS	7212	7964	133.4	+	0	ID=3_7;partial=00;start_type=ATG;rbs_motif=AGGA;rbs_spacer=5-10bp;gc_cont=0.378;conf=100.00;score=133.45;cscore=113.98;sscore=19.47;rscore=12.54;uscore=3.10;tscore=4.47;
NZ_CADHBV010000003.1	Prodigal_v2.6.3	CDS	7961	8602	64.8	-	0	ID=3_8;partial=00;start_type=GTG;rbs_motif=AGGA/GGAG/GAGG;rbs_spacer=11-12bp;gc_cont=0.394;conf=100.00;score=64.77;cscore=70.06;sscore=-5.29;rscore=3.25;uscore=-2.22;tscore=-7.55;
NZ_CADHBV010000003.1	Prodigal_v2.6.3	CDS	8606	8953	67.4	-	0	ID=3_9;partial=00;start_type=ATG;rbs_motif=AGGA;rbs_spacer=5-10bp;gc_cont=0.342;conf=100.00;score=67.43;cscore=48.55;sscore=18.87;rscore=12.54;uscore=2.51;tscore=4.47;
NZ_CADHBV010000003.1	Prodigal_v2.6.3	CDS	9035	10906	298.2	+	0	ID=3_10;partial=00;start_type=TTG;rbs_motif=GGA/GAG/AGG;rbs_spacer=11-12bp;gc_cont=0.382;conf=99.99;score=298.15;cscore=305.90;sscore=-7.75;rscore=-2.12;uscore=0.68;tscore=-6.31;
NZ_CADHBV010000003.1	Prodigal_v2.6.3	CDS	10957	12327	187.4	+	0	ID=3_11;partial=00;start_type=ATG;rbs_motif=AGGA;rbs_spacer=5-10bp;gc_cont=0.333;conf=99.99;score=187.37;cscore=167.48;sscore=19.89;rscore=12.54;uscore=2.15;tscore=4.47;
NZ_CADHBV010000003.1	Prodigal_v2.6.3	CDS	12324	12911	76.1	+	0	ID=3_12;partial=00;start_type=TTG;rbs_motif=GGxGG;rbs_spacer=11-12bp;gc_cont=0.395;conf=100.00;score=76.12;cscore=81.14;sscore=-5.01;rscore=-0.84;uscore=-4.02;tscore=-6.31;
NZ_CADHBV010000003.1	Prodigal_v2.6.3	CDS	12914	15823	518.1	+	0	ID=3_13;partial=00;start_type=GTG;rbs_motif=AGxAGG/AGGxGG;rbs_spacer=5-10bp;gc_cont=0.366;conf=99.99;score=518.14;cscore=519.49;sscore=-1.35;rscore=4.39;uscore=0.57;tscore=-7.55;
NZ_CADHBV010000003.1	Prodigal_v2.6.3	CDS	16039	17658	249.1	+	0	ID=3_14;partial=00;start_type=ATG;rbs_motif=AGGA;rbs_spacer=5-10bp;gc_cont=0.348;conf=99.99;score=249.13;cscore=232.43;sscore=16.70;rscore=12.54;uscore=0.34;tscore=4.47;
NZ_CADHBV010000003.1	Prodigal_v2.6.3	CDS	17800	19908	300.3	+	0	ID=3_15;partial=00;start_type=GTG;rbs_motif=None;rbs_spacer=None;gc_cont=0.376;conf=99.99;score=300.34;cscore=310.35;sscore=-10.01;rscore=-6.18;uscore=3.73;tscore=-7.55;
NZ_CADHBV010000003.1	Prodigal_v2.6.3	CDS	20796	21461	86.1	-	0	ID=3_16;partial=00;start_type=ATG;rbs_motif=4Base/6BMM;rbs_spacer=13-15bp;gc_cont=0.320;conf=100.00;score=86.15;cscore=83.45;sscore=2.70;rscore=-2.36;uscore=-0.07;tscore=4.47;
NZ_CADHBV010000003.1	Prodigal_v2.6.3	CDS	21518	22705	245.5	-	0	ID=3_17;partial=00;start_type=ATG;rbs_motif=AGGA;rbs_spacer=5-10bp;gc_cont=0.398;conf=99.99;score=245.47;cscore=224.87;sscore=20.60;rscore=12.54;uscore=3.59;tscore=4.47;
NZ_CADHBV010000003.1	Prodigal_v2.6.3	CDS	22802	23974	175.9	-	0	ID=3_18;partial=00;start_type=ATG;rbs_motif=None;rbs_spacer=None;gc_cont=0.378;conf=100.00;score=175.90;cscore=174.54;sscore=1.35;rscore=-6.18;uscore=3.72;tscore=4.47;
NZ_CADHBV010000003.1	Prodigal_v2.6.3	CDS	24202	26841	434.8	-	0	ID=3_19;partial=00;start_type=ATG;rbs_motif=GGA/GAG/AGG;rbs_spacer=5-10bp;gc_cont=0.449;conf=99.99;score=434.84;cscore=422.03;sscore=12.81;rscore=3.13;uscore=5.20;tscore=4.47;
NZ_CADHBV010000003.1	Prodigal_v2.6.3	CDS	27010	27336	10.3	-	0	ID=3_20;partial=00;start_type=ATG;rbs_motif=3Base/5BMM;rbs_spacer=13-15bp;gc_cont=0.388;conf=91.40;score=10.28;cscore=16.72;sscore=-6.44;rscore=-5.81;uscore=-6.25;tscore=4.47;
NZ_CADHBV010000003.1	Prodigal_v2.6.3	CDS	27320	27673	64.0	-	0	ID=3_21;partial=00;start_type=ATG;rbs_motif=AGGA/GGAG/GAGG;rbs_spacer=11-12bp;gc_cont=0.362;conf=100.00;score=63.99;cscore=54.98;sscore=9.01;rscore=3.25;uscore=-1.95;tscore=4.47;
NZ_CADHBV010000003.1	Prodigal_v2.6.3	CDS	27670	28332	102.5	-	0	ID=3_22;partial=00;start_type=ATG;rbs_motif=GGA/GAG/AGG;rbs_spacer=5-10bp;gc_cont=0.418;conf=100.00;score=102.46;cscore=95.08;sscore=7.38;rscore=3.13;uscore=0.43;tscore=4.47;
NZ_CADHBV010000003.1	Prodigal_v2.6.3	CDS	28438	29814	197.4	+	0	ID=3_23;partial=00;start_type=ATG;rbs_motif=AGGA;rbs_spacer=5-10bp;gc_cont=0.406;conf=99.99;score=197.41;cscore=178.22;sscore=19.19;rscore=12.54;uscore=2.18;tscore=4.47;
NZ_CADHBV010000003.1	Prodigal_v2.6.3	CDS	29823	31022	216.4	-	0	ID=3_24;partial=00;start_type=TTG;rbs_motif=AGxAGG/AGGxGG;rbs_spacer=5-10bp;gc_cont=0.421;conf=99.99;score=216.37;cscore=220.78;sscore=-4.42;rscore=4.39;uscore=-1.85;tscore=-6.31;
NZ_CADHBV010000003.1	Prodigal_v2.6.3	CDS	31108	32334	204.9	+	0	ID=3_25;partial=00;start_type=TTG;rbs_motif=AGGA;rbs_spacer=5-10bp;gc_cont=0.434;conf=99.99;score=204.94;cscore=192.94;sscore=12.01;rscore=12.54;uscore=5.77;tscore=-6.31;
NZ_CADHBV010000003.1	Prodigal_v2.6.3	CDS	32331	33365	118.0	+	0	ID=3_26;partial=00;start_type=ATG;rbs_motif=None;rbs_spacer=None;gc_cont=0.399;conf=100.00;score=117.96;cscore=112.20;sscore=5.77;rscore=-6.18;uscore=-0.82;tscore=4.47;
NZ_CADHBV010000003.1	Prodigal_v2.6.3	CDS	33347	34063	83.6	+	0	ID=3_27;partial=00;start_type=ATG;rbs_motif=None;rbs_spacer=None;gc_cont=0.392;conf=100.00;score=83.58;cscore=86.47;sscore=-2.89;rscore=-6.18;uscore=-1.18;tscore=4.47;
NZ_CADHBV010000003.1	Prodigal_v2.6.3	CDS	34088	36454	413.0	+	0	ID=3_28;partial=00;start_type=ATG;rbs_motif=AGGA;rbs_spacer=5-10bp;gc_cont=0.400;conf=99.99;score=413.02;cscore=395.65;sscore=17.37;rscore=12.54;uscore=-0.66;tscore=4.47;
NZ_CADHBV010000003.1	Prodigal_v2.6.3	CDS	36451	36888	59.1	-	0	ID=3_29;partial=00;start_type=ATG;rbs_motif=AGGA;rbs_spacer=5-10bp;gc_cont=0.372;conf=100.00;score=59.10;cscore=41.15;sscore=17.95;rscore=12.54;uscore=1.59;tscore=4.47;
NZ_CADHBV010000003.1	Prodigal_v2.6.3	CDS	37067	38233	155.4	+	0	ID=3_30;partial=00;start_type=GTG;rbs_motif=GGAG/GAGG;rbs_spacer=5-10bp;gc_cont=0.436;conf=100.00;score=155.41;cscore=152.81;sscore=2.60;rscore=6.22;uscore=3.94;tscore=-7.55;
NZ_CADHBV010000003.1	Prodigal_v2.6.3	CDS	38296	39912	194.7	-	0	ID=3_31;partial=00;start_type=ATG;rbs_motif=GGA/GAG/AGG;rbs_spacer=5-10bp;gc_cont=0.333;conf=99.99;score=194.72;cscore=183.34;sscore=11.38;rscore=3.13;uscore=2.48;tscore=4.47;
NZ_CADHBV010000003.1	Prodigal_v2.6.3	CDS	39909	40817	108.9	-	0	ID=3_32;partial=00;start_type=TTG;rbs_motif=GGA/GAG/AGG;rbs_spacer=5-10bp;gc_cont=0.281;conf=100.00;score=108.86;cscore=106.41;sscore=2.45;rscore=3.13;uscore=4.33;tscore=-6.31;
NZ_CADHBV010000003.1	Prodigal_v2.6.3	CDS	40814	41815	105.0	-	0	ID=3_33;partial=00;start_type=GTG;rbs_motif=GGA/GAG/AGG;rbs_spacer=5-10bp;gc_cont=0.312;conf=100.00;score=105.02;cscore=108.10;sscore=-3.08;rscore=3.13;uscore=0.68;tscore=-7.55;
NZ_CADHBV010000003.1	Prodigal_v2.6.3	CDS	41872	42939	135.6	-	0	ID=3_34;partial=00;start_type=GTG;rbs_motif=GGA/GAG/AGG;rbs_spacer=5-10bp;gc_cont=0.376;conf=100.00;score=135.60;cscore=135.40;sscore=0.20;rscore=3.13;uscore=3.44;tscore=-7.55;
NZ_CADHBV010000003.1	Prodigal_v2.6.3	CDS	42949	43509	73.2	-	0	ID=3_35;partial=00;start_type=ATG;rbs_motif=None;rbs_spacer=None;gc_cont=0.373;conf=100.00;score=73.17;cscore=76.05;sscore=-2.88;rscore=-6.18;uscore=-2.34;tscore=4.47;
NZ_CADHBV010000003.1	Prodigal_v2.6.3	CDS	43519	44055	120.5	-	0	ID=3_36;partial=00;start_type=ATG;rbs_motif=AGGA;rbs_spacer=5-10bp;gc_cont=0.391;conf=100.00;score=120.49;cscore=99.96;sscore=20.53;rscore=12.54;uscore=2.83;tscore=4.47;
NZ_CADHBV010000003.1	Prodigal_v2.6.3	CDS	44110	45060	164.3	-	0	ID=3_37;partial=00;start_type=ATG;rbs_motif=AGGA;rbs_spacer=5-10bp;gc_cont=0.377;conf=100.00;score=164.25;cscore=142.67;sscore=21.59;rscore=12.54;uscore=3.33;tscore=4.47;
NZ_CADHBV010000003.1	Prodigal_v2.6.3	CDS	45064	46407	238.5	-	0	ID=3_38;partial=00;start_type=ATG;rbs_motif=GGA/GAG/AGG;rbs_spacer=5-10bp;gc_cont=0.380;conf=99.99;score=238.52;cscore=229.93;sscore=8.59;rscore=3.13;uscore=-0.25;tscore=4.47;
NZ_CADHBV010000003.1	Prodigal_v2.6.3	CDS	46411	47022	128.8	-	0	ID=3_39;partial=00;start_type=ATG;rbs_motif=AGGA;rbs_spacer=5-10bp;gc_cont=0.374;conf=100.00;score=128.77;cscore=109.08;sscore=19.69;rscore=12.54;uscore=1.52;tscore=4.47;
NZ_CADHBV010000003.1	Prodigal_v2.6.3	CDS	47034	47303	59.8	-	0	ID=3_40;partial=00;start_type=ATG;rbs_motif=GGA/GAG/AGG;rbs_spacer=5-10bp;gc_cont=0.378;conf=100.00;score=59.76;cscore=47.12;sscore=12.64;rscore=3.13;uscore=5.69;tscore=4.47;
NZ_CADHBV010000003.1	Prodigal_v2.6.3	CDS	47449	49050	241.1	+	0	ID=3_41;partial=00;start_type=ATG;rbs_motif=3Base/5BMM;rbs_spacer=13-15bp;gc_cont=0.432;conf=99.99;score=241.08;cscore=241.38;sscore=-0.30;rscore=-5.81;uscore=1.04;tscore=4.47;
NZ_CADHBV010000003.1	Prodigal_v2.6.3	CDS	49154	50503	258.1	+	0	ID=3_42;partial=00;start_type=ATG;rbs_motif=GGA/GAG/AGG;rbs_spacer=5-10bp;gc_cont=0.423;conf=99.99;score=258.13;cscore=248.02;sscore=10.11;rscore=3.13;uscore=2.51;tscore=4.47;
NZ_CADHBV010000003.1	Prodigal_v2.6.3	CDS	50500	52032	301.6	+	0	ID=3_43;partial=00;start_type=ATG;rbs_motif=GGAG/GAGG;rbs_spacer=5-10bp;gc_cont=0.408;conf=99.99;score=301.63;cscore=287.72;sscore=13.91;rscore=6.22;uscore=1.92;tscore=4.47;
NZ_CADHBV010000003.1	Prodigal_v2.6.3	CDS	52044	53033	216.8	+	0	ID=3_44;partial=00;start_type=ATG;rbs_motif=AGGA;rbs_spacer=5-10bp;gc_cont=0.438;conf=99.99;score=216.81;cscore=194.74;sscore=22.07;rscore=12.54;uscore=3.90;tscore=4.47;
NZ_CADHBV010000003.1	Prodigal_v2.6.3	CDS	53045	54142	150.1	+	0	ID=3_45;partial=00;start_type=TTG;rbs_motif=AGGA;rbs_spacer=5-10bp;gc_cont=0.400;conf=100.00;score=150.13;cscore=143.84;sscore=6.28;rscore=12.54;uscore=-1.10;tscore=-6.31;
NZ_CADHBV010000003.1	Prodigal_v2.6.3	CDS	54139	55269	160.6	+	0	ID=3_46;partial=00;start_type=ATG;rbs_motif=GGA/GAG/AGG;rbs_spacer=5-10bp;gc_cont=0.387;conf=100.00;score=160.63;cscore=147.24;sscore=13.39;rscore=3.13;uscore=4.49;tscore=4.47;
NZ_CADHBV010000003.1	Prodigal_v2.6.3	CDS	55325	55828	74.1	+	0	ID=3_47;partial=00;start_type=ATG;rbs_motif=GGA/GAG/AGG;rbs_spacer=5-10bp;gc_cont=0.397;conf=100.00;score=74.06;cscore=69.59;sscore=4.47;rscore=3.13;uscore=-3.81;tscore=4.47;
NZ_CADHBV010000003.1	Prodigal_v2.6.3	CDS	55839	56285	45.2	+	0	ID=3_48;partial=00;start_type=ATG;rbs_motif=GGAG/GAGG;rbs_spacer=5-10bp;gc_cont=0.394;conf=100.00;score=45.20;cscore=29.96;sscore=15.23;rscore=6.22;uscore=3.38;tscore=4.47;
NZ_CADHBV010000003.1	Prodigal_v2.6.3	CDS	56295	57035	108.3	+	0	ID=3_49;partial=00;start_type=ATG;rbs_motif=None;rbs_spacer=None;gc_cont=0.404;conf=100.00;score=108.33;cscore=109.50;sscore=-1.16;rscore=-6.18;uscore=-0.63;tscore=4.47;
NZ_CADHBV010000003.1	Prodigal_v2.6.3	CDS	57045	57305	58.5	+	0	ID=3_50;partial=00;start_type=ATG;rbs_motif=AGGA;rbs_spacer=5-10bp;gc_cont=0.383;conf=100.00;score=58.48;cscore=38.73;sscore=19.75;rscore=12.54;uscore=1.56;tscore=4.47;
NZ_CADHBV010000003.1	Prodigal_v2.6.3	CDS	57309	58106	127.7	+	0	ID=3_51;partial=00;start_type=ATG;rbs_motif=GGA/GAG/AGG;rbs_spacer=5-10bp;gc_cont=0.420;conf=100.00;score=127.70;cscore=120.60;sscore=7.10;rscore=3.13;uscore=-1.74;tscore=4.47;
NZ_CADHBV010000003.1	Prodigal_v2.6.3	CDS	58107	59354	225.1	+	0	ID=3_52;partial=00;start_type=ATG;rbs_motif=GGAG/GAGG;rbs_spacer=5-10bp;gc_cont=0.414;conf=99.99;score=225.08;cscore=212.44;sscore=12.64;rscore=6.22;uscore=0.68;tscore=4.47;
NZ_CADHBV010000003.1	Prodigal_v2.6.3	CDS	59364	61898	427.8	+	0	ID=3_53;partial=00;start_type=GTG;rbs_motif=GGA/GAG/AGG;rbs_spacer=5-10bp;gc_cont=0.393;conf=99.99;score=427.79;cscore=429.62;sscore=-1.83;rscore=3.13;uscore=1.42;tscore=-7.55;
NZ_CADHBV010000003.1	Prodigal_v2.6.3	CDS	61898	63943	346.5	+	0	ID=3_54;partial=00;start_type=ATG;rbs_motif=GGA/GAG/AGG;rbs_spacer=11-12bp;gc_cont=0.400;conf=99.99;score=346.54;cscore=339.71;sscore=6.83;rscore=-2.12;uscore=1.07;tscore=4.47;
NZ_CADHBV010000003.1	Prodigal_v2.6.3	CDS	63940	64596	123.9	+	0	ID=3_55;partial=00;start_type=TTG;rbs_motif=GGA/GAG/AGG;rbs_spacer=5-10bp;gc_cont=0.385;conf=100.00;score=123.93;cscore=122.46;sscore=1.47;rscore=3.13;uscore=3.35;tscore=-6.31;
NZ_CADHBV010000003.1	Prodigal_v2.6.3	CDS	64606	65169	102.9	+	0	ID=3_56;partial=00;start_type=ATG;rbs_motif=AGGA;rbs_spacer=5-10bp;gc_cont=0.445;conf=100.00;score=102.90;cscore=84.74;sscore=18.15;rscore=12.54;uscore=-0.03;tscore=4.47;
NZ_CADHBV010000003.1	Prodigal_v2.6.3	CDS	65169	65642	82.2	+	0	ID=3_57;partial=00;start_type=ATG;rbs_motif=GGA/GAG/AGG;rbs_spacer=5-10bp;gc_cont=0.418;conf=100.00;score=82.17;cscore=72.66;sscore=9.51;rscore=3.13;uscore=0.62;tscore=4.47;
NZ_CADHBV010000003.1	Prodigal_v2.6.3	CDS	65644	66219	93.9	+	0	ID=3_58;partial=00;start_type=ATG;rbs_motif=GGA/GAG/AGG;rbs_spacer=5-10bp;gc_cont=0.396;conf=100.00;score=93.94;cscore=83.78;sscore=10.16;rscore=3.13;uscore=1.29;tscore=4.47;
NZ_CADHBV010000003.1	Prodigal_v2.6.3	CDS	66207	66782	65.2	+	0	ID=3_59;partial=00;start_type=ATG;rbs_motif=None;rbs_spacer=None;gc_cont=0.413;conf=100.00;score=65.16;cscore=64.25;sscore=0.91;rscore=-6.18;uscore=1.42;tscore=4.47;
NZ_CADHBV010000003.1	Prodigal_v2.6.3	CDS	66815	68854	381.0	+	0	ID=3_60;partial=00;start_type=ATG;rbs_motif=AGGA;rbs_spacer=5-10bp;gc_cont=0.385;conf=99.99;score=381.02;cscore=361.21;sscore=19.82;rscore=12.54;uscore=1.88;tscore=4.47;
NZ_CADHBV010000003.1	Prodigal_v2.6.3	CDS	68851	70083	100.2	+	0	ID=3_61;partial=00;start_type=GTG;rbs_motif=None;rbs_spacer=None;gc_cont=0.382;conf=100.00;score=100.22;cscore=103.81;sscore=-3.59;rscore=-6.18;uscore=2.67;tscore=-7.55;
NZ_CADHBV010000003.1	Prodigal_v2.6.3	CDS	70149	72824	482.1	+	0	ID=3_62;partial=00;start_type=ATG;rbs_motif=GGA/GAG/AGG;rbs_spacer=5-10bp;gc_cont=0.387;conf=99.99;score=482.09;cscore=472.18;sscore=9.90;rscore=3.13;uscore=2.30;tscore=4.47;
NZ_CADHBV010000003.1	Prodigal_v2.6.3	CDS	72938	73684	115.8	+	0	ID=3_63;partial=00;start_type=ATG;rbs_motif=GGA/GAG/AGG;rbs_spacer=5-10bp;gc_cont=0.428;conf=100.00;score=115.79;cscore=103.11;sscore=12.67;rscore=3.13;uscore=5.07;tscore=4.47;
NZ_CADHBV010000003.1	Prodigal_v2.6.3	CDS	73736	74758	161.4	+	0	ID=3_64;partial=00;start_type=ATG;rbs_motif=GGA/GAG/AGG;rbs_spacer=5-10bp;gc_cont=0.455;conf=100.00;score=161.36;cscore=151.78;sscore=9.59;rscore=3.13;uscore=1.26;tscore=4.47;
NZ_CADHBV010000003.1	Prodigal_v2.6.3	CDS	74763	75458	79.8	-	0	ID=3_65;partial=00;start_type=ATG;rbs_motif=4Base/6BMM;rbs_spacer=13-15bp;gc_cont=0.412;conf=100.00;score=79.83;cscore=76.20;sscore=3.63;rscore=-2.36;uscore=2.17;tscore=4.47;
NZ_CADHBV010000003.1	Prodigal_v2.6.3	CDS	75592	76725	189.9	+	0	ID=3_66;partial=00;start_type=ATG;rbs_motif=GGA/GAG/AGG;rbs_spacer=11-12bp;gc_cont=0.407;conf=99.99;score=189.90;cscore=185.11;sscore=4.79;rscore=-2.12;uscore=2.44;tscore=4.47;
NZ_CADHBV010000003.1	Prodigal_v2.6.3	CDS	76725	77510	116.3	+	0	ID=3_67;partial=00;start_type=ATG;rbs_motif=None;rbs_spacer=None;gc_cont=0.430;conf=100.00;score=116.27;cscore=110.20;sscore=6.07;rscore=-6.18;uscore=0.31;tscore=4.47;
NZ_CADHBV010000003.1	Prodigal_v2.6.3	CDS	77495	78310	143.6	+	0	ID=3_68;partial=00;start_type=TTG;rbs_motif=AGGAG;rbs_spacer=5-10bp;gc_cont=0.397;conf=100.00;score=143.57;cscore=133.71;sscore=9.86;rscore=13.58;uscore=1.42;tscore=-6.31;
NZ_CADHBV010000003.1	Prodigal_v2.6.3	CDS	78313	78990	107.0	+	0	ID=3_69;partial=00;start_type=ATG;rbs_motif=AGGA;rbs_spacer=5-10bp;gc_cont=0.410;conf=100.00;score=106.97;cscore=88.83;sscore=18.15;rscore=12.54;uscore=-0.12;tscore=4.47;
NZ_CADHBV010000003.1	Prodigal_v2.6.3	CDS	79008	79595	79.9	+	0	ID=3_70;partial=00;start_type=TTG;rbs_motif=AGGAG;rbs_spacer=5-10bp;gc_cont=0.364;conf=100.00;score=79.95;cscore=69.24;sscore=10.71;rscore=13.58;uscore=2.35;tscore=-6.31;
NZ_CADHBV010000003.1	Prodigal_v2.6.3	CDS	79890	80942	182.4	-	0	ID=3_71;partial=00;start_type=ATG;rbs_motif=AGGAG;rbs_spacer=5-10bp;gc_cont=0.429;conf=99.99;score=182.45;cscore=161.11;sscore=21.33;rscore=13.58;uscore=3.94;tscore=4.47;
NZ_CADHBV010000003.1	Prodigal_v2.6.3	CDS	81090	84725	692.7	+	0	ID=3_72;partial=00;start_type=ATG;rbs_motif=GGA/GAG/AGG;rbs_spacer=5-10bp;gc_cont=0.417;conf=99.99;score=692.65;cscore=684.89;sscore=7.76;rscore=3.13;uscore=0.16;tscore=4.47;
NZ_CADHBV010000003.1	Prodigal_v2.6.3	CDS	84722	85495	130.1	+	0	ID=3_73;partial=00;start_type=TTG;rbs_motif=GGAG/GAGG;rbs_spacer=5-10bp;gc_cont=0.411;conf=100.00;score=130.14;cscore=125.77;sscore=4.37;rscore=6.22;uscore=3.17;tscore=-6.31;
NZ_CADHBV010000003.1	Prodigal_v2.6.3	CDS	85549	85863	65.5	+	0	ID=3_74;partial=00;start_type=ATG;rbs_motif=AGGA;rbs_spacer=5-10bp;gc_cont=0.397;conf=100.00;score=65.54;cscore=47.89;sscore=17.65;rscore=12.54;uscore=-0.06;tscore=4.47;
NZ_CADHBV010000003.1	Prodigal_v2.6.3	CDS	86278	86910	89.2	+	0	ID=3_75;partial=00;start_type=ATG;rbs_motif=AGGA/GGAG/GAGG;rbs_spacer=11-12bp;gc_cont=0.430;conf=100.00;score=89.18;cscore=81.65;sscore=7.53;rscore=3.25;uscore=0.46;tscore=4.47;
NZ_CADHBV010000003.1	Prodigal_v2.6.3	CDS	86934	87461	106.2	+	0	ID=3_76;partial=00;start_type=ATG;rbs_motif=AGGA;rbs_spacer=5-10bp;gc_cont=0.390;conf=100.00;score=106.16;cscore=86.45;sscore=19.71;rscore=12.54;uscore=1.68;tscore=4.47;
NZ_CADHBV010000003.1	Prodigal_v2.6.3	CDS	87469	87810	37.0	+	0	ID=3_77;partial=00;start_type=ATG;rbs_motif=AGxAGG/AGGxGG;rbs_spacer=5-10bp;gc_cont=0.401;conf=99.98;score=37.04;cscore=27.38;sscore=9.65;rscore=4.39;uscore=-0.40;tscore=4.47;
NZ_CADHBV010000003.1	Prodigal_v2.6.3	CDS	87820	88731	157.7	+	0	ID=3_78;partial=00;start_type=ATG;rbs_motif=AGGA;rbs_spacer=5-10bp;gc_cont=0.383;conf=100.00;score=157.70;cscore=138.62;sscore=19.08;rscore=12.54;uscore=0.89;tscore=4.47;
NZ_CADHBV010000003.1	Prodigal_v2.6.3	CDS	89367	89537	8.7	+	0	ID=3_79;partial=00;start_type=ATG;rbs_motif=AGGAG;rbs_spacer=5-10bp;gc_cont=0.409;conf=88.14;score=8.72;cscore=-1.38;sscore=10.10;rscore=9.13;uscore=-0.88;tscore=3.01;
NZ_CADHBV010000003.1	Prodigal_v2.6.3	CDS	89554	91800	362.9	-	0	ID=3_80;partial=00;start_type=ATG;rbs_motif=AGGAG;rbs_spacer=5-10bp;gc_cont=0.429;conf=99.99;score=362.92;cscore=340.35;sscore=22.57;rscore=13.58;uscore=5.17;tscore=4.47;
NZ_CADHBV010000003.1	Prodigal_v2.6.3	CDS	92003	93355	230.9	-	0	ID=3_81;partial=00;start_type=ATG;rbs_motif=None;rbs_spacer=None;gc_cont=0.392;conf=99.99;score=230.87;cscore=230.13;sscore=0.74;rscore=-6.18;uscore=1.20;tscore=4.47;
NZ_CADHBV010000003.1	Prodigal_v2.6.3	CDS	93348	94124	163.6	-	0	ID=3_82;partial=00;start_type=ATG;rbs_motif=AGGA;rbs_spacer=5-10bp;gc_cont=0.368;conf=100.00;score=163.64;cscore=145.03;sscore=18.61;rscore=12.54;uscore=0.31;tscore=4.47;
NZ_CADHBV010000003.1	Prodigal_v2.6.3	CDS	94124	95770	234.7	-	0	ID=3_83;partial=00;start_type=ATG;rbs_motif=GGA/GAG/AGG;rbs_spacer=5-10bp;gc_cont=0.402;conf=99.99;score=234.74;cscore=227.09;sscore=7.65;rscore=3.13;uscore=-1.18;tscore=4.47;
NZ_CADHBV010000003.1	Prodigal_v2.6.3	CDS	95776	96129	2.7	-	0	ID=3_84;partial=00;start_type=ATG;rbs_motif=4Base/6BMM;rbs_spacer=13-15bp;gc_cont=0.438;conf=65.02;score=2.70;cscore=-0.21;sscore=2.90;rscore=-2.36;uscore=0.10;tscore=4.47;
NZ_CADHBV010000003.1	Prodigal_v2.6.3	CDS	96116	96601	40.2	-	0	ID=3_85;partial=00;start_type=ATG;rbs_motif=GGA/GAG/AGG;rbs_spacer=5-10bp;gc_cont=0.370;conf=99.99;score=40.22;cscore=31.13;sscore=9.09;rscore=3.13;uscore=1.48;tscore=4.47;
NZ_CADHBV010000003.1	Prodigal_v2.6.3	CDS	96767	97168	67.4	-	0	ID=3_86;partial=00;start_type=GTG;rbs_motif=AGGA;rbs_spacer=5-10bp;gc_cont=0.366;conf=100.00;score=67.42;cscore=62.60;sscore=4.81;rscore=12.54;uscore=-1.34;tscore=-7.55;
NZ_CADHBV010000003.1	Prodigal_v2.6.3	CDS	97179	97631	83.9	-	0	ID=3_87;partial=00;start_type=ATG;rbs_motif=AGGA;rbs_spacer=5-10bp;gc_cont=0.415;conf=100.00;score=83.86;cscore=62.31;sscore=21.54;rscore=12.54;uscore=3.28;tscore=4.47;
NZ_CADHBV010000003.1	Prodigal_v2.6.3	CDS	97634	98092	52.6	-	0	ID=3_88;partial=00;start_type=ATG;rbs_motif=GGA/GAG/AGG;rbs_spacer=5-10bp;gc_cont=0.318;conf=100.00;score=52.63;cscore=43.73;sscore=8.90;rscore=3.13;uscore=-2.34;tscore=4.47;
NZ_CADHBV010000003.1	Prodigal_v2.6.3	CDS	98089	98892	94.4	-	0	ID=3_89;partial=00;start_type=ATG;rbs_motif=3Base/5BMM;rbs_spacer=13-15bp;gc_cont=0.409;conf=100.00;score=94.45;cscore=86.50;sscore=7.94;rscore=-5.81;uscore=2.19;tscore=4.47;
NZ_CADHBV010000003.1	Prodigal_v2.6.3	CDS	98892	99122	36.6	-	0	ID=3_90;partial=00;start_type=ATG;rbs_motif=4Base/6BMM;rbs_spacer=13-15bp;gc_cont=0.424;conf=99.98;score=36.61;cscore=34.14;sscore=2.47;rscore=-2.59;uscore=-0.10;tscore=4.08;
NZ_CADHBV010000003.1	Prodigal_v2.6.3	CDS	99141	99629	74.5	-	0	ID=3_91;partial=00;start_type=ATG;rbs_motif=GGA/GAG/AGG;rbs_spacer=5-10bp;gc_cont=0.456;conf=100.00;score=74.49;cscore=65.45;sscore=9.04;rscore=3.13;uscore=2.09;tscore=4.47;
NZ_CADHBV010000003.1	Prodigal_v2.6.3	CDS	99753	100532	78.0	+	0	ID=3_92;partial=00;start_type=ATG;rbs_motif=None;rbs_spacer=None;gc_cont=0.390;conf=100.00;score=78.00;cscore=76.84;sscore=1.16;rscore=-6.18;uscore=2.88;tscore=4.47;
# Sequence Data: seqnum=4;seqlen=96009;seqhdr="NZ_CADHBV010000004.1 Helicobacter pylori isolate clinical, whole genome shotgun sequence"
# Model Data: version=Prodigal.v2.6.3;run_type=Single;model="Ab initio";gc_cont=38.94;transl_table=11;uses_sd=1
NZ_CADHBV010000004.1	Prodigal_v2.6.3	CDS	1	309	53.5	+	0	ID=4_1;partial=10;start_type=Edge;rbs_motif=None;rbs_spacer=None;gc_cont=0.414;conf=100.00;score=53.46;cscore=50.24;sscore=3.22;rscore=0.00;uscore=0.00;tscore=3.22;
NZ_CADHBV010000004.1	Prodigal_v2.6.3	CDS	1241	1507	20.1	+	0	ID=4_2;partial=00;start_type=ATG;rbs_motif=None;rbs_spacer=None;gc_cont=0.337;conf=99.03;score=20.14;cscore=24.62;sscore=-4.48;rscore=-6.18;uscore=-2.12;tscore=4.47;
NZ_CADHBV010000004.1	Prodigal_v2.6.3	CDS	1488	1772	48.9	+	0	ID=4_3;partial=00;start_type=ATG;rbs_motif=GGA/GAG/AGG;rbs_spacer=5-10bp;gc_cont=0.326;conf=100.00;score=48.86;cscore=37.87;sscore=10.99;rscore=3.13;uscore=3.39;tscore=4.47;
NZ_CADHBV010000004.1	Prodigal_v2.6.3	CDS	1968	2492	97.6	-	0	ID=4_4;partial=00;start_type=ATG;rbs_motif=AGGAG;rbs_spacer=5-10bp;gc_cont=0.425;conf=100.00;score=97.62;cscore=77.95;sscore=19.67;rscore=13.58;uscore=2.27;tscore=4.47;
NZ_CADHBV010000004.1	Prodigal_v2.6.3	CDS	2632	3495	132.5	+	0	ID=4_5;partial=00;start_type=ATG;rbs_motif=4Base/6BMM;rbs_spacer=13-15bp;gc_cont=0.426;conf=100.00;score=132.46;cscore=126.04;sscore=6.42;rscore=-2.36;uscore=4.31;tscore=4.47;
NZ_CADHBV010000004.1	Prodigal_v2.6.3	CDS	3488	4468	147.6	+	0	ID=4_6;partial=00;start_type=ATG;rbs_motif=AGGA;rbs_spacer=5-10bp;gc_cont=0.464;conf=100.00;score=147.59;cscore=129.14;sscore=18.45;rscore=12.54;uscore=0.18;tscore=4.47;
NZ_CADHBV010000004.1	Prodigal_v2.6.3	CDS	4468	5235	129.0	+	0	ID=4_7;partial=00;start_type=ATG;rbs_motif=AGxAGG/AGGxGG;rbs_spacer=5-10bp;gc_cont=0.393;conf=100.00;score=129.04;cscore=118.89;sscore=10.14;rscore=4.39;uscore=-2.80;tscore=4.47;
NZ_CADHBV010000004.1	Prodigal_v2.6.3	CDS	5290	9228	629.5	-	0	ID=4_8;partial=00;start_type=ATG;rbs_motif=AGGA;rbs_spacer=5-10bp;gc_cont=0.431;conf=99.99;score=629.51;cscore=613.50;sscore=16.01;rscore=12.54;uscore=-0.35;tscore=4.47;
NZ_CADHBV010000004.1	Prodigal_v2.6.3	CDS	9514	10911	266.9	-	0	ID=4_9;partial=00;start_type=ATG;rbs_motif=GGA/GAG/AGG;rbs_spacer=5-10bp;gc_cont=0.383;conf=99.99;score=266.91;cscore=254.95;sscore=11.96;rscore=3.13;uscore=3.08;tscore=4.47;
NZ_CADHBV010000004.1	Prodigal_v2.6.3	CDS	10912	12372	143.9	-	0	ID=4_10;partial=00;start_type=ATG;rbs_motif=None;rbs_spacer=None;gc_cont=0.379;conf=100.00;score=143.87;cscore=143.93;sscore=-0.05;rscore=-6.18;uscore=2.31;tscore=4.47;
NZ_CADHBV010000004.1	Prodigal_v2.6.3	CDS	12465	14309	374.6	+	0	ID=4_11;partial=00;start_type=ATG;rbs_motif=AGGA;rbs_spacer=5-10bp;gc_cont=0.377;conf=99.99;score=374.59;cscore=355.01;sscore=19.58;rscore=12.54;uscore=2.57;tscore=4.47;
NZ_CADHBV010000004.1	Prodigal_v2.6.3	CDS	14335	14886	101.6	+	0	ID=4_12;partial=00;start_type=ATG;rbs_motif=GGA/GAG/AGG;rbs_spacer=5-10bp;gc_cont=0.420;conf=100.00;score=101.61;cscore=90.10;sscore=11.51;rscore=3.13;uscore=2.90;tscore=4.47;
NZ_CADHBV010000004.1	Prodigal_v2.6.3	CDS	15051	15674	71.3	+	0	ID=4_13;partial=00;start_type=TTG;rbs_motif=None;rbs_spacer=None;gc_cont=0.346;conf=100.00;score=71.25;cscore=83.82;sscore=-12.57;rscore=-6.18;uscore=-0.08;tscore=-6.31;
NZ_CADHBV010000004.1	Prodigal_v2.6.3	CDS	15817	16092	22.7	+	0	ID=4_14;partial=00;start_type=ATG;rbs_motif=AGGAG;rbs_spacer=5-10bp;gc_cont=0.355;conf=99.46;score=22.67;cscore=-1.73;sscore=24.40;rscore=13.58;uscore=6.85;tscore=4.47;
NZ_CADHBV010000004.1	Prodigal_v2.6.3	CDS	16874	17605	100.9	-	0	ID=4_15;partial=00;start_type=ATG;rbs_motif=GGAG/GAGG;rbs_spacer=5-10bp;gc_cont=0.385;conf=100.00;score=100.87;cscore=85.44;sscore=15.43;rscore=6.22;uscore=5.39;tscore=4.47;
NZ_CADHBV010000004.1	Prodigal_v2.6.3	CDS	17738	18211	84.1	+	0	ID=4_16;partial=00;start_type=ATG;rbs_motif=AGGA;rbs_spacer=5-10bp;gc_cont=0.435;conf=100.00;score=84.14;cscore=65.68;sscore=18.46;rscore=12.54;uscore=1.45;tscore=4.47;
NZ_CADHBV010000004.1	Prodigal_v2.6.3	CDS	18212	20587	374.7	-	0	ID=4_17;partial=00;start_type=ATG;rbs_motif=AGGAG;rbs_spacer=5-10bp;gc_cont=0.441;conf=99.99;score=374.70;cscore=354.69;sscore=20.02;rscore=13.58;uscore=2.62;tscore=4.47;
NZ_CADHBV010000004.1	Prodigal_v2.6.3	CDS	20907	22424	212.5	+	0	ID=4_18;partial=00;start_type=ATG;rbs_motif=AGGA;rbs_spacer=5-10bp;gc_cont=0.422;conf=99.99;score=212.55;cscore=193.47;sscore=19.08;rscore=12.54;uscore=2.07;tscore=4.47;
NZ_CADHBV010000004.1	Prodigal_v2.6.3	CDS	22569	23444	128.1	+	0	ID=4_19;partial=00;start_type=ATG;rbs_motif=GGA/GAG/AGG;rbs_spacer=5-10bp;gc_cont=0.405;conf=100.00;score=128.15;cscore=117.16;sscore=10.99;rscore=3.13;uscore=3.38;tscore=4.47;
NZ_CADHBV010000004.1	Prodigal_v2.6.3	CDS	23528	23743	11.0	+	0	ID=4_20;partial=00;start_type=ATG;rbs_motif=GGA/GAG/AGG;rbs_spacer=5-10bp;gc_cont=0.356;conf=92.57;score=10.97;cscore=5.71;sscore=5.26;rscore=2.67;uscore=-1.22;tscore=3.81;
NZ_CADHBV010000004.1	Prodigal_v2.6.3	CDS	23801	24130	54.2	-	0	ID=4_21;partial=00;start_type=ATG;rbs_motif=AGGA;rbs_spacer=5-10bp;gc_cont=0.367;conf=100.00;score=54.15;cscore=34.42;sscore=19.74;rscore=12.54;uscore=3.37;tscore=4.47;
NZ_CADHBV010000004.1	Prodigal_v2.6.3	CDS	24480	25214	83.9	+	0	ID=4_22;partial=00;start_type=ATG;rbs_motif=AGGAG;rbs_spacer=5-10bp;gc_cont=0.420;conf=100.00;score=83.85;cscore=64.32;sscore=19.53;rscore=13.58;uscore=1.48;tscore=4.47;
NZ_CADHBV010000004.1	Prodigal_v2.6.3	CDS	25415	27571	395.4	+	0	ID=4_23;partial=00;start_type=ATG;rbs_motif=AGGA;rbs_spacer=5-10bp;gc_cont=0.459;conf=99.99;score=395.38;cscore=378.12;sscore=17.26;rscore=12.54;uscore=0.90;tscore=4.47;
NZ_CADHBV010000004.1	Prodigal_v2.6.3	CDS	27630	27983	58.0	+	0	ID=4_24;partial=00;start_type=ATG;rbs_motif=GGA/GAG/AGG;rbs_spacer=5-10bp;gc_cont=0.398;conf=100.00;score=58.02;cscore=47.80;sscore=10.22;rscore=3.13;uscore=2.62;tscore=4.47;
NZ_CADHBV010000004.1	Prodigal_v2.6.3	CDS	27990	28451	75.3	+	0	ID=4_25;partial=00;start_type=ATG;rbs_motif=GGA/GAG/AGG;rbs_spacer=5-10bp;gc_cont=0.357;conf=100.00;score=75.30;cscore=65.82;sscore=9.49;rscore=3.13;uscore=0.67;tscore=4.47;
NZ_CADHBV010000004.1	Prodigal_v2.6.3	CDS	28451	29533	183.0	+	0	ID=4_26;partial=00;start_type=ATG;rbs_motif=None;rbs_spacer=None;gc_cont=0.392;conf=99.99;score=182.97;cscore=176.09;sscore=6.88;rscore=-6.18;uscore=1.12;tscore=4.47;
NZ_CADHBV010000004.1	Prodigal_v2.6.3	CDS	29574	30068	114.9	+	0	ID=4_27;partial=00;start_type=ATG;rbs_motif=AGGAG;rbs_spacer=5-10bp;gc_cont=0.388;conf=100.00;score=114.92;cscore=93.60;sscore=21.32;rscore=13.58;uscore=2.43;tscore=4.47;
NZ_CADHBV010000004.1	Prodigal_v2.6.3	CDS	30058	30495	78.9	+	0	ID=4_28;partial=00;start_type=ATG;rbs_motif=GGA/GAG/AGG;rbs_spacer=5-10bp;gc_cont=0.425;conf=100.00;score=78.87;cscore=66.69;sscore=12.17;rscore=3.13;uscore=3.35;tscore=4.47;
NZ_CADHBV010000004.1	Prodigal_v2.6.3	CDS	30492	31148	106.7	+	0	ID=4_29;partial=00;start_type=ATG;rbs_motif=AGGAG;rbs_spacer=5-10bp;gc_cont=0.350;conf=100.00;score=106.71;cscore=87.36;sscore=19.35;rscore=13.58;uscore=-3.27;tscore=4.47;
NZ_CADHBV010000004.1	Prodigal_v2.6.3	CDS	31150	32778	276.5	+	0	ID=4_30;partial=00;start_type=TTG;rbs_motif=AGGA;rbs_spacer=5-10bp;gc_cont=0.379;conf=99.99;score=276.53;cscore=268.03;sscore=8.51;rscore=12.54;uscore=1.01;tscore=-6.31;
NZ_CADHBV010000004.1	Prodigal_v2.6.3	CDS	32783	33454	96.0	+	0	ID=4_31;partial=00;start_type=ATG;rbs_motif=AGxAG;rbs_spacer=5-10bp;gc_cont=0.391;conf=100.00;score=95.96;cscore=92.20;sscore=3.76;rscore=-3.49;uscore=1.55;tscore=4.47;
NZ_CADHBV010000004.1	Prodigal_v2.6.3	CDS	33445	34203	79.1	+	0	ID=4_32;partial=00;start_type=ATG;rbs_motif=AGxAGG/AGGxGG;rbs_spacer=5-10bp;gc_cont=0.423;conf=100.00;score=79.07;cscore=67.39;sscore=11.69;rscore=4.39;uscore=1.60;tscore=4.47;
NZ_CADHBV010000004.1	Prodigal_v2.6.3	CDS	34190	34714	70.6	+	0	ID=4_33;partial=00;start_type=ATG;rbs_motif=GGA/GAG/AGG;rbs_spacer=5-10bp;gc_cont=0.370;conf=100.00;score=70.56;cscore=65.03;sscore=5.53;rscore=3.13;uscore=-3.26;tscore=4.47;
NZ_CADHBV010000004.1	Prodigal_v2.6.3	CDS	34723	35715	195.0	+	0	ID=4_34;partial=00;start_type=ATG;rbs_motif=AGGA;rbs_spacer=5-10bp;gc_cont=0.385;conf=99.99;score=195.03;cscore=173.69;sscore=21.34;rscore=12.54;uscore=3.14;tscore=4.47;
NZ_CADHBV010000004.1	Prodigal_v2.6.3	CDS	35712	37097	262.2	+	0	ID=4_35;partial=00;start_type=ATG;rbs_motif=AGGA;rbs_spacer=5-10bp;gc_cont=0.416;conf=99.99;score=262.22;cscore=243.91;sscore=18.31;rscore=12.54;uscore=-1.32;tscore=4.47;
NZ_CADHBV010000004.1	Prodigal_v2.6.3	CDS	37090	37668	102.1	+	0	ID=4_36;partial=00;start_type=ATG;rbs_motif=AGGA;rbs_spacer=5-10bp;gc_cont=0.409;conf=100.00;score=102.05;cscore=82.01;sscore=20.04;rscore=12.54;uscore=1.78;tscore=4.47;
NZ_CADHBV010000004.1	Prodigal_v2.6.3	CDS	37671	38765	131.4	-	0	ID=4_37;partial=00;start_type=ATG;rbs_motif=AGGA;rbs_spacer=5-10bp;gc_cont=0.337;conf=100.00;score=131.42;cscore=110.74;sscore=20.67;rscore=12.54;uscore=2.49;tscore=4.47;
NZ_CADHBV010000004.1	Prodigal_v2.6.3	CDS	38775	40355	115.5	-	0	ID=4_38;partial=00;start_type=ATG;rbs_motif=3Base/5BMM;rbs_spacer=13-15bp;gc_cont=0.352;conf=100.00;score=115.47;cscore=117.12;sscore=-1.66;rscore=-5.81;uscore=-0.31;tscore=4.47;
NZ_CADHBV010000004.1	Prodigal_v2.6.3	CDS	40455	41432	108.4	-	0	ID=4_39;partial=00;start_type=TTG;rbs_motif=AGGA;rbs_spacer=5-10bp;gc_cont=0.427;conf=100.00;score=108.41;cscore=98.63;sscore=9.78;rscore=12.54;uscore=4.20;tscore=-6.31;
NZ_CADHBV010000004.1	Prodigal_v2.6.3	CDS	41630	43231	319.4	+	0	ID=4_40;partial=00;start_type=ATG;rbs_motif=AGGA;rbs_spacer=5-10bp;gc_cont=0.420;conf=99.99;score=319.35;cscore=299.18;sscore=20.17;rscore=12.54;uscore=3.16;tscore=4.47;
NZ_CADHBV010000004.1	Prodigal_v2.6.3	CDS	43228	43782	91.8	+	0	ID=4_41;partial=00;start_type=ATG;rbs_motif=GGA/GAG/AGG;rbs_spacer=5-10bp;gc_cont=0.382;conf=100.00;score=91.76;cscore=81.52;sscore=10.24;rscore=3.13;uscore=1.34;tscore=4.47;
NZ_CADHBV010000004.1	Prodigal_v2.6.3	CDS	43779	44171	51.9	+	0	ID=4_42;partial=00;start_type=TTG;rbs_motif=None;rbs_spacer=None;gc_cont=0.356;conf=100.00;score=51.91;cscore=56.93;sscore=-5.01;rscore=-6.18;uscore=-0.20;tscore=-6.31;
NZ_CADHBV010000004.1	Prodigal_v2.6.3	CDS	44195	44881	65.8	-	0	ID=4_43;partial=00;start_type=ATG;rbs_motif=GGA/GAG/AGG;rbs_spacer=5-10bp;gc_cont=0.425;conf=100.00;score=65.84;cscore=58.33;sscore=7.51;rscore=3.13;uscore=0.55;tscore=4.47;
NZ_CADHBV010000004.1	Prodigal_v2.6.3	CDS	45172	45948	130.4	+	0	ID=4_44;partial=00;start_type=TTG;rbs_motif=AGGAG;rbs_spacer=5-10bp;gc_cont=0.431;conf=100.00;score=130.37;cscore=118.09;sscore=12.28;rscore=13.58;uscore=5.01;tscore=-6.31;
NZ_CADHBV010000004.1	Prodigal_v2.6.3	CDS	45945	46754	137.4	+	0	ID=4_45;partial=00;start_type=GTG;rbs_motif=AGGA;rbs_spacer=5-10bp;gc_cont=0.440;conf=100.00;score=137.39;cscore=131.11;sscore=6.28;rscore=12.54;uscore=-0.41;tscore=-7.55;
NZ_CADHBV010000004.1	Prodigal_v2.6.3	CDS	46747	47406	91.7	+	0	ID=4_46;partial=00;start_type=ATG;rbs_motif=AGGA/GGAG/GAGG;rbs_spacer=11-12bp;gc_cont=0.408;conf=100.00;score=91.68;cscore=84.99;sscore=6.69;rscore=3.25;uscore=-2.28;tscore=4.47;
NZ_CADHBV010000004.1	Prodigal_v2.6.3	CDS	47415	48152	121.0	-	0	ID=4_47;partial=00;start_type=ATG;rbs_motif=None;rbs_spacer=None;gc_cont=0.378;conf=100.00;score=121.03;cscore=112.13;sscore=8.90;rscore=-6.18;uscore=3.14;tscore=4.47;
NZ_CADHBV010000004.1	Prodigal_v2.6.3	CDS	48152	49429	206.1	-	0	ID=4_48;partial=00;start_type=ATG;rbs_motif=None;rbs_spacer=None;gc_cont=0.401;conf=99.99;score=206.08;cscore=200.31;sscore=5.77;rscore=-6.18;uscore=-2.99;tscore=4.47;
NZ_CADHBV010000004.1	Prodigal_v2.6.3	CDS	49426	50427	166.5	-	0	ID=4_49;partial=00;start_type=ATG;rbs_motif=None;rbs_spacer=None;gc_cont=0.433;conf=100.00;score=166.51;cscore=168.63;sscore=-2.12;rscore=-6.18;uscore=-1.65;tscore=4.47;
NZ_CADHBV010000004.1	Prodigal_v2.6.3	CDS	50431	52194	261.9	-	0	ID=4_50;partial=00;start_type=ATG;rbs_motif=GGA/GAG/AGG;rbs_spacer=5-10bp;gc_cont=0.447;conf=99.99;score=261.85;cscore=251.12;sscore=10.73;rscore=3.13;uscore=1.83;tscore=4.47;
NZ_CADHBV010000004.1	Prodigal_v2.6.3	CDS	52191	52808	77.5	-	0	ID=4_51;partial=00;start_type=ATG;rbs_motif=None;rbs_spacer=None;gc_cont=0.372;conf=100.00;score=77.47;cscore=77.91;sscore=-0.44;rscore=-6.18;uscore=0.21;tscore=4.47;
NZ_CADHBV010000004.1	Prodigal_v2.6.3	CDS	52828	53433	81.0	-	0	ID=4_52;partial=00;start_type=ATG;rbs_motif=AGGA;rbs_spacer=5-10bp;gc_cont=0.474;conf=100.00;score=81.02;cscore=62.20;sscore=18.82;rscore=12.54;uscore=2.46;tscore=4.47;
NZ_CADHBV010000004.1	Prodigal_v2.6.3	CDS	54116	54400	52.3	-	0	ID=4_53;partial=00;start_type=ATG;rbs_motif=GGA/GAG/AGG;rbs_spacer=5-10bp;gc_cont=0.396;conf=100.00;score=52.35;cscore=43.16;sscore=9.19;rscore=3.13;uscore=1.59;tscore=4.47;
NZ_CADHBV010000004.1	Prodigal_v2.6.3	CDS	54542	55927	230.3	-	0	ID=4_54;partial=00;start_type=ATG;rbs_motif=None;rbs_spacer=None;gc_cont=0.402;conf=99.99;score=230.33;cscore=230.65;sscore=-0.33;rscore=-6.18;uscore=2.04;tscore=4.47;
NZ_CADHBV010000004.1	Prodigal_v2.6.3	CDS	56037	56894	123.7	+	0	ID=4_55;partial=00;start_type=ATG;rbs_motif=GGA/GAG/AGG;rbs_spacer=5-10bp;gc_cont=0.360;conf=100.00;score=123.72;cscore=114.07;sscore=9.64;rscore=3.13;uscore=2.04;tscore=4.47;
NZ_CADHBV010000004.1	Prodigal_v2.6.3	CDS	56982	57770	135.0	+	0	ID=4_56;partial=00;start_type=ATG;rbs_motif=AGGA;rbs_spacer=5-10bp;gc_cont=0.369;conf=100.00;score=134.96;cscore=116.01;sscore=18.95;rscore=12.54;uscore=1.94;tscore=4.47;
NZ_CADHBV010000004.1	Prodigal_v2.6.3	CDS	57772	58362	87.8	+	0	ID=4_57;partial=00;start_type=ATG;rbs_motif=None;rbs_spacer=None;gc_cont=0.377;conf=100.00;score=87.78;cscore=85.14;sscore=2.64;rscore=-6.18;uscore=3.09;tscore=4.47;
NZ_CADHBV010000004.1	Prodigal_v2.6.3	CDS	58421	59782	281.7	+	0	ID=4_58;partial=00;start_type=ATG;rbs_motif=GGA/GAG/AGG;rbs_spacer=5-10bp;gc_cont=0.440;conf=99.99;score=281.74;cscore=270.29;sscore=11.46;rscore=3.13;uscore=3.85;tscore=4.47;
NZ_CADHBV010000004.1	Prodigal_v2.6.3	CDS	59792	61237	318.6	+	0	ID=4_59;partial=00;start_type=ATG;rbs_motif=AGGA;rbs_spacer=5-10bp;gc_cont=0.445;conf=99.99;score=318.56;cscore=297.68;sscore=20.88;rscore=12.54;uscore=2.69;tscore=4.47;
NZ_CADHBV010000004.1	Prodigal_v2.6.3	CDS	61359	62039	84.4	+	0	ID=4_60;partial=00;start_type=ATG;rbs_motif=GGA/GAG/AGG;rbs_spacer=5-10bp;gc_cont=0.420;conf=100.00;score=84.41;cscore=75.20;sscore=9.21;rscore=3.13;uscore=1.60;tscore=4.47;
NZ_CADHBV010000004.1	Prodigal_v2.6.3	CDS	62360	62608	30.1	+	0	ID=4_61;partial=00;start_type=TTG;rbs_motif=GGAG/GAGG;rbs_spacer=5-10bp;gc_cont=0.369;conf=99.90;score=30.14;cscore=30.16;sscore=-0.01;rscore=6.12;uscore=0.93;tscore=-6.41;
NZ_CADHBV010000004.1	Prodigal_v2.6.3	CDS	62827	63648	111.8	-	0	ID=4_62;partial=00;start_type=TTG;rbs_motif=GGAG/GAGG;rbs_spacer=5-10bp;gc_cont=0.398;conf=100.00;score=111.80;cscore=110.42;sscore=1.39;rscore=6.22;uscore=2.13;tscore=-6.31;
NZ_CADHBV010000004.1	Prodigal_v2.6.3	CDS	64005	64940	145.9	-	0	ID=4_63;partial=00;start_type=ATG;rbs_motif=GGA/GAG/AGG;rbs_spacer=5-10bp;gc_cont=0.451;conf=100.00;score=145.92;cscore=134.28;sscore=11.64;rscore=3.13;uscore=2.81;tscore=4.47;
NZ_CADHBV010000004.1	Prodigal_v2.6.3	CDS	64945	65265	62.2	-	0	ID=4_64;partial=00;start_type=ATG;rbs_motif=AGGAG;rbs_spacer=5-10bp;gc_cont=0.380;conf=100.00;score=62.18;cscore=39.91;sscore=22.27;rscore=13.58;uscore=4.22;tscore=4.47;
NZ_CADHBV010000004.1	Prodigal_v2.6.3	CDS	65354	65698	41.8	-	0	ID=4_65;partial=00;start_type=ATG;rbs_motif=GGA/GAG/AGG;rbs_spacer=5-10bp;gc_cont=0.342;conf=99.99;score=41.82;cscore=34.24;sscore=7.58;rscore=3.13;uscore=-1.30;tscore=4.47;
NZ_CADHBV010000004.1	Prodigal_v2.6.3	CDS	65699	66964	274.9	-	0	ID=4_66;partial=00;start_type=ATG;rbs_motif=AGGA;rbs_spacer=5-10bp;gc_cont=0.412;conf=99.99;score=274.87;cscore=253.82;sscore=21.05;rscore=12.54;uscore=2.87;tscore=4.47;
NZ_CADHBV010000004.1	Prodigal_v2.6.3	CDS	66975	68759	282.0	-	0	ID=4_67;partial=00;start_type=ATG;rbs_motif=GGA/GAG/AGG;rbs_spacer=5-10bp;gc_cont=0.378;conf=99.99;score=281.95;cscore=276.78;sscore=5.17;rscore=3.13;uscore=-3.71;tscore=4.47;
NZ_CADHBV010000004.1	Prodigal_v2.6.3	CDS	68760	69221	48.1	-	0	ID=4_68;partial=00;start_type=ATG;rbs_motif=None;rbs_spacer=None;gc_cont=0.348;conf=100.00;score=48.09;cscore=49.14;sscore=-1.05;rscore=-6.18;uscore=0.66;tscore=4.47;
NZ_CADHBV010000004.1	Prodigal_v2.6.3	CDS	69396	70046	98.3	-	0	ID=4_69;partial=00;start_type=ATG;rbs_motif=None;rbs_spacer=None;gc_cont=0.387;conf=100.00;score=98.31;cscore=95.99;sscore=2.32;rscore=-6.18;uscore=2.77;tscore=4.47;
NZ_CADHBV010000004.1	Prodigal_v2.6.3	CDS	70048	71709	239.3	-	0	ID=4_70;partial=00;start_type=ATG;rbs_motif=None;rbs_spacer=None;gc_cont=0.400;conf=99.99;score=239.30;cscore=239.15;sscore=0.16;rscore=-6.18;uscore=1.87;tscore=4.47;
NZ_CADHBV010000004.1	Prodigal_v2.6.3	CDS	71778	72224	65.8	-	0	ID=4_71;partial=00;start_type=ATG;rbs_motif=None;rbs_spacer=None;gc_cont=0.403;conf=100.00;score=65.82;cscore=59.77;sscore=6.04;rscore=-6.18;uscore=0.28;tscore=4.47;
NZ_CADHBV010000004.1	Prodigal_v2.6.3	CDS	72221	72994	121.2	-	0	ID=4_72;partial=00;start_type=ATG;rbs_motif=GGAG/GAGG;rbs_spacer=5-10bp;gc_cont=0.425;conf=100.00;score=121.17;cscore=111.10;sscore=10.06;rscore=6.22;uscore=-1.88;tscore=4.47;
NZ_CADHBV010000004.1	Prodigal_v2.6.3	CDS	72997	73770	138.7	-	0	ID=4_73;partial=00;start_type=TTG;rbs_motif=GGA/GAG/AGG;rbs_spacer=5-10bp;gc_cont=0.438;conf=100.00;score=138.71;cscore=138.34;sscore=0.36;rscore=3.13;uscore=2.43;tscore=-6.31;
NZ_CADHBV010000004.1	Prodigal_v2.6.3	CDS	73786	74553	95.4	-	0	ID=4_74;partial=00;start_type=TTG;rbs_motif=AGGA;rbs_spacer=5-10bp;gc_cont=0.400;conf=100.00;score=95.41;cscore=89.13;sscore=6.28;rscore=12.54;uscore=-1.23;tscore=-6.31;
NZ_CADHBV010000004.1	Prodigal_v2.6.3	CDS	74554	75171	73.6	-	0	ID=4_75;partial=00;start_type=TTG;rbs_motif=GGAG/GAGG;rbs_spacer=5-10bp;gc_cont=0.401;conf=100.00;score=73.58;cscore=75.70;sscore=-2.12;rscore=6.22;uscore=-1.38;tscore=-6.31;
NZ_CADHBV010000004.1	Prodigal_v2.6.3	CDS	75279	76313	133.3	+	0	ID=4_76;partial=00;start_type=ATG;rbs_motif=None;rbs_spacer=None;gc_cont=0.385;conf=100.00;score=133.26;cscore=137.19;sscore=-3.93;rscore=-6.18;uscore=-2.22;tscore=4.47;
NZ_CADHBV010000004.1	Prodigal_v2.6.3	CDS	76685	77011	31.7	+	0	ID=4_77;partial=00;start_type=TTG;rbs_motif=AGxAGG/AGGxGG;rbs_spacer=3-4bp;gc_cont=0.349;conf=99.93;score=31.67;cscore=33.25;sscore=-1.57;rscore=5.52;uscore=-0.13;tscore=-6.31;
NZ_CADHBV010000004.1	Prodigal_v2.6.3	CDS	76990	77592	56.3	+	0	ID=4_78;partial=00;start_type=ATG;rbs_motif=None;rbs_spacer=None;gc_cont=0.380;conf=100.00;score=56.26;cscore=57.03;sscore=-0.77;rscore=-6.18;uscore=0.95;tscore=4.47;
NZ_CADHBV010000004.1	Prodigal_v2.6.3	CDS	77601	78152	118.7	+	0	ID=4_79;partial=00;start_type=ATG;rbs_motif=AGGA;rbs_spacer=5-10bp;gc_cont=0.370;conf=100.00;score=118.73;cscore=98.10;sscore=20.63;rscore=12.54;uscore=2.44;tscore=4.47;
NZ_CADHBV010000004.1	Prodigal_v2.6.3	CDS	78159	78518	38.1	+	0	ID=4_80;partial=00;start_type=ATG;rbs_motif=None;rbs_spacer=None;gc_cont=0.403;conf=99.98;score=38.11;cscore=37.58;sscore=0.53;rscore=-6.18;uscore=1.03;tscore=4.47;
NZ_CADHBV010000004.1	Prodigal_v2.6.3	CDS	78716	81091	351.7	+	0	ID=4_81;partial=00;start_type=ATG;rbs_motif=GGA/GAG/AGG;rbs_spacer=5-10bp;gc_cont=0.420;conf=99.99;score=351.70;cscore=341.98;sscore=9.72;rscore=3.13;uscore=2.76;tscore=4.47;
NZ_CADHBV010000004.1	Prodigal_v2.6.3	CDS	81094	81714	68.9	-	0	ID=4_82;partial=00;start_type=ATG;rbs_motif=None;rbs_spacer=None;gc_cont=0.374;conf=100.00;score=68.87;cscore=70.12;sscore=-1.25;rscore=-6.18;uscore=1.12;tscore=4.47;
NZ_CADHBV010000004.1	Prodigal_v2.6.3	CDS	81796	82647	119.0	+	0	ID=4_83;partial=00;start_type=ATG;rbs_motif=GGA/GAG/AGG;rbs_spacer=5-10bp;gc_cont=0.370;conf=100.00;score=118.97;cscore=107.86;sscore=11.11;rscore=3.13;uscore=3.51;tscore=4.47;
NZ_CADHBV010000004.1	Prodigal_v2.6.3	CDS	82837	83871	184.5	+	0	ID=4_84;partial=00;start_type=ATG;rbs_motif=GGAG/GAGG;rbs_spacer=5-10bp;gc_cont=0.405;conf=99.99;score=184.51;cscore=170.29;sscore=14.22;rscore=6.22;uscore=4.19;tscore=4.47;
NZ_CADHBV010000004.1	Prodigal_v2.6.3	CDS	84052	84798	85.5	+	0	ID=4_85;partial=00;start_type=ATG;rbs_motif=None;rbs_spacer=None;gc_cont=0.407;conf=100.00;score=85.54;cscore=85.21;sscore=0.33;rscore=-6.18;uscore=2.69;tscore=4.47;
NZ_CADHBV010000004.1	Prodigal_v2.6.3	CDS	84888	85466	106.2	+	0	ID=4_86;partial=00;start_type=TTG;rbs_motif=AGGAG;rbs_spacer=5-10bp;gc_cont=0.406;conf=100.00;score=106.19;cscore=93.94;sscore=12.26;rscore=13.58;uscore=4.99;tscore=-6.31;
NZ_CADHBV010000004.1	Prodigal_v2.6.3	CDS	85541	85762	23.0	+	0	ID=4_87;partial=00;start_type=ATG;rbs_motif=GGA/GAG/AGG;rbs_spacer=5-10bp;gc_cont=0.387;conf=99.50;score=23.02;cscore=12.85;sscore=10.17;rscore=2.74;uscore=3.51;tscore=3.92;
NZ_CADHBV010000004.1	Prodigal_v2.6.3	CDS	85763	86200	48.0	+	0	ID=4_88;partial=00;start_type=GTG;rbs_motif=GGxGG;rbs_spacer=3-4bp;gc_cont=0.381;conf=100.00;score=47.96;cscore=57.90;sscore=-9.94;rscore=0.48;uscore=-4.14;tscore=-7.55;
NZ_CADHBV010000004.1	Prodigal_v2.6.3	CDS	86213	86743	85.9	+	0	ID=4_89;partial=00;start_type=ATG;rbs_motif=AGGAG;rbs_spacer=5-10bp;gc_cont=0.407;conf=100.00;score=85.94;cscore=68.70;sscore=17.24;rscore=13.58;uscore=-1.95;tscore=4.47;
NZ_CADHBV010000004.1	Prodigal_v2.6.3	CDS	86753	87229	92.0	+	0	ID=4_90;partial=00;start_type=ATG;rbs_motif=AGGA;rbs_spacer=5-10bp;gc_cont=0.413;conf=100.00;score=92.04;cscore=74.76;sscore=17.28;rscore=12.54;uscore=-0.91;tscore=4.47;
NZ_CADHBV010000004.1	Prodigal_v2.6.3	CDS	87348	88130	124.1	+	0	ID=4_91;partial=00;start_type=ATG;rbs_motif=AGGA;rbs_spacer=5-10bp;gc_cont=0.378;conf=100.00;score=124.12;cscore=102.77;sscore=21.35;rscore=12.54;uscore=4.34;tscore=4.47;
NZ_CADHBV010000004.1	Prodigal_v2.6.3	CDS	88159	88995	70.7	+	0	ID=4_92;partial=00;start_type=TTG;rbs_motif=None;rbs_spacer=None;gc_cont=0.379;conf=100.00;score=70.72;cscore=80.07;sscore=-9.36;rscore=-6.18;uscore=2.17;tscore=-6.31;
NZ_CADHBV010000004.1	Prodigal_v2.6.3	CDS	89107	90462	305.5	+	0	ID=4_93;partial=00;start_type=ATG;rbs_motif=AGGA;rbs_spacer=5-10bp;gc_cont=0.381;conf=99.99;score=305.50;cscore=283.46;sscore=22.04;rscore=12.54;uscore=5.03;tscore=4.47;
NZ_CADHBV010000004.1	Prodigal_v2.6.3	CDS	90483	91070	95.2	+	0	ID=4_94;partial=00;start_type=ATG;rbs_motif=GGA/GAG/AGG;rbs_spacer=5-10bp;gc_cont=0.425;conf=100.00;score=95.16;cscore=86.85;sscore=8.31;rscore=3.13;uscore=-0.35;tscore=4.47;
NZ_CADHBV010000004.1	Prodigal_v2.6.3	CDS	91075	91599	82.9	+	0	ID=4_95;partial=00;start_type=ATG;rbs_motif=None;rbs_spacer=None;gc_cont=0.415;conf=100.00;score=82.89;cscore=80.15;sscore=2.74;rscore=-6.18;uscore=3.22;tscore=4.47;
NZ_CADHBV010000004.1	Prodigal_v2.6.3	CDS	91605	93125	219.9	+	0	ID=4_96;partial=00;start_type=ATG;rbs_motif=None;rbs_spacer=None;gc_cont=0.416;conf=99.99;score=219.89;cscore=216.14;sscore=3.76;rscore=-6.18;uscore=4.25;tscore=4.47;
NZ_CADHBV010000004.1	Prodigal_v2.6.3	CDS	93150	95210	392.7	+	0	ID=4_97;partial=00;start_type=ATG;rbs_motif=GGAG/GAGG;rbs_spacer=5-10bp;gc_cont=0.428;conf=99.99;score=392.69;cscore=378.86;sscore=13.83;rscore=6.22;uscore=2.13;tscore=4.47;
NZ_CADHBV010000004.1	Prodigal_v2.6.3	CDS	95309	96007	46.4	+	0	ID=4_98;partial=01;start_type=ATG;rbs_motif=None;rbs_spacer=None;gc_cont=0.319;conf=100.00;score=46.42;cscore=48.22;sscore=-1.80;rscore=-6.18;uscore=-0.09;tscore=4.47;
# Sequence Data: seqnum=5;seqlen=91255;seqhdr="NZ_CADHBV010000005.1 Helicobacter pylori isolate clinical, whole genome shotgun sequence"
# Model Data: version=Prodigal.v2.6.3;run_type=Single;model="Ab initio";gc_cont=38.94;transl_table=11;uses_sd=1
NZ_CADHBV010000005.1	Prodigal_v2.6.3	CDS	3	1484	142.9	+	0	ID=5_1;partial=10;start_type=Edge;rbs_motif=None;rbs_spacer=None;gc_cont=0.360;conf=100.00;score=142.95;cscore=139.73;sscore=3.22;rscore=0.00;uscore=0.00;tscore=3.22;
NZ_CADHBV010000005.1	Prodigal_v2.6.3	CDS	1488	2144	71.0	+	0	ID=5_2;partial=00;start_type=ATG;rbs_motif=GGA/GAG/AGG;rbs_spacer=5-10bp;gc_cont=0.399;conf=100.00;score=70.97;cscore=64.60;sscore=6.37;rscore=3.13;uscore=-2.48;tscore=4.47;
NZ_CADHBV010000005.1	Prodigal_v2.6.3	CDS	2121	2648	73.7	-	0	ID=5_3;partial=00;start_type=TTG;rbs_motif=AGGA;rbs_spacer=5-10bp;gc_cont=0.386;conf=100.00;score=73.74;cscore=65.85;sscore=7.89;rscore=12.54;uscore=1.65;tscore=-6.31;
NZ_CADHBV010000005.1	Prodigal_v2.6.3	CDS	2715	3992	265.0	-	0	ID=5_4;partial=00;start_type=ATG;rbs_motif=AGGA;rbs_spacer=5-10bp;gc_cont=0.432;conf=99.99;score=265.04;cscore=247.55;sscore=17.49;rscore=12.54;uscore=1.13;tscore=4.47;
NZ_CADHBV010000005.1	Prodigal_v2.6.3	CDS	4195	5475	240.6	+	0	ID=5_5;partial=00;start_type=ATG;rbs_motif=AGGA;rbs_spacer=5-10bp;gc_cont=0.441;conf=99.99;score=240.63;cscore=220.45;sscore=20.18;rscore=12.54;uscore=3.17;tscore=4.47;
NZ_CADHBV010000005.1	Prodigal_v2.6.3	CDS	6085	8148	295.3	+	0	ID=5_6;partial=00;start_type=ATG;rbs_motif=AGGAG;rbs_spacer=5-10bp;gc_cont=0.430;conf=99.99;score=295.30;cscore=273.36;sscore=21.93;rscore=13.58;uscore=4.53;tscore=4.47;
NZ_CADHBV010000005.1	Prodigal_v2.6.3	CDS	8775	10346	180.6	+	0	ID=5_7;partial=00;start_type=TTG;rbs_motif=GGA/GAG/AGG;rbs_spacer=5-10bp;gc_cont=0.400;conf=99.99;score=180.60;cscore=184.69;sscore=-4.09;rscore=3.13;uscore=-0.26;tscore=-6.31;
NZ_CADHBV010000005.1	Prodigal_v2.6.3	CDS	10357	10929	54.8	+	0	ID=5_8;partial=00;start_type=ATG;rbs_motif=3Base/5BMM;rbs_spacer=13-15bp;gc_cont=0.445;conf=100.00;score=54.83;cscore=51.57;sscore=3.27;rscore=-5.81;uscore=3.44;tscore=4.47;
NZ_CADHBV010000005.1	Prodigal_v2.6.3	CDS	10952	12169	197.3	-	0	ID=5_9;partial=00;start_type=ATG;rbs_motif=GGA/GAG/AGG;rbs_spacer=5-10bp;gc_cont=0.436;conf=99.99;score=197.34;cscore=188.44;sscore=8.90;rscore=3.13;uscore=-1.53;tscore=4.47;
NZ_CADHBV010000005.1	Prodigal_v2.6.3	CDS	12166	13131	167.9	-	0	ID=5_10;partial=00;start_type=ATG;rbs_motif=GGA/GAG/AGG;rbs_spacer=5-10bp;gc_cont=0.403;conf=100.00;score=167.90;cscore=155.64;sscore=12.26;rscore=3.13;uscore=4.65;tscore=4.47;
NZ_CADHBV010000005.1	Prodigal_v2.6.3	CDS	13239	14579	221.9	-	0	ID=5_11;partial=00;start_type=ATG;rbs_motif=GGA/GAG/AGG;rbs_spacer=5-10bp;gc_cont=0.402;conf=99.99;score=221.90;cscore=214.05;sscore=7.85;rscore=3.13;uscore=0.89;tscore=4.47;
NZ_CADHBV010000005.1	Prodigal_v2.6.3	CDS	14877	17240	403.8	-	0	ID=5_12;partial=00;start_type=ATG;rbs_motif=GGA/GAG/AGG;rbs_spacer=5-10bp;gc_cont=0.382;conf=99.99;score=403.85;cscore=390.42;sscore=13.42;rscore=3.13;uscore=4.56;tscore=4.47;
NZ_CADHBV010000005.1	Prodigal_v2.6.3	CDS	17242	17505	31.9	-	0	ID=5_13;partial=00;start_type=ATG;rbs_motif=GGA/GAG/AGG;rbs_spacer=5-10bp;gc_cont=0.337;conf=99.94;score=31.92;cscore=23.03;sscore=8.89;rscore=3.13;uscore=-1.52;tscore=4.47;
NZ_CADHBV010000005.1	Prodigal_v2.6.3	CDS	17505	17786	36.8	-	0	ID=5_14;partial=00;start_type=ATG;rbs_motif=GGA/GAG/AGG;rbs_spacer=5-10bp;gc_cont=0.394;conf=99.98;score=36.84;cscore=23.84;sscore=13.00;rscore=3.13;uscore=5.40;tscore=4.47;
NZ_CADHBV010000005.1	Prodigal_v2.6.3	CDS	17932	18759	136.4	-	0	ID=5_15;partial=00;start_type=ATG;rbs_motif=AGGAG;rbs_spacer=5-10bp;gc_cont=0.380;conf=100.00;score=136.42;cscore=118.32;sscore=18.10;rscore=13.58;uscore=0.05;tscore=4.47;
NZ_CADHBV010000005.1	Prodigal_v2.6.3	CDS	18851	19903	193.1	-	0	ID=5_16;partial=00;start_type=ATG;rbs_motif=AGGAG(G)/GGAGG;rbs_spacer=13-15bp;gc_cont=0.414;conf=99.99;score=193.13;cscore=186.51;sscore=6.61;rscore=0.44;uscore=0.40;tscore=4.47;
NZ_CADHBV010000005.1	Prodigal_v2.6.3	CDS	19900	21579	268.1	-	0	ID=5_17;partial=00;start_type=ATG;rbs_motif=None;rbs_spacer=None;gc_cont=0.403;conf=99.99;score=268.06;cscore=269.98;sscore=-1.92;rscore=-6.18;uscore=0.44;tscore=4.47;
NZ_CADHBV010000005.1	Prodigal_v2.6.3	CDS	21870	22226	64.6	+	0	ID=5_18;partial=00;start_type=ATG;rbs_motif=AGGAG;rbs_spacer=5-10bp;gc_cont=0.401;conf=100.00;score=64.57;cscore=43.80;sscore=20.77;rscore=13.58;uscore=2.72;tscore=4.47;
NZ_CADHBV010000005.1	Prodigal_v2.6.3	CDS	22252	23892	388.2	+	0	ID=5_19;partial=00;start_type=ATG;rbs_motif=AGGA;rbs_spacer=5-10bp;gc_cont=0.454;conf=99.99;score=388.21;cscore=365.88;sscore=22.34;rscore=12.54;uscore=4.32;tscore=4.47;
NZ_CADHBV010000005.1	Prodigal_v2.6.3	CDS	24237	26243	284.6	+	0	ID=5_20;partial=00;start_type=ATG;rbs_motif=AGGA;rbs_spacer=5-10bp;gc_cont=0.442;conf=99.99;score=284.59;cscore=265.55;sscore=19.04;rscore=12.54;uscore=2.67;tscore=4.47;
NZ_CADHBV010000005.1	Prodigal_v2.6.3	CDS	27261	28091	140.5	-	0	ID=5_21;partial=00;start_type=ATG;rbs_motif=AGGA;rbs_spacer=5-10bp;gc_cont=0.418;conf=100.00;score=140.47;cscore=122.58;sscore=17.90;rscore=12.54;uscore=-0.39;tscore=4.47;
NZ_CADHBV010000005.1	Prodigal_v2.6.3	CDS	28092	28775	131.5	-	0	ID=5_22;partial=00;start_type=ATG;rbs_motif=GGA/GAG/AGG;rbs_spacer=5-10bp;gc_cont=0.395;conf=100.00;score=131.48;cscore=122.23;sscore=9.25;rscore=3.13;uscore=2.29;tscore=4.47;
NZ_CADHBV010000005.1	Prodigal_v2.6.3	CDS	28897	29562	93.5	+	0	ID=5_23;partial=00;start_type=GTG;rbs_motif=GGA/GAG/AGG;rbs_spacer=5-10bp;gc_cont=0.408;conf=100.00;score=93.55;cscore=93.66;sscore=-0.12;rscore=3.13;uscore=4.30;tscore=-7.55;
NZ_CADHBV010000005.1	Prodigal_v2.6.3	CDS	29549	30379	150.8	+	0	ID=5_24;partial=00;start_type=ATG;rbs_motif=AGGA;rbs_spacer=5-10bp;gc_cont=0.424;conf=100.00;score=150.85;cscore=129.47;sscore=21.38;rscore=12.54;uscore=3.18;tscore=4.47;
NZ_CADHBV010000005.1	Prodigal_v2.6.3	CDS	30389	30859	107.7	+	0	ID=5_25;partial=00;start_type=ATG;rbs_motif=AGGA;rbs_spacer=5-10bp;gc_cont=0.463;conf=100.00;score=107.69;cscore=85.27;sscore=22.42;rscore=12.54;uscore=4.23;tscore=4.47;
NZ_CADHBV010000005.1	Prodigal_v2.6.3	CDS	30861	31277	72.0	+	0	ID=5_26;partial=00;start_type=ATG;rbs_motif=GGA/GAG/AGG;rbs_spacer=5-10bp;gc_cont=0.412;conf=100.00;score=72.00;cscore=64.94;sscore=7.06;rscore=3.13;uscore=-1.80;tscore=4.47;
NZ_CADHBV010000005.1	Prodigal_v2.6.3	CDS	31627	31977	15.8	+	0	ID=5_27;partial=00;start_type=ATG;rbs_motif=None;rbs_spacer=None;gc_cont=0.313;conf=97.40;score=15.76;cscore=17.17;sscore=-1.41;rscore=-6.18;uscore=0.95;tscore=4.47;
NZ_CADHBV010000005.1	Prodigal_v2.6.3	CDS	32223	32984	123.0	+	0	ID=5_28;partial=00;start_type=ATG;rbs_motif=AGGA;rbs_spacer=5-10bp;gc_cont=0.392;conf=100.00;score=122.97;cscore=103.94;sscore=19.03;rscore=12.54;uscore=2.67;tscore=4.47;
NZ_CADHBV010000005.1	Prodigal_v2.6.3	CDS	33069	33209	14.6	+	0	ID=5_29;partial=00;start_type=ATG;rbs_motif=GGAG/GAGG;rbs_spacer=5-10bp;gc_cont=0.333;conf=96.63;score=14.60;cscore=7.87;sscore=6.72;rscore=3.43;uscore=0.82;tscore=2.47;
NZ_CADHBV010000005.1	Prodigal_v2.6.3	CDS	33578	34096	47.7	+	0	ID=5_30;partial=00;start_type=TTG;rbs_motif=None;rbs_spacer=None;gc_cont=0.362;conf=100.00;score=47.71;cscore=60.82;sscore=-13.11;rscore=-6.18;uscore=0.04;tscore=-6.31;
NZ_CADHBV010000005.1	Prodigal_v2.6.3	CDS	34121	34513	22.7	+	0	ID=5_31;partial=00;start_type=GTG;rbs_motif=None;rbs_spacer=None;gc_cont=0.410;conf=99.46;score=22.68;cscore=37.96;sscore=-15.28;rscore=-6.18;uscore=-2.56;tscore=-7.55;
NZ_CADHBV010000005.1	Prodigal_v2.6.3	CDS	34612	35400	139.0	-	0	ID=5_32;partial=00;start_type=ATG;rbs_motif=GGA/GAG/AGG;rbs_spacer=5-10bp;gc_cont=0.465;conf=100.00;score=138.96;cscore=129.37;sscore=9.59;rscore=3.13;uscore=2.64;tscore=4.47;
NZ_CADHBV010000005.1	Prodigal_v2.6.3	CDS	36257	37279	133.9	-	0	ID=5_33;partial=00;start_type=ATG;rbs_motif=None;rbs_spacer=None;gc_cont=0.404;conf=100.00;score=133.88;cscore=132.95;sscore=0.92;rscore=-6.18;uscore=2.63;tscore=4.47;
NZ_CADHBV010000005.1	Prodigal_v2.6.3	CDS	37343	38266	136.1	-	0	ID=5_34;partial=00;start_type=ATG;rbs_motif=None;rbs_spacer=None;gc_cont=0.432;conf=100.00;score=136.10;cscore=138.23;sscore=-2.13;rscore=-6.18;uscore=-1.68;tscore=4.47;
NZ_CADHBV010000005.1	Prodigal_v2.6.3	CDS	38268	39056	145.2	-	0	ID=5_35;partial=00;start_type=ATG;rbs_motif=AGGA;rbs_spacer=5-10bp;gc_cont=0.378;conf=100.00;score=145.18;cscore=125.65;sscore=19.53;rscore=12.54;uscore=3.17;tscore=4.47;
NZ_CADHBV010000005.1	Prodigal_v2.6.3	CDS	39255	40190	85.0	+	0	ID=5_36;partial=00;start_type=ATG;rbs_motif=None;rbs_spacer=None;gc_cont=0.391;conf=100.00;score=85.03;cscore=85.45;sscore=-0.42;rscore=-6.18;uscore=1.29;tscore=4.47;
NZ_CADHBV010000005.1	Prodigal_v2.6.3	CDS	40190	40786	65.4	+	0	ID=5_37;partial=00;start_type=ATG;rbs_motif=GGA/GAG/AGG;rbs_spacer=5-10bp;gc_cont=0.467;conf=100.00;score=65.39;cscore=56.50;sscore=8.89;rscore=3.13;uscore=-0.18;tscore=4.47;
NZ_CADHBV010000005.1	Prodigal_v2.6.3	CDS	40796	41224	46.3	+	0	ID=5_38;partial=00;start_type=GTG;rbs_motif=GGA/GAG/AGG;rbs_spacer=5-10bp;gc_cont=0.333;conf=100.00;score=46.25;cscore=52.20;sscore=-5.95;rscore=3.13;uscore=-2.70;tscore=-7.55;
NZ_CADHBV010000005.1	Prodigal_v2.6.3	CDS	41273	42214	92.7	+	0	ID=5_39;partial=00;start_type=ATG;rbs_motif=AGGA;rbs_spacer=5-10bp;gc_cont=0.368;conf=100.00;score=92.74;cscore=72.91;sscore=19.83;rscore=12.54;uscore=2.07;tscore=4.47;
NZ_CADHBV010000005.1	Prodigal_v2.6.3	CDS	42425	43072	115.7	-	0	ID=5_40;partial=00;start_type=ATG;rbs_motif=AGGA;rbs_spacer=5-10bp;gc_cont=0.404;conf=100.00;score=115.70;cscore=97.86;sscore=17.84;rscore=12.54;uscore=-0.43;tscore=4.47;
NZ_CADHBV010000005.1	Prodigal_v2.6.3	CDS	43074	44057	165.0	-	0	ID=5_41;partial=00;start_type=ATG;rbs_motif=3Base/5BMM;rbs_spacer=13-15bp;gc_cont=0.394;conf=100.00;score=165.02;cscore=169.40;sscore=-4.39;rscore=-5.81;uscore=-4.09;tscore=4.47;
NZ_CADHBV010000005.1	Prodigal_v2.6.3	CDS	44079	44351	50.8	-	0	ID=5_42;partial=00;start_type=ATG;rbs_motif=GGA/GAG/AGG;rbs_spacer=5-10bp;gc_cont=0.436;conf=100.00;score=50.81;cscore=44.27;sscore=6.54;rscore=3.13;uscore=-2.34;tscore=4.47;
NZ_CADHBV010000005.1	Prodigal_v2.6.3	CDS	44352	44972	93.6	-	0	ID=5_43;partial=00;start_type=ATG;rbs_motif=4Base/6BMM;rbs_spacer=13-15bp;gc_cont=0.409;conf=100.00;score=93.57;cscore=90.98;sscore=2.59;rscore=-2.36;uscore=1.13;tscore=4.47;
NZ_CADHBV010000005.1	Prodigal_v2.6.3	CDS	45047	45811	144.9	+	0	ID=5_44;partial=00;start_type=ATG;rbs_motif=AGGA;rbs_spacer=5-10bp;gc_cont=0.397;conf=100.00;score=144.88;cscore=122.76;sscore=22.12;rscore=12.54;uscore=5.11;tscore=4.47;
NZ_CADHBV010000005.1	Prodigal_v2.6.3	CDS	45900	47018	157.7	+	0	ID=5_45;partial=00;start_type=ATG;rbs_motif=GGA/GAG/AGG;rbs_spacer=5-10bp;gc_cont=0.396;conf=100.00;score=157.74;cscore=152.03;sscore=5.71;rscore=3.13;uscore=-1.90;tscore=4.47;
NZ_CADHBV010000005.1	Prodigal_v2.6.3	CDS	47018	47962	152.1	+	0	ID=5_46;partial=00;start_type=ATG;rbs_motif=GGA/GAG/AGG;rbs_spacer=5-10bp;gc_cont=0.418;conf=100.00;score=152.13;cscore=143.24;sscore=8.89;rscore=3.13;uscore=-0.64;tscore=4.47;
NZ_CADHBV010000005.1	Prodigal_v2.6.3	CDS	47959	48453	71.7	+	0	ID=5_47;partial=00;start_type=ATG;rbs_motif=None;rbs_spacer=None;gc_cont=0.410;conf=100.00;score=71.69;cscore=63.63;sscore=8.07;rscore=-6.18;uscore=2.30;tscore=4.47;
NZ_CADHBV010000005.1	Prodigal_v2.6.3	CDS	48428	49021	79.3	+	0	ID=5_48;partial=00;start_type=ATG;rbs_motif=AGxAGG/AGGxGG;rbs_spacer=5-10bp;gc_cont=0.365;conf=100.00;score=79.35;cscore=70.15;sscore=9.20;rscore=4.39;uscore=0.33;tscore=4.47;
NZ_CADHBV010000005.1	Prodigal_v2.6.3	CDS	49021	49572	110.6	+	0	ID=5_49;partial=00;start_type=ATG;rbs_motif=AGGAG;rbs_spacer=5-10bp;gc_cont=0.408;conf=100.00;score=110.58;cscore=90.12;sscore=20.46;rscore=13.58;uscore=1.13;tscore=4.47;
NZ_CADHBV010000005.1	Prodigal_v2.6.3	CDS	49569	50195	90.3	+	0	ID=5_50;partial=00;start_type=ATG;rbs_motif=GGA/GAG/AGG;rbs_spacer=5-10bp;gc_cont=0.384;conf=100.00;score=90.34;cscore=79.42;sscore=10.92;rscore=3.13;uscore=2.02;tscore=4.47;
NZ_CADHBV010000005.1	Prodigal_v2.6.3	CDS	50208	50651	30.7	+	0	ID=5_51;partial=00;start_type=ATG;rbs_motif=GGA/GAG/AGG;rbs_spacer=11-12bp;gc_cont=0.318;conf=99.91;score=30.73;cscore=27.35;sscore=3.38;rscore=-2.12;uscore=-0.11;tscore=4.47;
NZ_CADHBV010000005.1	Prodigal_v2.6.3	CDS	50632	52398	281.4	+	0	ID=5_52;partial=00;start_type=ATG;rbs_motif=None;rbs_spacer=None;gc_cont=0.409;conf=99.99;score=281.42;cscore=288.61;sscore=-7.19;rscore=-6.18;uscore=-5.48;tscore=4.47;
NZ_CADHBV010000005.1	Prodigal_v2.6.3	CDS	52895	53710	133.8	-	0	ID=5_53;partial=00;start_type=ATG;rbs_motif=GGA/GAG/AGG;rbs_spacer=5-10bp;gc_cont=0.418;conf=100.00;score=133.83;cscore=123.88;sscore=9.95;rscore=3.13;uscore=2.34;tscore=4.47;
NZ_CADHBV010000005.1	Prodigal_v2.6.3	CDS	53856	54452	87.8	-	0	ID=5_54;partial=00;start_type=ATG;rbs_motif=AGGAG;rbs_spacer=5-10bp;gc_cont=0.402;conf=100.00;score=87.83;cscore=67.92;sscore=19.90;rscore=13.58;uscore=2.51;tscore=4.47;
NZ_CADHBV010000005.1	Prodigal_v2.6.3	CDS	54692	55693	168.7	+	0	ID=5_55;partial=00;start_type=ATG;rbs_motif=AGGA;rbs_spacer=5-10bp;gc_cont=0.405;conf=100.00;score=168.66;cscore=148.40;sscore=20.26;rscore=12.54;uscore=3.25;tscore=4.47;
NZ_CADHBV010000005.1	Prodigal_v2.6.3	CDS	55889	56896	161.9	+	0	ID=5_56;partial=00;start_type=ATG;rbs_motif=AGGA;rbs_spacer=5-10bp;gc_cont=0.412;conf=100.00;score=161.88;cscore=142.32;sscore=19.56;rscore=12.54;uscore=3.20;tscore=4.47;
NZ_CADHBV010000005.1	Prodigal_v2.6.3	CDS	56917	58083	127.3	-	0	ID=5_57;partial=00;start_type=ATG;rbs_motif=AGGA;rbs_spacer=5-10bp;gc_cont=0.440;conf=100.00;score=127.28;cscore=107.83;sscore=19.45;rscore=12.54;uscore=3.09;tscore=4.47;
NZ_CADHBV010000005.1	Prodigal_v2.6.3	CDS	58234	58710	77.2	+	0	ID=5_58;partial=00;start_type=TTG;rbs_motif=GGA/GAG/AGG;rbs_spacer=5-10bp;gc_cont=0.388;conf=100.00;score=77.19;cscore=79.06;sscore=-1.87;rscore=3.13;uscore=1.31;tscore=-6.31;
NZ_CADHBV010000005.1	Prodigal_v2.6.3	CDS	58723	59208	98.8	+	0	ID=5_59;partial=00;start_type=ATG;rbs_motif=GGA/GAG/AGG;rbs_spacer=5-10bp;gc_cont=0.455;conf=100.00;score=98.80;cscore=88.54;sscore=10.26;rscore=3.13;uscore=1.51;tscore=4.47;
NZ_CADHBV010000005.1	Prodigal_v2.6.3	CDS	59336	59665	67.8	+	0	ID=5_60;partial=00;start_type=ATG;rbs_motif=AGGAG;rbs_spacer=5-10bp;gc_cont=0.427;conf=100.00;score=67.82;cscore=47.24;sscore=20.58;rscore=13.58;uscore=2.53;tscore=4.47;
NZ_CADHBV010000005.1	Prodigal_v2.6.3	CDS	59821	61668	291.9	+	0	ID=5_61;partial=00;start_type=ATG;rbs_motif=None;rbs_spacer=None;gc_cont=0.398;conf=99.99;score=291.94;cscore=296.00;sscore=-4.06;rscore=-6.18;uscore=-2.35;tscore=4.47;
NZ_CADHBV010000005.1	Prodigal_v2.6.3	CDS	62089	63156	223.1	-	0	ID=5_62;partial=00;start_type=ATG;rbs_motif=AGGAG;rbs_spacer=5-10bp;gc_cont=0.404;conf=99.99;score=223.06;cscore=202.21;sscore=20.85;rscore=13.58;uscore=1.51;tscore=4.47;
NZ_CADHBV010000005.1	Prodigal_v2.6.3	CDS	63156	63950	177.0	-	0	ID=5_63;partial=00;start_type=ATG;rbs_motif=AGGAG;rbs_spacer=5-10bp;gc_cont=0.395;conf=100.00;score=177.00;cscore=156.38;sscore=20.62;rscore=13.58;uscore=3.22;tscore=4.47;
NZ_CADHBV010000005.1	Prodigal_v2.6.3	CDS	64199	67039	487.0	+	0	ID=5_64;partial=00;start_type=ATG;rbs_motif=AGGA;rbs_spacer=5-10bp;gc_cont=0.381;conf=99.99;score=487.01;cscore=465.47;sscore=21.53;rscore=12.54;uscore=4.52;tscore=4.47;
NZ_CADHBV010000005.1	Prodigal_v2.6.3	CDS	67063	68379	189.8	+	0	ID=5_65;partial=00;start_type=ATG;rbs_motif=GGA/GAG/AGG;rbs_spacer=5-10bp;gc_cont=0.426;conf=99.99;score=189.78;cscore=177.56;sscore=12.22;rscore=3.13;uscore=3.60;tscore=4.47;
NZ_CADHBV010000005.1	Prodigal_v2.6.3	CDS	68427	68810	62.5	+	0	ID=5_66;partial=00;start_type=ATG;rbs_motif=AGGA;rbs_spacer=5-10bp;gc_cont=0.380;conf=100.00;score=62.48;cscore=41.20;sscore=21.29;rscore=12.54;uscore=3.51;tscore=4.47;
NZ_CADHBV010000005.1	Prodigal_v2.6.3	CDS	68807	70384	306.3	+	0	ID=5_67;partial=00;start_type=ATG;rbs_motif=None;rbs_spacer=None;gc_cont=0.430;conf=99.99;score=306.27;cscore=299.75;sscore=6.52;rscore=-6.18;uscore=0.75;tscore=4.47;
NZ_CADHBV010000005.1	Prodigal_v2.6.3	CDS	70393	71364	180.4	+	0	ID=5_68;partial=00;start_type=ATG;rbs_motif=AGGAG;rbs_spacer=5-10bp;gc_cont=0.402;conf=99.99;score=180.40;cscore=160.21;sscore=20.19;rscore=13.58;uscore=0.95;tscore=4.47;
NZ_CADHBV010000005.1	Prodigal_v2.6.3	CDS	71374	71712	48.7	+	0	ID=5_69;partial=00;start_type=ATG;rbs_motif=AGGAG;rbs_spacer=5-10bp;gc_cont=0.425;conf=100.00;score=48.72;cscore=35.31;sscore=13.41;rscore=13.58;uscore=-5.82;tscore=4.47;
NZ_CADHBV010000005.1	Prodigal_v2.6.3	CDS	71722	74142	391.2	+	0	ID=5_70;partial=00;start_type=ATG;rbs_motif=GGA/GAG/AGG;rbs_spacer=5-10bp;gc_cont=0.403;conf=99.99;score=391.16;cscore=384.98;sscore=6.18;rscore=3.13;uscore=-2.60;tscore=4.47;
NZ_CADHBV010000005.1	Prodigal_v2.6.3	CDS	74139	74651	95.2	+	0	ID=5_71;partial=00;start_type=ATG;rbs_motif=None;rbs_spacer=None;gc_cont=0.400;conf=100.00;score=95.16;cscore=86.85;sscore=8.31;rscore=-6.18;uscore=2.55;tscore=4.47;
NZ_CADHBV010000005.1	Prodigal_v2.6.3	CDS	74641	75810	171.2	+	0	ID=5_72;partial=00;start_type=ATG;rbs_motif=GGA/GAG/AGG;rbs_spacer=5-10bp;gc_cont=0.384;conf=100.00;score=171.16;cscore=162.45;sscore=8.70;rscore=3.13;uscore=-0.12;tscore=4.47;
NZ_CADHBV010000005.1	Prodigal_v2.6.3	CDS	75810	76736	171.3	+	0	ID=5_73;partial=00;start_type=ATG;rbs_motif=GGAG/GAGG;rbs_spacer=5-10bp;gc_cont=0.396;conf=100.00;score=171.31;cscore=159.33;sscore=11.97;rscore=6.22;uscore=-2.67;tscore=4.47;
NZ_CADHBV010000005.1	Prodigal_v2.6.3	CDS	76745	77683	143.4	+	0	ID=5_74;partial=00;start_type=ATG;rbs_motif=AGGA;rbs_spacer=5-10bp;gc_cont=0.401;conf=100.00;score=143.42;cscore=126.09;sscore=17.32;rscore=12.54;uscore=-0.88;tscore=4.47;
NZ_CADHBV010000005.1	Prodigal_v2.6.3	CDS	77698	78012	60.7	+	0	ID=5_75;partial=00;start_type=TTG;rbs_motif=GGAG/GAGG;rbs_spacer=5-10bp;gc_cont=0.457;conf=100.00;score=60.70;cscore=60.90;sscore=-0.20;rscore=6.22;uscore=-1.23;tscore=-6.31;
NZ_CADHBV010000005.1	Prodigal_v2.6.3	CDS	78016	81015	509.8	+	0	ID=5_76;partial=00;start_type=ATG;rbs_motif=None;rbs_spacer=None;gc_cont=0.397;conf=99.99;score=509.84;cscore=508.70;sscore=1.13;rscore=-6.18;uscore=1.60;tscore=4.47;
NZ_CADHBV010000005.1	Prodigal_v2.6.3	CDS	81140	81643	69.7	+	0	ID=5_77;partial=00;start_type=ATG;rbs_motif=AGGAG;rbs_spacer=5-10bp;gc_cont=0.462;conf=100.00;score=69.66;cscore=47.42;sscore=22.24;rscore=13.58;uscore=4.18;tscore=4.47;
NZ_CADHBV010000005.1	Prodigal_v2.6.3	CDS	81654	82892	175.8	+	0	ID=5_78;partial=00;start_type=ATG;rbs_motif=AGGAG;rbs_spacer=5-10bp;gc_cont=0.428;conf=100.00;score=175.80;cscore=157.40;sscore=18.40;rscore=13.58;uscore=-0.82;tscore=4.47;
NZ_CADHBV010000005.1	Prodigal_v2.6.3	CDS	82889	83746	131.7	+	0	ID=5_79;partial=00;start_type=ATG;rbs_motif=AGxAGG/AGGxGG;rbs_spacer=5-10bp;gc_cont=0.441;conf=100.00;score=131.73;cscore=121.58;sscore=10.16;rscore=4.39;uscore=-2.52;tscore=4.47;
NZ_CADHBV010000005.1	Prodigal_v2.6.3	CDS	83865	84287	35.6	-	0	ID=5_80;partial=00;start_type=TTG;rbs_motif=None;rbs_spacer=None;gc_cont=0.343;conf=99.97;score=35.57;cscore=49.43;sscore=-13.86;rscore=-6.18;uscore=-0.72;tscore=-6.31;
NZ_CADHBV010000005.1	Prodigal_v2.6.3	CDS	84589	85485	127.8	-	0	ID=5_81;partial=00;start_type=ATG;rbs_motif=GGA/GAG/AGG;rbs_spacer=5-10bp;gc_cont=0.341;conf=100.00;score=127.80;cscore=120.34;sscore=7.47;rscore=3.13;uscore=-1.28;tscore=4.47;
NZ_CADHBV010000005.1	Prodigal_v2.6.3	CDS	85498	85701	33.1	-	0	ID=5_82;partial=00;start_type=ATG;rbs_motif=GGA/GAG/AGG;rbs_spacer=5-10bp;gc_cont=0.397;conf=99.95;score=33.09;cscore=24.61;sscore=8.49;rscore=2.52;uscore=1.09;tscore=3.60;
NZ_CADHBV010000005.1	Prodigal_v2.6.3	CDS	85701	86573	160.9	-	0	ID=5_83;partial=00;start_type=ATG;rbs_motif=GGA/GAG/AGG;rbs_spacer=5-10bp;gc_cont=0.370;conf=100.00;score=160.85;cscore=150.70;sscore=10.15;rscore=3.13;uscore=3.20;tscore=4.47;
NZ_CADHBV010000005.1	Prodigal_v2.6.3	CDS	86644	87297	109.0	+	0	ID=5_84;partial=00;start_type=TTG;rbs_motif=GGA/GAG/AGG;rbs_spacer=5-10bp;gc_cont=0.422;conf=100.00;score=109.04;cscore=109.13;sscore=-0.09;rscore=3.13;uscore=3.08;tscore=-6.31;
NZ_CADHBV010000005.1	Prodigal_v2.6.3	CDS	87275	88138	116.3	+	0	ID=5_85;partial=00;start_type=ATG;rbs_motif=GGA/GAG/AGG;rbs_spacer=5-10bp;gc_cont=0.391;conf=100.00;score=116.26;cscore=108.91;sscore=7.35;rscore=3.13;uscore=-0.26;tscore=4.47;
NZ_CADHBV010000005.1	Prodigal_v2.6.3	CDS	88173	89162	86.9	-	0	ID=5_86;partial=00;start_type=ATG;rbs_motif=None;rbs_spacer=None;gc_cont=0.365;conf=100.00;score=86.93;cscore=85.97;sscore=0.97;rscore=-6.18;uscore=3.33;tscore=4.47;
NZ_CADHBV010000005.1	Prodigal_v2.6.3	CDS	89686	90459	110.0	-	0	ID=5_87;partial=00;start_type=ATG;rbs_motif=None;rbs_spacer=None;gc_cont=0.360;conf=100.00;score=110.04;cscore=103.45;sscore=6.59;rscore=-6.18;uscore=0.83;tscore=4.47;
NZ_CADHBV010000005.1	Prodigal_v2.6.3	CDS	90456	91253	132.3	-	0	ID=5_88;partial=01;start_type=Edge;rbs_motif=None;rbs_spacer=None;gc_cont=0.386;conf=100.00;score=132.29;cscore=129.07;sscore=3.22;rscore=0.00;uscore=0.00;tscore=3.22;
# Sequence Data: seqnum=6;seqlen=84364;seqhdr="NZ_CADHBV010000006.1 Helicobacter pylori isolate clinical, whole genome shotgun sequence"
# Model Data: version=Prodigal.v2.6.3;run_type=Single;model="Ab initio";gc_cont=38.94;transl_table=11;uses_sd=1
NZ_CADHBV010000006.1	Prodigal_v2.6.3	CDS	2	79	4.1	+	0	ID=6_1;partial=10;start_type=Edge;rbs_motif=None;rbs_spacer=None;gc_cont=0.333;conf=71.94;score=4.10;cscore=0.88;sscore=3.22;rscore=0.00;uscore=0.00;tscore=3.22;
NZ_CADHBV010000006.1	Prodigal_v2.6.3	CDS	84	1463	242.4	+	0	ID=6_2;partial=00;start_type=ATG;rbs_motif=AGxAG;rbs_spacer=5-10bp;gc_cont=0.429;conf=99.99;score=242.41;cscore=237.39;sscore=5.02;rscore=-3.49;uscore=2.81;tscore=4.47;
NZ_CADHBV010000006.1	Prodigal_v2.6.3	CDS	1486	2250	139.9	+	0	ID=6_3;partial=00;start_type=ATG;rbs_motif=AGGA;rbs_spacer=5-10bp;gc_cont=0.422;conf=100.00;score=139.89;cscore=120.23;sscore=19.66;rscore=12.54;uscore=1.61;tscore=4.47;
NZ_CADHBV010000006.1	Prodigal_v2.6.3	CDS	2488	2604	11.2	+	0	ID=6_4;partial=00;start_type=ATG;rbs_motif=AGGA;rbs_spacer=5-10bp;gc_cont=0.410;conf=92.90;score=11.18;cscore=1.57;sscore=9.61;rscore=5.72;uscore=2.51;tscore=2.04;
NZ_CADHBV010000006.1	Prodigal_v2.6.3	CDS	3017	4462	254.1	-	0	ID=6_5;partial=00;start_type=ATG;rbs_motif=GGA/GAG/AGG;rbs_spacer=5-10bp;gc_cont=0.427;conf=99.99;score=254.10;cscore=246.86;sscore=7.24;rscore=3.13;uscore=0.29;tscore=4.47;
NZ_CADHBV010000006.1	Prodigal_v2.6.3	CDS	4598	6724	268.4	+	0	ID=6_6;partial=00;start_type=ATG;rbs_motif=AGGAG;rbs_spacer=5-10bp;gc_cont=0.332;conf=99.99;score=268.43;cscore=250.24;sscore=18.19;rscore=13.58;uscore=0.14;tscore=4.47;
NZ_CADHBV010000006.1	Prodigal_v2.6.3	CDS	6787	7236	101.6	+	0	ID=6_7;partial=00;start_type=ATG;rbs_motif=GGA/GAG/AGG;rbs_spacer=5-10bp;gc_cont=0.398;conf=100.00;score=101.58;cscore=90.16;sscore=11.42;rscore=3.13;uscore=3.82;tscore=4.47;
NZ_CADHBV010000006.1	Prodigal_v2.6.3	CDS	7240	7782	88.0	+	0	ID=6_8;partial=00;start_type=ATG;rbs_motif=GGA/GAG/AGG;rbs_spacer=5-10bp;gc_cont=0.425;conf=100.00;score=87.97;cscore=81.84;sscore=6.13;rscore=3.13;uscore=-2.72;tscore=4.47;
NZ_CADHBV010000006.1	Prodigal_v2.6.3	CDS	7782	9113	288.2	+	0	ID=6_9;partial=00;start_type=ATG;rbs_motif=GGAG/GAGG;rbs_spacer=5-10bp;gc_cont=0.385;conf=99.99;score=288.21;cscore=273.31;sscore=14.90;rscore=6.22;uscore=2.93;tscore=4.47;
NZ_CADHBV010000006.1	Prodigal_v2.6.3	CDS	9113	10018	157.8	+	0	ID=6_10;partial=00;start_type=ATG;rbs_motif=None;rbs_spacer=None;gc_cont=0.382;conf=100.00;score=157.84;cscore=149.53;sscore=8.31;rscore=-6.18;uscore=2.56;tscore=4.47;
NZ_CADHBV010000006.1	Prodigal_v2.6.3	CDS	10042	11007	161.1	+	0	ID=6_11;partial=00;start_type=ATG;rbs_motif=None;rbs_spacer=None;gc_cont=0.386;conf=100.00;score=161.05;cscore=157.41;sscore=3.64;rscore=-6.18;uscore=4.33;tscore=4.47;
NZ_CADHBV010000006.1	Prodigal_v2.6.3	CDS	11107	11961	82.5	-	0	ID=6_12;partial=00;start_type=ATG;rbs_motif=AGGA;rbs_spacer=5-10bp;gc_cont=0.360;conf=100.00;score=82.54;cscore=64.01;sscore=18.53;rscore=12.54;uscore=0.37;tscore=4.47;
NZ_CADHBV010000006.1	Prodigal_v2.6.3	CDS	11973	12740	122.8	-	0	ID=6_13;partial=00;start_type=ATG;rbs_motif=None;rbs_spacer=None;gc_cont=0.402;conf=100.00;score=122.79;cscore=120.05;sscore=2.74;rscore=-6.18;uscore=3.62;tscore=4.47;
NZ_CADHBV010000006.1	Prodigal_v2.6.3	CDS	12781	14097	247.7	-	0	ID=6_14;partial=00;start_type=ATG;rbs_motif=AGGA;rbs_spacer=5-10bp;gc_cont=0.424;conf=99.99;score=247.67;cscore=231.00;sscore=16.67;rscore=12.54;uscore=0.31;tscore=4.47;
NZ_CADHBV010000006.1	Prodigal_v2.6.3	CDS	14362	14565	30.6	+	0	ID=6_15;partial=00;start_type=ATG;rbs_motif=AGGA;rbs_spacer=5-10bp;gc_cont=0.397;conf=99.91;score=30.57;cscore=13.30;sscore=17.27;rscore=10.08;uscore=3.60;tscore=3.60;
NZ_CADHBV010000006.1	Prodigal_v2.6.3	CDS	14602	15453	106.9	+	0	ID=6_16;partial=00;start_type=TTG;rbs_motif=None;rbs_spacer=None;gc_cont=0.410;conf=100.00;score=106.94;cscore=121.29;sscore=-14.35;rscore=-6.18;uscore=-1.85;tscore=-6.31;
NZ_CADHBV010000006.1	Prodigal_v2.6.3	CDS	15466	16149	110.5	+	0	ID=6_17;partial=00;start_type=ATG;rbs_motif=GGA/GAG/AGG;rbs_spacer=5-10bp;gc_cont=0.402;conf=100.00;score=110.53;cscore=98.61;sscore=11.91;rscore=3.13;uscore=3.17;tscore=4.47;
NZ_CADHBV010000006.1	Prodigal_v2.6.3	CDS	16162	17127	160.2	+	0	ID=6_18;partial=00;start_type=ATG;rbs_motif=AGxAGG/AGGxGG;rbs_spacer=5-10bp;gc_cont=0.344;conf=100.00;score=160.17;cscore=148.16;sscore=12.01;rscore=4.39;uscore=2.00;tscore=4.47;
NZ_CADHBV010000006.1	Prodigal_v2.6.3	CDS	17124	17945	109.0	+	0	ID=6_19;partial=00;start_type=ATG;rbs_motif=None;rbs_spacer=None;gc_cont=0.371;conf=100.00;score=108.97;cscore=103.20;sscore=5.77;rscore=-6.18;uscore=-3.53;tscore=4.47;
NZ_CADHBV010000006.1	Prodigal_v2.6.3	CDS	18017	18454	7.7	-	0	ID=6_20;partial=00;start_type=ATG;rbs_motif=None;rbs_spacer=None;gc_cont=0.386;conf=85.41;score=7.69;cscore=6.63;sscore=1.05;rscore=-6.18;uscore=3.42;tscore=4.47;
NZ_CADHBV010000006.1	Prodigal_v2.6.3	CDS	18922	19860	160.5	-	0	ID=6_21;partial=00;start_type=ATG;rbs_motif=AGGA;rbs_spacer=5-10bp;gc_cont=0.398;conf=100.00;score=160.46;cscore=139.75;sscore=20.72;rscore=12.54;uscore=2.67;tscore=4.47;
NZ_CADHBV010000006.1	Prodigal_v2.6.3	CDS	19883	21121	200.4	-	0	ID=6_22;partial=00;start_type=GTG;rbs_motif=AGGAG;rbs_spacer=5-10bp;gc_cont=0.450;conf=99.99;score=200.42;cscore=191.83;sscore=8.59;rscore=13.58;uscore=2.56;tscore=-7.55;
NZ_CADHBV010000006.1	Prodigal_v2.6.3	CDS	21224	21460	58.6	-	0	ID=6_23;partial=00;start_type=ATG;rbs_motif=GGAG/GAGG;rbs_spacer=5-10bp;gc_cont=0.409;conf=100.00;score=58.64;cscore=46.71;sscore=11.93;rscore=5.82;uscore=2.58;tscore=4.19;
NZ_CADHBV010000006.1	Prodigal_v2.6.3	CDS	21691	22434	129.1	-	0	ID=6_24;partial=00;start_type=ATG;rbs_motif=AGGA;rbs_spacer=5-10bp;gc_cont=0.425;conf=100.00;score=129.14;cscore=106.80;sscore=22.34;rscore=12.54;uscore=4.47;tscore=4.47;
NZ_CADHBV010000006.1	Prodigal_v2.6.3	CDS	22473	22685	15.9	-	0	ID=6_25;partial=00;start_type=ATG;rbs_motif=GGAG/GAGG;rbs_spacer=5-10bp;gc_cont=0.385;conf=97.46;score=15.86;cscore=5.97;sscore=9.89;rscore=5.22;uscore=0.91;tscore=3.76;
NZ_CADHBV010000006.1	Prodigal_v2.6.3	CDS	22786	24036	132.6	-	0	ID=6_26;partial=00;start_type=GTG;rbs_motif=GGA/GAG/AGG;rbs_spacer=5-10bp;gc_cont=0.385;conf=100.00;score=132.55;cscore=134.06;sscore=-1.50;rscore=3.13;uscore=3.57;tscore=-7.55;
NZ_CADHBV010000006.1	Prodigal_v2.6.3	CDS	24208	24453	31.3	+	0	ID=6_27;partial=00;start_type=ATG;rbs_motif=AGGA;rbs_spacer=5-10bp;gc_cont=0.346;conf=99.92;score=31.25;cscore=13.70;sscore=17.55;rscore=12.19;uscore=1.01;tscore=4.35;
NZ_CADHBV010000006.1	Prodigal_v2.6.3	CDS	24477	25124	89.0	-	0	ID=6_28;partial=00;start_type=ATG;rbs_motif=AGGA;rbs_spacer=5-10bp;gc_cont=0.421;conf=100.00;score=88.98;cscore=68.68;sscore=20.30;rscore=12.54;uscore=3.28;tscore=4.47;
NZ_CADHBV010000006.1	Prodigal_v2.6.3	CDS	25237	26055	124.6	-	0	ID=6_29;partial=00;start_type=ATG;rbs_motif=GGA/GAG/AGG;rbs_spacer=5-10bp;gc_cont=0.398;conf=100.00;score=124.56;cscore=112.81;sscore=11.74;rscore=3.13;uscore=4.79;tscore=4.47;
NZ_CADHBV010000006.1	Prodigal_v2.6.3	CDS	26170	27219	121.8	+	0	ID=6_30;partial=00;start_type=ATG;rbs_motif=GGA/GAG/AGG;rbs_spacer=5-10bp;gc_cont=0.366;conf=100.00;score=121.79;cscore=113.12;sscore=8.67;rscore=3.13;uscore=1.07;tscore=4.47;
NZ_CADHBV010000006.1	Prodigal_v2.6.3	CDS	27578	28450	91.5	-	0	ID=6_31;partial=00;start_type=TTG;rbs_motif=None;rbs_spacer=None;gc_cont=0.369;conf=100.00;score=91.55;cscore=102.73;sscore=-11.18;rscore=-6.18;uscore=0.35;tscore=-6.31;
NZ_CADHBV010000006.1	Prodigal_v2.6.3	CDS	28480	29580	215.3	-	0	ID=6_32;partial=00;start_type=ATG;rbs_motif=GGA/GAG/AGG;rbs_spacer=5-10bp;gc_cont=0.410;conf=99.99;score=215.32;cscore=209.32;sscore=6.00;rscore=3.13;uscore=-2.87;tscore=4.47;
NZ_CADHBV010000006.1	Prodigal_v2.6.3	CDS	29582	31072	288.5	-	0	ID=6_33;partial=00;start_type=ATG;rbs_motif=AGGAG;rbs_spacer=5-10bp;gc_cont=0.405;conf=99.99;score=288.48;cscore=267.14;sscore=21.35;rscore=13.58;uscore=2.53;tscore=4.47;
NZ_CADHBV010000006.1	Prodigal_v2.6.3	CDS	31120	31698	76.8	-	0	ID=6_34;partial=00;start_type=TTG;rbs_motif=GGA/GAG/AGG;rbs_spacer=5-10bp;gc_cont=0.415;conf=100.00;score=76.81;cscore=80.53;sscore=-3.72;rscore=3.13;uscore=-1.66;tscore=-6.31;
NZ_CADHBV010000006.1	Prodigal_v2.6.3	CDS	31713	32252	105.5	-	0	ID=6_35;partial=00;start_type=ATG;rbs_motif=AGGA;rbs_spacer=5-10bp;gc_cont=0.420;conf=100.00;score=105.54;cscore=87.31;sscore=18.23;rscore=12.54;uscore=0.57;tscore=4.47;
NZ_CADHBV010000006.1	Prodigal_v2.6.3	CDS	32310	32642	46.2	-	0	ID=6_36;partial=00;start_type=ATG;rbs_motif=AGGA/GGAG/GAGG;rbs_spacer=11-12bp;gc_cont=0.378;conf=100.00;score=46.19;cscore=36.44;sscore=9.75;rscore=3.25;uscore=1.24;tscore=4.47;
NZ_CADHBV010000006.1	Prodigal_v2.6.3	CDS	32687	33148	66.3	-	0	ID=6_37;partial=00;start_type=ATG;rbs_motif=AGGAG;rbs_spacer=5-10bp;gc_cont=0.413;conf=100.00;score=66.29;cscore=47.98;sscore=18.31;rscore=13.58;uscore=-0.79;tscore=4.47;
NZ_CADHBV010000006.1	Prodigal_v2.6.3	CDS	33169	33867	78.6	-	0	ID=6_38;partial=00;start_type=GTG;rbs_motif=GGA/GAG/AGG;rbs_spacer=5-10bp;gc_cont=0.416;conf=100.00;score=78.57;cscore=78.83;sscore=-0.26;rscore=3.13;uscore=2.98;tscore=-7.55;
NZ_CADHBV010000006.1	Prodigal_v2.6.3	CDS	33876	34748	136.0	-	0	ID=6_39;partial=00;start_type=ATG;rbs_motif=GGA/GAG/AGG;rbs_spacer=5-10bp;gc_cont=0.399;conf=100.00;score=136.03;cscore=125.35;sscore=10.69;rscore=3.13;uscore=1.81;tscore=4.47;
NZ_CADHBV010000006.1	Prodigal_v2.6.3	CDS	34749	35621	177.1	-	0	ID=6_40;partial=00;start_type=ATG;rbs_motif=AGGA;rbs_spacer=5-10bp;gc_cont=0.427;conf=100.00;score=177.11;cscore=156.86;sscore=20.25;rscore=12.54;uscore=3.23;tscore=4.47;
NZ_CADHBV010000006.1	Prodigal_v2.6.3	CDS	35701	37746	266.8	-	0	ID=6_41;partial=00;start_type=ATG;rbs_motif=3Base/5BMM;rbs_spacer=13-15bp;gc_cont=0.367;conf=99.99;score=266.78;cscore=263.94;sscore=2.84;rscore=-5.81;uscore=2.96;tscore=4.47;
NZ_CADHBV010000006.1	Prodigal_v2.6.3	CDS	37752	38306	16.6	-	0	ID=6_42;partial=00;start_type=ATG;rbs_motif=None;rbs_spacer=None;gc_cont=0.353;conf=97.83;score=16.57;cscore=16.92;sscore=-0.35;rscore=-6.18;uscore=0.16;tscore=4.47;
NZ_CADHBV010000006.1	Prodigal_v2.6.3	CDS	38313	39431	113.2	-	0	ID=6_43;partial=00;start_type=TTG;rbs_motif=GGxGG;rbs_spacer=11-12bp;gc_cont=0.394;conf=100.00;score=113.15;cscore=118.94;sscore=-5.79;rscore=-0.84;uscore=1.35;tscore=-6.31;
NZ_CADHBV010000006.1	Prodigal_v2.6.3	CDS	39407	40426	166.3	-	0	ID=6_44;partial=00;start_type=ATG;rbs_motif=AGGAGG;rbs_spacer=5-10bp;gc_cont=0.398;conf=100.00;score=166.34;cscore=148.14;sscore=18.20;rscore=12.58;uscore=-0.10;tscore=4.47;
NZ_CADHBV010000006.1	Prodigal_v2.6.3	CDS	40430	41404	146.6	-	0	ID=6_45;partial=00;start_type=ATG;rbs_motif=AGGA;rbs_spacer=5-10bp;gc_cont=0.399;conf=100.00;score=146.61;cscore=124.44;sscore=22.17;rscore=12.54;uscore=4.01;tscore=4.47;
NZ_CADHBV010000006.1	Prodigal_v2.6.3	CDS	41388	42269	85.5	-	0	ID=6_46;partial=00;start_type=ATG;rbs_motif=None;rbs_spacer=None;gc_cont=0.365;conf=100.00;score=85.52;cscore=79.10;sscore=6.42;rscore=-6.18;uscore=0.66;tscore=4.47;
NZ_CADHBV010000006.1	Prodigal_v2.6.3	CDS	42266	42637	74.2	-	0	ID=6_47;partial=00;start_type=ATG;rbs_motif=AGxAGG/AGGxGG;rbs_spacer=5-10bp;gc_cont=0.366;conf=100.00;score=74.19;cscore=63.63;sscore=10.56;rscore=4.39;uscore=1.70;tscore=4.47;
NZ_CADHBV010000006.1	Prodigal_v2.6.3	CDS	42719	43369	92.1	-	0	ID=6_48;partial=00;start_type=ATG;rbs_motif=None;rbs_spacer=None;gc_cont=0.409;conf=100.00;score=92.13;cscore=86.37;sscore=5.77;rscore=-6.18;uscore=-0.13;tscore=4.47;
NZ_CADHBV010000006.1	Prodigal_v2.6.3	CDS	43366	43602	49.7	-	0	ID=6_49;partial=00;start_type=ATG;rbs_motif=AGGA;rbs_spacer=5-10bp;gc_cont=0.397;conf=100.00;score=49.67;cscore=31.34;sscore=18.33;rscore=11.74;uscore=1.14;tscore=4.19;
NZ_CADHBV010000006.1	Prodigal_v2.6.3	CDS	43604	46489	450.8	-	0	ID=6_50;partial=00;start_type=TTG;rbs_motif=None;rbs_spacer=None;gc_cont=0.352;conf=99.99;score=450.78;cscore=460.27;sscore=-9.49;rscore=-6.18;uscore=3.65;tscore=-6.31;
NZ_CADHBV010000006.1	Prodigal_v2.6.3	CDS	46494	47444	142.6	+	0	ID=6_51;partial=00;start_type=ATG;rbs_motif=None;rbs_spacer=None;gc_cont=0.377;conf=100.00;score=142.61;cscore=143.61;sscore=-1.00;rscore=-6.18;uscore=0.71;tscore=4.47;
NZ_CADHBV010000006.1	Prodigal_v2.6.3	CDS	47630	47971	55.0	+	0	ID=6_52;partial=00;start_type=ATG;rbs_motif=AGGAG;rbs_spacer=5-10bp;gc_cont=0.450;conf=100.00;score=54.98;cscore=38.56;sscore=16.42;rscore=13.58;uscore=-0.98;tscore=4.47;
NZ_CADHBV010000006.1	Prodigal_v2.6.3	CDS	47971	49098	212.2	+	0	ID=6_53;partial=00;start_type=ATG;rbs_motif=GGAG/GAGG;rbs_spacer=5-10bp;gc_cont=0.440;conf=99.99;score=212.24;cscore=197.61;sscore=14.62;rscore=6.22;uscore=2.65;tscore=4.47;
NZ_CADHBV010000006.1	Prodigal_v2.6.3	CDS	49100	49921	146.9	+	0	ID=6_54;partial=00;start_type=ATG;rbs_motif=AGGAG;rbs_spacer=5-10bp;gc_cont=0.445;conf=100.00;score=146.85;cscore=126.62;sscore=20.23;rscore=13.58;uscore=0.92;tscore=4.47;
NZ_CADHBV010000006.1	Prodigal_v2.6.3	CDS	49921	50481	131.4	+	0	ID=6_55;partial=00;start_type=ATG;rbs_motif=AGGA;rbs_spacer=5-10bp;gc_cont=0.414;conf=100.00;score=131.39;cscore=110.34;sscore=21.05;rscore=12.54;uscore=2.75;tscore=4.47;
NZ_CADHBV010000006.1	Prodigal_v2.6.3	CDS	50636	53578	422.8	+	0	ID=6_56;partial=00;start_type=ATG;rbs_motif=GGA/GAG/AGG;rbs_spacer=11-12bp;gc_cont=0.370;conf=99.99;score=422.82;cscore=419.36;sscore=3.45;rscore=-2.12;uscore=1.10;tscore=4.47;
NZ_CADHBV010000006.1	Prodigal_v2.6.3	CDS	53575	55443	281.0	+	0	ID=6_57;partial=00;start_type=ATG;rbs_motif=AGGA;rbs_spacer=5-10bp;gc_cont=0.366;conf=99.99;score=281.04;cscore=260.98;sscore=20.06;rscore=12.54;uscore=1.75;tscore=4.47;
NZ_CADHBV010000006.1	Prodigal_v2.6.3	CDS	55547	55711	21.5	+	0	ID=6_58;partial=00;start_type=ATG;rbs_motif=AGGA;rbs_spacer=5-10bp;gc_cont=0.388;conf=99.30;score=21.53;cscore=8.51;sscore=13.02;rscore=8.13;uscore=1.99;tscore=2.90;
NZ_CADHBV010000006.1	Prodigal_v2.6.3	CDS	55720	57192	239.1	+	0	ID=6_59;partial=00;start_type=ATG;rbs_motif=AGxAGG/AGGxGG;rbs_spacer=3-4bp;gc_cont=0.409;conf=99.99;score=239.10;cscore=227.83;sscore=11.27;rscore=5.52;uscore=0.09;tscore=4.47;
NZ_CADHBV010000006.1	Prodigal_v2.6.3	CDS	57777	58247	78.6	+	0	ID=6_60;partial=00;start_type=TTG;rbs_motif=AGGA;rbs_spacer=5-10bp;gc_cont=0.401;conf=100.00;score=78.56;cscore=74.28;sscore=4.28;rscore=12.54;uscore=-1.30;tscore=-6.31;
NZ_CADHBV010000006.1	Prodigal_v2.6.3	CDS	58250	60232	313.8	-	0	ID=6_61;partial=00;start_type=ATG;rbs_motif=GGA/GAG/AGG;rbs_spacer=5-10bp;gc_cont=0.411;conf=99.99;score=313.84;cscore=300.89;sscore=12.95;rscore=3.13;uscore=4.07;tscore=4.47;
NZ_CADHBV010000006.1	Prodigal_v2.6.3	CDS	60233	61354	157.8	-	0	ID=6_62;partial=00;start_type=ATG;rbs_motif=None;rbs_spacer=None;gc_cont=0.389;conf=100.00;score=157.75;cscore=157.75;sscore=-0.00;rscore=-6.18;uscore=0.68;tscore=4.47;
NZ_CADHBV010000006.1	Prodigal_v2.6.3	CDS	61377	62678	243.5	-	0	ID=6_63;partial=00;start_type=ATG;rbs_motif=AGGA;rbs_spacer=5-10bp;gc_cont=0.391;conf=99.99;score=243.49;cscore=222.38;sscore=21.11;rscore=12.54;uscore=4.10;tscore=4.47;
NZ_CADHBV010000006.1	Prodigal_v2.6.3	CDS	62750	64519	115.4	-	0	ID=6_64;partial=00;start_type=ATG;rbs_motif=None;rbs_spacer=None;gc_cont=0.311;conf=100.00;score=115.43;cscore=113.92;sscore=1.51;rscore=-6.18;uscore=3.88;tscore=4.47;
NZ_CADHBV010000006.1	Prodigal_v2.6.3	CDS	64686	66218	285.9	+	0	ID=6_65;partial=00;start_type=ATG;rbs_motif=AGGAG;rbs_spacer=5-10bp;gc_cont=0.438;conf=99.99;score=285.87;cscore=268.70;sscore=17.17;rscore=13.58;uscore=-0.89;tscore=4.47;
NZ_CADHBV010000006.1	Prodigal_v2.6.3	CDS	66339	66992	102.8	+	0	ID=6_66;partial=00;start_type=TTG;rbs_motif=AGxAGG/AGGxGG;rbs_spacer=5-10bp;gc_cont=0.343;conf=100.00;score=102.79;cscore=102.73;sscore=0.06;rscore=4.39;uscore=1.98;tscore=-6.31;
NZ_CADHBV010000006.1	Prodigal_v2.6.3	CDS	66989	67606	70.7	+	0	ID=6_67;partial=00;start_type=TTG;rbs_motif=GGA/GAG/AGG;rbs_spacer=5-10bp;gc_cont=0.377;conf=100.00;score=70.74;cscore=69.34;sscore=1.40;rscore=3.13;uscore=3.28;tscore=-6.31;
NZ_CADHBV010000006.1	Prodigal_v2.6.3	CDS	67675	68694	183.2	+	0	ID=6_68;partial=00;start_type=ATG;rbs_motif=AGGA;rbs_spacer=5-10bp;gc_cont=0.403;conf=99.99;score=183.15;cscore=163.10;sscore=20.05;rscore=12.54;uscore=3.03;tscore=4.47;
NZ_CADHBV010000006.1	Prodigal_v2.6.3	CDS	68703	70136	244.3	+	0	ID=6_69;partial=00;start_type=ATG;rbs_motif=AGxAGG/AGGxGG;rbs_spacer=3-4bp;gc_cont=0.396;conf=99.99;score=244.28;cscore=233.46;sscore=10.82;rscore=5.52;uscore=-0.36;tscore=4.47;
NZ_CADHBV010000006.1	Prodigal_v2.6.3	CDS	70192	70851	137.4	+	0	ID=6_70;partial=00;start_type=ATG;rbs_motif=GGA/GAG/AGG;rbs_spacer=5-10bp;gc_cont=0.414;conf=100.00;score=137.35;cscore=126.59;sscore=10.76;rscore=3.13;uscore=3.15;tscore=4.47;
NZ_CADHBV010000006.1	Prodigal_v2.6.3	CDS	70864	73950	554.2	+	0	ID=6_71;partial=00;start_type=ATG;rbs_motif=AGGA;rbs_spacer=5-10bp;gc_cont=0.428;conf=99.99;score=554.16;cscore=535.35;sscore=18.82;rscore=12.54;uscore=0.66;tscore=4.47;
NZ_CADHBV010000006.1	Prodigal_v2.6.3	CDS	73947	74516	72.2	+	0	ID=6_72;partial=00;start_type=ATG;rbs_motif=None;rbs_spacer=None;gc_cont=0.384;conf=100.00;score=72.19;cscore=63.61;sscore=8.57;rscore=-6.18;uscore=2.80;tscore=4.47;
NZ_CADHBV010000006.1	Prodigal_v2.6.3	CDS	74684	84253	1481.1	+	0	ID=6_73;partial=00;start_type=ATG;rbs_motif=GGA/GAG/AGG;rbs_spacer=5-10bp;gc_cont=0.397;conf=99.99;score=1481.13;cscore=1469.40;sscore=11.73;rscore=3.13;uscore=4.13;tscore=4.47;
# Sequence Data: seqnum=7;seqlen=77641;seqhdr="NZ_CADHBV010000007.1 Helicobacter pylori isolate clinical, whole genome shotgun sequence"
# Model Data: version=Prodigal.v2.6.3;run_type=Single;model="Ab initio";gc_cont=38.94;transl_table=11;uses_sd=1
NZ_CADHBV010000007.1	Prodigal_v2.6.3	CDS	175	678	68.0	+	0	ID=7_1;partial=00;start_type=ATG;rbs_motif=AGGAG;rbs_spacer=5-10bp;gc_cont=0.427;conf=100.00;score=67.99;cscore=47.58;sscore=20.41;rscore=13.58;uscore=2.36;tscore=4.47;
NZ_CADHBV010000007.1	Prodigal_v2.6.3	CDS	1324	2202	112.5	-	0	ID=7_2;partial=00;start_type=ATG;rbs_motif=None;rbs_spacer=None;gc_cont=0.370;conf=100.00;score=112.49;cscore=106.73;sscore=5.76;rscore=-6.18;uscore=-2.12;tscore=4.47;
NZ_CADHBV010000007.1	Prodigal_v2.6.3	CDS	2202	3050	151.5	-	0	ID=7_3;partial=00;start_type=ATG;rbs_motif=AGGA;rbs_spacer=5-10bp;gc_cont=0.437;conf=100.00;score=151.54;cscore=132.29;sscore=19.24;rscore=12.54;uscore=2.88;tscore=4.47;
NZ_CADHBV010000007.1	Prodigal_v2.6.3	CDS	3463	5802	371.5	+	0	ID=7_4;partial=00;start_type=ATG;rbs_motif=None;rbs_spacer=None;gc_cont=0.348;conf=99.99;score=371.45;cscore=372.56;sscore=-1.11;rscore=-6.18;uscore=0.60;tscore=4.47;
NZ_CADHBV010000007.1	Prodigal_v2.6.3	CDS	5796	7520	231.2	+	0	ID=7_5;partial=00;start_type=ATG;rbs_motif=AGGA;rbs_spacer=5-10bp;gc_cont=0.317;conf=99.99;score=231.15;cscore=212.06;sscore=19.09;rscore=12.54;uscore=0.82;tscore=4.47;
NZ_CADHBV010000007.1	Prodigal_v2.6.3	CDS	7641	8504	148.3	+	0	ID=7_6;partial=00;start_type=ATG;rbs_motif=GGAG/GAGG;rbs_spacer=5-10bp;gc_cont=0.374;conf=100.00;score=148.31;cscore=134.55;sscore=13.77;rscore=6.22;uscore=3.08;tscore=4.47;
NZ_CADHBV010000007.1	Prodigal_v2.6.3	CDS	8713	9540	123.4	-	0	ID=7_7;partial=00;start_type=ATG;rbs_motif=None;rbs_spacer=None;gc_cont=0.421;conf=100.00;score=123.41;cscore=121.39;sscore=2.02;rscore=-6.18;uscore=2.54;tscore=4.47;
NZ_CADHBV010000007.1	Prodigal_v2.6.3	CDS	9549	12026	496.5	-	0	ID=7_8;partial=00;start_type=ATG;rbs_motif=GGA/GAG/AGG;rbs_spacer=5-10bp;gc_cont=0.414;conf=99.99;score=496.53;cscore=484.36;sscore=12.17;rscore=3.13;uscore=3.75;tscore=4.47;
NZ_CADHBV010000007.1	Prodigal_v2.6.3	CDS	12069	12731	93.9	-	0	ID=7_9;partial=00;start_type=ATG;rbs_motif=None;rbs_spacer=None;gc_cont=0.374;conf=100.00;score=93.86;cscore=92.45;sscore=1.41;rscore=-6.18;uscore=3.13;tscore=4.47;
NZ_CADHBV010000007.1	Prodigal_v2.6.3	CDS	12811	12921	2.8	-	0	ID=7_10;partial=00;start_type=ATG;rbs_motif=AGGAG;rbs_spacer=5-10bp;gc_cont=0.369;conf=65.58;score=2.80;cscore=-6.29;sscore=9.09;rscore=5.87;uscore=2.45;tscore=1.93;
NZ_CADHBV010000007.1	Prodigal_v2.6.3	CDS	13138	13527	50.1	+	0	ID=7_11;partial=00;start_type=ATG;rbs_motif=GGA/GAG/AGG;rbs_spacer=11-12bp;gc_cont=0.390;conf=100.00;score=50.11;cscore=47.80;sscore=2.30;rscore=-2.12;uscore=-0.05;tscore=4.47;
NZ_CADHBV010000007.1	Prodigal_v2.6.3	CDS	13699	14178	92.9	+	0	ID=7_12;partial=00;start_type=ATG;rbs_motif=AGGAG;rbs_spacer=5-10bp;gc_cont=0.417;conf=100.00;score=92.92;cscore=74.08;sscore=18.84;rscore=13.58;uscore=0.79;tscore=4.47;
NZ_CADHBV010000007.1	Prodigal_v2.6.3	CDS	14181	14993	127.7	+	0	ID=7_13;partial=00;start_type=ATG;rbs_motif=GGA/GAG/AGG;rbs_spacer=5-10bp;gc_cont=0.433;conf=100.00;score=127.73;cscore=120.66;sscore=7.06;rscore=3.13;uscore=-1.79;tscore=4.47;
NZ_CADHBV010000007.1	Prodigal_v2.6.3	CDS	14995	16335	250.6	+	0	ID=7_14;partial=00;start_type=ATG;rbs_motif=GGAG/GAGG;rbs_spacer=5-10bp;gc_cont=0.413;conf=99.99;score=250.57;cscore=237.61;sscore=12.96;rscore=6.22;uscore=1.01;tscore=4.47;
NZ_CADHBV010000007.1	Prodigal_v2.6.3	CDS	16379	17422	220.2	+	0	ID=7_15;partial=00;start_type=ATG;rbs_motif=AGGA/GGAG/GAGG;rbs_spacer=11-12bp;gc_cont=0.469;conf=99.99;score=220.24;cscore=208.74;sscore=11.50;rscore=3.25;uscore=2.97;tscore=4.47;
NZ_CADHBV010000007.1	Prodigal_v2.6.3	CDS	17426	18172	114.9	+	0	ID=7_16;partial=00;start_type=ATG;rbs_motif=None;rbs_spacer=None;gc_cont=0.380;conf=100.00;score=114.92;cscore=118.16;sscore=-3.24;rscore=-6.18;uscore=-2.77;tscore=4.47;
NZ_CADHBV010000007.1	Prodigal_v2.6.3	CDS	18222	21125	494.7	-	0	ID=7_17;partial=00;start_type=ATG;rbs_motif=AGGAG;rbs_spacer=5-10bp;gc_cont=0.352;conf=99.99;score=494.73;cscore=474.55;sscore=20.18;rscore=13.58;uscore=0.96;tscore=4.47;
NZ_CADHBV010000007.1	Prodigal_v2.6.3	CDS	21136	22122	137.9	-	0	ID=7_18;partial=00;start_type=ATG;rbs_motif=GGxGG;rbs_spacer=3-4bp;gc_cont=0.332;conf=100.00;score=137.94;cscore=131.69;sscore=6.25;rscore=0.48;uscore=-0.33;tscore=4.47;
NZ_CADHBV010000007.1	Prodigal_v2.6.3	CDS	22119	23606	277.3	-	0	ID=7_19;partial=00;start_type=ATG;rbs_motif=AGGAG;rbs_spacer=5-10bp;gc_cont=0.350;conf=99.99;score=277.26;cscore=258.33;sscore=18.92;rscore=13.58;uscore=1.52;tscore=4.47;
NZ_CADHBV010000007.1	Prodigal_v2.6.3	CDS	23848	24711	117.2	+	0	ID=7_20;partial=00;start_type=TTG;rbs_motif=GGA/GAG/AGG;rbs_spacer=11-12bp;gc_cont=0.366;conf=100.00;score=117.21;cscore=123.72;sscore=-6.52;rscore=-2.12;uscore=1.91;tscore=-6.31;
NZ_CADHBV010000007.1	Prodigal_v2.6.3	CDS	24698	26635	303.8	+	0	ID=7_21;partial=00;start_type=TTG;rbs_motif=AGGA;rbs_spacer=5-10bp;gc_cont=0.332;conf=99.99;score=303.77;cscore=295.94;sscore=7.83;rscore=12.54;uscore=0.41;tscore=-6.31;
NZ_CADHBV010000007.1	Prodigal_v2.6.3	CDS	26723	27364	101.9	+	0	ID=7_22;partial=00;start_type=ATG;rbs_motif=None;rbs_spacer=None;gc_cont=0.388;conf=100.00;score=101.90;cscore=104.36;sscore=-2.47;rscore=-6.18;uscore=-0.75;tscore=4.47;
NZ_CADHBV010000007.1	Prodigal_v2.6.3	CDS	27420	28532	163.4	+	0	ID=7_23;partial=00;start_type=ATG;rbs_motif=None;rbs_spacer=None;gc_cont=0.368;conf=100.00;score=163.37;cscore=164.33;sscore=-0.96;rscore=-6.18;uscore=0.08;tscore=4.47;
NZ_CADHBV010000007.1	Prodigal_v2.6.3	CDS	28535	29929	253.9	+	0	ID=7_24;partial=00;start_type=ATG;rbs_motif=AGGA;rbs_spacer=5-10bp;gc_cont=0.415;conf=99.99;score=253.87;cscore=236.21;sscore=17.66;rscore=12.54;uscore=-0.60;tscore=4.47;
NZ_CADHBV010000007.1	Prodigal_v2.6.3	CDS	29940	31400	283.4	+	0	ID=7_25;partial=00;start_type=ATG;rbs_motif=AGGA;rbs_spacer=5-10bp;gc_cont=0.416;conf=99.99;score=283.45;cscore=263.56;sscore=19.89;rscore=12.54;uscore=1.71;tscore=4.47;
NZ_CADHBV010000007.1	Prodigal_v2.6.3	CDS	31397	32710	117.6	+	0	ID=7_26;partial=00;start_type=TTG;rbs_motif=None;rbs_spacer=None;gc_cont=0.374;conf=100.00;score=117.62;cscore=120.01;sscore=-2.39;rscore=-6.18;uscore=2.63;tscore=-6.31;
NZ_CADHBV010000007.1	Prodigal_v2.6.3	CDS	32739	33623	99.7	+	0	ID=7_27;partial=00;start_type=TTG;rbs_motif=GGA/GAG/AGG;rbs_spacer=5-10bp;gc_cont=0.412;conf=100.00;score=99.70;cscore=99.69;sscore=0.01;rscore=3.13;uscore=2.21;tscore=-6.31;
NZ_CADHBV010000007.1	Prodigal_v2.6.3	CDS	33616	34110	60.3	+	0	ID=7_28;partial=00;start_type=ATG;rbs_motif=None;rbs_spacer=None;gc_cont=0.368;conf=100.00;score=60.26;cscore=60.10;sscore=0.17;rscore=-6.18;uscore=0.63;tscore=4.47;
NZ_CADHBV010000007.1	Prodigal_v2.6.3	CDS	34123	34629	111.7	+	0	ID=7_29;partial=00;start_type=ATG;rbs_motif=GGAG/GAGG;rbs_spacer=5-10bp;gc_cont=0.351;conf=100.00;score=111.71;cscore=98.26;sscore=13.45;rscore=6.22;uscore=1.62;tscore=4.47;
NZ_CADHBV010000007.1	Prodigal_v2.6.3	CDS	34623	35426	126.7	+	0	ID=7_30;partial=00;start_type=ATG;rbs_motif=GGA/GAG/AGG;rbs_spacer=5-10bp;gc_cont=0.396;conf=100.00;score=126.70;cscore=115.72;sscore=10.97;rscore=3.13;uscore=2.11;tscore=4.47;
NZ_CADHBV010000007.1	Prodigal_v2.6.3	CDS	35416	36420	168.2	+	0	ID=7_31;partial=00;start_type=ATG;rbs_motif=GGA/GAG/AGG;rbs_spacer=5-10bp;gc_cont=0.399;conf=100.00;score=168.22;cscore=159.68;sscore=8.53;rscore=3.13;uscore=-0.29;tscore=4.47;
NZ_CADHBV010000007.1	Prodigal_v2.6.3	CDS	36420	37241	157.8	+	0	ID=7_32;partial=00;start_type=ATG;rbs_motif=GGAG/GAGG;rbs_spacer=5-10bp;gc_cont=0.416;conf=100.00;score=157.85;cscore=145.51;sscore=12.34;rscore=6.22;uscore=0.37;tscore=4.47;
NZ_CADHBV010000007.1	Prodigal_v2.6.3	CDS	37268	39787	387.4	+	0	ID=7_33;partial=00;start_type=ATG;rbs_motif=GGA/GAG/AGG;rbs_spacer=5-10bp;gc_cont=0.388;conf=99.99;score=387.44;cscore=375.55;sscore=11.89;rscore=3.13;uscore=3.30;tscore=4.47;
NZ_CADHBV010000007.1	Prodigal_v2.6.3	CDS	40062	40751	56.8	+	0	ID=7_34;partial=00;start_type=TTG;rbs_motif=None;rbs_spacer=None;gc_cont=0.406;conf=100.00;score=56.78;cscore=73.99;sscore=-17.22;rscore=-6.18;uscore=-4.07;tscore=-6.31;
NZ_CADHBV010000007.1	Prodigal_v2.6.3	CDS	41011	42090	145.4	+	0	ID=7_35;partial=00;start_type=ATG;rbs_motif=GGA/GAG/AGG;rbs_spacer=5-10bp;gc_cont=0.331;conf=100.00;score=145.41;cscore=135.44;sscore=9.98;rscore=3.13;uscore=3.02;tscore=4.47;
NZ_CADHBV010000007.1	Prodigal_v2.6.3	CDS	42090	42962	132.2	+	0	ID=7_36;partial=00;start_type=ATG;rbs_motif=AGGA;rbs_spacer=5-10bp;gc_cont=0.315;conf=100.00;score=132.17;cscore=113.87;sscore=18.30;rscore=12.54;uscore=-0.31;tscore=4.47;
NZ_CADHBV010000007.1	Prodigal_v2.6.3	CDS	43368	44825	110.0	-	0	ID=7_37;partial=00;start_type=TTG;rbs_motif=AGGAG;rbs_spacer=5-10bp;gc_cont=0.356;conf=100.00;score=109.97;cscore=102.09;sscore=7.88;rscore=13.58;uscore=1.26;tscore=-6.31;
NZ_CADHBV010000007.1	Prodigal_v2.6.3	CDS	45112	46596	152.5	+	0	ID=7_38;partial=00;start_type=ATG;rbs_motif=None;rbs_spacer=None;gc_cont=0.366;conf=100.00;score=152.50;cscore=155.49;sscore=-2.99;rscore=-6.18;uscore=-1.28;tscore=4.47;
NZ_CADHBV010000007.1	Prodigal_v2.6.3	CDS	46903	47145	14.6	-	0	ID=7_39;partial=00;start_type=ATG;rbs_motif=GGA/GAG/AGG;rbs_spacer=5-10bp;gc_cont=0.255;conf=96.66;score=14.64;cscore=8.11;sscore=6.53;rscore=3.01;uscore=-0.78;tscore=4.29;
NZ_CADHBV010000007.1	Prodigal_v2.6.3	CDS	47240	47407	10.1	-	0	ID=7_40;partial=00;start_type=ATG;rbs_motif=GGxGG;rbs_spacer=11-12bp;gc_cont=0.369;conf=91.01;score=10.07;cscore=12.55;sscore=-2.48;rscore=-1.27;uscore=-3.51;tscore=2.95;
NZ_CADHBV010000007.1	Prodigal_v2.6.3	CDS	47806	49170	252.6	+	0	ID=7_41;partial=00;start_type=ATG;rbs_motif=GGxGG;rbs_spacer=11-12bp;gc_cont=0.420;conf=99.99;score=252.62;cscore=248.09;sscore=4.53;rscore=-0.84;uscore=0.89;tscore=4.47;
NZ_CADHBV010000007.1	Prodigal_v2.6.3	CDS	49177	50352	165.8	+	0	ID=7_42;partial=00;start_type=ATG;rbs_motif=None;rbs_spacer=None;gc_cont=0.367;conf=100.00;score=165.83;cscore=164.50;sscore=1.33;rscore=-6.18;uscore=1.84;tscore=4.47;
NZ_CADHBV010000007.1	Prodigal_v2.6.3	CDS	50339	51061	103.0	+	0	ID=7_43;partial=00;start_type=ATG;rbs_motif=4Base/6BMM;rbs_spacer=13-15bp;gc_cont=0.397;conf=100.00;score=103.00;cscore=100.12;sscore=2.88;rscore=-2.36;uscore=-0.42;tscore=4.47;
NZ_CADHBV010000007.1	Prodigal_v2.6.3	CDS	51058	51759	89.1	+	0	ID=7_44;partial=00;start_type=ATG;rbs_motif=None;rbs_spacer=None;gc_cont=0.427;conf=100.00;score=89.08;cscore=80.60;sscore=8.48;rscore=-6.18;uscore=2.71;tscore=4.47;
NZ_CADHBV010000007.1	Prodigal_v2.6.3	CDS	51912	52397	31.3	-	0	ID=7_45;partial=00;start_type=GTG;rbs_motif=None;rbs_spacer=None;gc_cont=0.323;conf=99.92;score=31.29;cscore=46.43;sscore=-15.14;rscore=-6.18;uscore=-0.75;tscore=-7.55;
NZ_CADHBV010000007.1	Prodigal_v2.6.3	CDS	52578	53126	90.0	-	0	ID=7_46;partial=00;start_type=ATG;rbs_motif=AGGAG;rbs_spacer=5-10bp;gc_cont=0.326;conf=100.00;score=90.04;cscore=69.84;sscore=20.20;rscore=13.58;uscore=0.85;tscore=4.47;
NZ_CADHBV010000007.1	Prodigal_v2.6.3	CDS	53123	53833	82.2	-	0	ID=7_47;partial=00;start_type=ATG;rbs_motif=GGAG/GAGG;rbs_spacer=5-10bp;gc_cont=0.315;conf=100.00;score=82.24;cscore=68.89;sscore=13.35;rscore=6.22;uscore=3.32;tscore=4.47;
NZ_CADHBV010000007.1	Prodigal_v2.6.3	CDS	54030	55022	157.6	+	0	ID=7_48;partial=00;start_type=ATG;rbs_motif=GGA/GAG/AGG;rbs_spacer=5-10bp;gc_cont=0.428;conf=100.00;score=157.58;cscore=145.87;sscore=11.71;rscore=3.13;uscore=4.11;tscore=4.47;
NZ_CADHBV010000007.1	Prodigal_v2.6.3	CDS	55038	56246	248.7	+	0	ID=7_49;partial=00;start_type=ATG;rbs_motif=AGGA;rbs_spacer=5-10bp;gc_cont=0.414;conf=99.99;score=248.72;cscore=227.19;sscore=21.53;rscore=12.54;uscore=3.41;tscore=4.47;
NZ_CADHBV010000007.1	Prodigal_v2.6.3	CDS	56262	57218	160.1	+	0	ID=7_50;partial=00;start_type=ATG;rbs_motif=AGGA;rbs_spacer=5-10bp;gc_cont=0.374;conf=100.00;score=160.05;cscore=142.16;sscore=17.90;rscore=12.54;uscore=-0.23;tscore=4.47;
NZ_CADHBV010000007.1	Prodigal_v2.6.3	CDS	57225	57953	93.7	+	0	ID=7_51;partial=00;start_type=ATG;rbs_motif=None;rbs_spacer=None;gc_cont=0.387;conf=100.00;score=93.70;cscore=94.89;sscore=-1.20;rscore=-6.18;uscore=-0.69;tscore=4.47;
NZ_CADHBV010000007.1	Prodigal_v2.6.3	CDS	58097	60184	335.9	-	0	ID=7_52;partial=00;start_type=ATG;rbs_motif=AGGAG;rbs_spacer=5-10bp;gc_cont=0.432;conf=99.99;score=335.94;cscore=314.34;sscore=21.60;rscore=13.58;uscore=4.20;tscore=4.47;
NZ_CADHBV010000007.1	Prodigal_v2.6.3	CDS	60373	61224	157.4	-	0	ID=7_53;partial=00;start_type=ATG;rbs_motif=GGA/GAG/AGG;rbs_spacer=5-10bp;gc_cont=0.426;conf=100.00;score=157.36;cscore=147.61;sscore=9.74;rscore=3.13;uscore=2.14;tscore=4.47;
NZ_CADHBV010000007.1	Prodigal_v2.6.3	CDS	61190	61579	72.4	-	0	ID=7_54;partial=00;start_type=ATG;rbs_motif=AGGA;rbs_spacer=5-10bp;gc_cont=0.372;conf=100.00;score=72.42;cscore=52.34;sscore=20.08;rscore=12.54;uscore=1.77;tscore=4.47;
NZ_CADHBV010000007.1	Prodigal_v2.6.3	CDS	61576	62211	77.2	-	0	ID=7_55;partial=00;start_type=TTG;rbs_motif=GGA/GAG/AGG;rbs_spacer=5-10bp;gc_cont=0.365;conf=100.00;score=77.22;cscore=82.45;sscore=-5.23;rscore=3.13;uscore=-1.40;tscore=-6.31;
NZ_CADHBV010000007.1	Prodigal_v2.6.3	CDS	62338	62784	83.9	+	0	ID=7_56;partial=00;start_type=ATG;rbs_motif=AGGA;rbs_spacer=5-10bp;gc_cont=0.412;conf=100.00;score=83.94;cscore=66.21;sscore=17.72;rscore=12.54;uscore=0.71;tscore=4.47;
NZ_CADHBV010000007.1	Prodigal_v2.6.3	CDS	62777	63292	66.1	+	0	ID=7_57;partial=00;start_type=ATG;rbs_motif=None;rbs_spacer=None;gc_cont=0.397;conf=100.00;score=66.10;cscore=68.44;sscore=-2.34;rscore=-6.18;uscore=-1.88;tscore=4.47;
NZ_CADHBV010000007.1	Prodigal_v2.6.3	CDS	63289	64050	113.6	-	0	ID=7_58;partial=00;start_type=ATG;rbs_motif=AGGA/GGAG/GAGG;rbs_spacer=11-12bp;gc_cont=0.385;conf=100.00;score=113.57;cscore=104.22;sscore=9.35;rscore=3.25;uscore=2.29;tscore=4.47;
NZ_CADHBV010000007.1	Prodigal_v2.6.3	CDS	64172	65218	212.6	+	0	ID=7_59;partial=00;start_type=TTG;rbs_motif=GGA/GAG/AGG;rbs_spacer=5-10bp;gc_cont=0.395;conf=99.99;score=212.56;cscore=217.45;sscore=-4.89;rscore=3.13;uscore=-1.71;tscore=-6.31;
NZ_CADHBV010000007.1	Prodigal_v2.6.3	CDS	65259	66335	158.2	-	0	ID=7_60;partial=00;start_type=ATG;rbs_motif=None;rbs_spacer=None;gc_cont=0.383;conf=100.00;score=158.23;cscore=157.72;sscore=0.51;rscore=-6.18;uscore=2.88;tscore=4.47;
NZ_CADHBV010000007.1	Prodigal_v2.6.3	CDS	66486	67595	182.9	+	0	ID=7_61;partial=00;start_type=GTG;rbs_motif=GGAG/GAGG;rbs_spacer=5-10bp;gc_cont=0.422;conf=99.99;score=182.86;cscore=182.92;sscore=-0.06;rscore=6.22;uscore=1.28;tscore=-7.55;
NZ_CADHBV010000007.1	Prodigal_v2.6.3	CDS	67607	68293	95.6	+	0	ID=7_62;partial=00;start_type=ATG;rbs_motif=GGA/GAG/AGG;rbs_spacer=5-10bp;gc_cont=0.403;conf=100.00;score=95.61;cscore=85.13;sscore=10.48;rscore=3.13;uscore=1.72;tscore=4.47;
NZ_CADHBV010000007.1	Prodigal_v2.6.3	CDS	68293	68634	30.4	+	0	ID=7_63;partial=00;start_type=ATG;rbs_motif=None;rbs_spacer=None;gc_cont=0.368;conf=99.91;score=30.41;cscore=24.66;sscore=5.76;rscore=-6.18;uscore=-1.31;tscore=4.47;
NZ_CADHBV010000007.1	Prodigal_v2.6.3	CDS	68631	71744	553.5	-	0	ID=7_64;partial=00;start_type=ATG;rbs_motif=GGA/GAG/AGG;rbs_spacer=5-10bp;gc_cont=0.416;conf=99.99;score=553.54;cscore=545.87;sscore=7.68;rscore=3.13;uscore=-1.20;tscore=4.47;
NZ_CADHBV010000007.1	Prodigal_v2.6.3	CDS	71745	72752	184.5	-	0	ID=7_65;partial=00;start_type=ATG;rbs_motif=AGGA;rbs_spacer=5-10bp;gc_cont=0.374;conf=99.99;score=184.53;cscore=166.22;sscore=18.31;rscore=12.54;uscore=-0.00;tscore=4.47;
NZ_CADHBV010000007.1	Prodigal_v2.6.3	CDS	72749	73987	219.8	-	0	ID=7_66;partial=00;start_type=ATG;rbs_motif=GGA/GAG/AGG;rbs_spacer=11-12bp;gc_cont=0.345;conf=99.99;score=219.79;cscore=216.45;sscore=3.34;rscore=-2.12;uscore=-0.24;tscore=4.47;
NZ_CADHBV010000007.1	Prodigal_v2.6.3	CDS	73992	74369	56.8	-	0	ID=7_67;partial=00;start_type=ATG;rbs_motif=GGA/GAG/AGG;rbs_spacer=5-10bp;gc_cont=0.413;conf=100.00;score=56.78;cscore=50.27;sscore=6.51;rscore=3.13;uscore=-0.44;tscore=4.47;
NZ_CADHBV010000007.1	Prodigal_v2.6.3	CDS	74544	75935	275.3	+	0	ID=7_68;partial=00;start_type=ATG;rbs_motif=AGGA;rbs_spacer=5-10bp;gc_cont=0.443;conf=99.99;score=275.30;cscore=252.90;sscore=22.40;rscore=12.54;uscore=5.38;tscore=4.47;
NZ_CADHBV010000007.1	Prodigal_v2.6.3	CDS	75957	76208	11.3	+	0	ID=7_69;partial=00;start_type=ATG;rbs_motif=None;rbs_spacer=None;gc_cont=0.401;conf=93.04;score=11.28;cscore=16.25;sscore=-4.97;rscore=-6.21;uscore=-4.26;tscore=4.45;
NZ_CADHBV010000007.1	Prodigal_v2.6.3	CDS	76238	76852	73.7	+	0	ID=7_70;partial=00;start_type=ATG;rbs_motif=None;rbs_spacer=None;gc_cont=0.431;conf=100.00;score=73.68;cscore=76.45;sscore=-2.76;rscore=-6.18;uscore=-2.01;tscore=4.47;
NZ_CADHBV010000007.1	Prodigal_v2.6.3	CDS	76826	77404	81.1	-	0	ID=7_71;partial=00;start_type=ATG;rbs_motif=AGGA;rbs_spacer=5-10bp;gc_cont=0.390;conf=100.00;score=81.12;cscore=61.80;sscore=19.32;rscore=12.54;uscore=2.31;tscore=4.47;
# Sequence Data: seqnum=8;seqlen=60906;seqhdr="NZ_CADHBV010000008.1 Helicobacter pylori isolate clinical, whole genome shotgun sequence"
# Model Data: version=Prodigal.v2.6.3;run_type=Single;model="Ab initio";gc_cont=38.94;transl_table=11;uses_sd=1
NZ_CADHBV010000008.1	Prodigal_v2.6.3	CDS	87	1175	127.0	-	0	ID=8_1;partial=00;start_type=ATG;rbs_motif=AGGA;rbs_spacer=5-10bp;gc_cont=0.383;conf=100.00;score=126.96;cscore=110.68;sscore=16.27;rscore=12.54;uscore=-0.09;tscore=4.47;
NZ_CADHBV010000008.1	Prodigal_v2.6.3	CDS	1385	1699	51.9	+	0	ID=8_2;partial=00;start_type=ATG;rbs_motif=AGGAG;rbs_spacer=5-10bp;gc_cont=0.435;conf=100.00;score=51.88;cscore=35.04;sscore=16.84;rscore=13.58;uscore=-1.21;tscore=4.47;
NZ_CADHBV010000008.1	Prodigal_v2.6.3	CDS	1736	2311	82.5	+	0	ID=8_3;partial=00;start_type=ATG;rbs_motif=GGA/GAG/AGG;rbs_spacer=5-10bp;gc_cont=0.464;conf=100.00;score=82.47;cscore=73.60;sscore=8.88;rscore=3.13;uscore=0.39;tscore=4.47;
NZ_CADHBV010000008.1	Prodigal_v2.6.3	CDS	2346	2993	120.3	+	0	ID=8_4;partial=00;start_type=ATG;rbs_motif=GGA/GAG/AGG;rbs_spacer=5-10bp;gc_cont=0.438;conf=100.00;score=120.29;cscore=109.65;sscore=10.64;rscore=3.13;uscore=2.13;tscore=4.47;
NZ_CADHBV010000008.1	Prodigal_v2.6.3	CDS	2997	3278	40.4	+	0	ID=8_5;partial=00;start_type=ATG;rbs_motif=AGGAG;rbs_spacer=5-10bp;gc_cont=0.387;conf=99.99;score=40.39;cscore=23.07;sscore=17.32;rscore=13.58;uscore=-1.97;tscore=4.47;
NZ_CADHBV010000008.1	Prodigal_v2.6.3	CDS	3295	4125	112.4	+	0	ID=8_6;partial=00;start_type=ATG;rbs_motif=AGGAG;rbs_spacer=5-10bp;gc_cont=0.468;conf=100.00;score=112.42;cscore=99.27;sscore=13.14;rscore=13.58;uscore=-6.01;tscore=4.47;
NZ_CADHBV010000008.1	Prodigal_v2.6.3	CDS	4136	4417	28.8	+	0	ID=8_7;partial=00;start_type=ATG;rbs_motif=GGA/GAG/AGG;rbs_spacer=5-10bp;gc_cont=0.387;conf=99.87;score=28.80;cscore=17.79;sscore=11.01;rscore=3.13;uscore=2.24;tscore=4.47;
NZ_CADHBV010000008.1	Prodigal_v2.6.3	CDS	4427	4795	42.8	+	0	ID=8_8;partial=00;start_type=ATG;rbs_motif=AGxAGG/AGGxGG;rbs_spacer=3-4bp;gc_cont=0.442;conf=99.99;score=42.78;cscore=31.24;sscore=11.53;rscore=5.52;uscore=0.37;tscore=4.47;
NZ_CADHBV010000008.1	Prodigal_v2.6.3	CDS	4799	5503	121.4	+	0	ID=8_9;partial=00;start_type=ATG;rbs_motif=AGxAGG/AGGxGG;rbs_spacer=5-10bp;gc_cont=0.444;conf=100.00;score=121.42;cscore=109.46;sscore=11.95;rscore=4.39;uscore=1.85;tscore=4.47;
NZ_CADHBV010000008.1	Prodigal_v2.6.3	CDS	5506	5931	53.5	+	0	ID=8_10;partial=00;start_type=ATG;rbs_motif=GGAG/GAGG;rbs_spacer=5-10bp;gc_cont=0.427;conf=100.00;score=53.51;cscore=40.82;sscore=12.69;rscore=6.22;uscore=0.75;tscore=4.47;
NZ_CADHBV010000008.1	Prodigal_v2.6.3	CDS	5918	6118	26.9	+	0	ID=8_11;partial=00;start_type=ATG;rbs_motif=GGA/GAG/AGG;rbs_spacer=5-10bp;gc_cont=0.368;conf=99.79;score=26.86;cscore=18.05;sscore=8.82;rscore=2.48;uscore=1.61;tscore=3.54;
NZ_CADHBV010000008.1	Prodigal_v2.6.3	CDS	6132	6392	37.4	+	0	ID=8_12;partial=00;start_type=ATG;rbs_motif=GGA/GAG/AGG;rbs_spacer=5-10bp;gc_cont=0.383;conf=99.98;score=37.40;cscore=30.69;sscore=6.71;rscore=3.13;uscore=-2.03;tscore=4.47;
NZ_CADHBV010000008.1	Prodigal_v2.6.3	CDS	6395	6763	66.9	+	0	ID=8_13;partial=00;start_type=ATG;rbs_motif=GGAG/GAGG;rbs_spacer=5-10bp;gc_cont=0.442;conf=100.00;score=66.91;cscore=53.22;sscore=13.69;rscore=6.22;uscore=1.75;tscore=4.47;
NZ_CADHBV010000008.1	Prodigal_v2.6.3	CDS	6763	6984	46.2	+	0	ID=8_14;partial=00;start_type=ATG;rbs_motif=GGAG/GAGG;rbs_spacer=5-10bp;gc_cont=0.405;conf=100.00;score=46.23;cscore=35.23;sscore=11.00;rscore=5.44;uscore=0.35;tscore=3.92;
NZ_CADHBV010000008.1	Prodigal_v2.6.3	CDS	6997	7542	100.3	+	0	ID=8_15;partial=00;start_type=ATG;rbs_motif=AGGAG;rbs_spacer=5-10bp;gc_cont=0.397;conf=100.00;score=100.27;cscore=82.80;sscore=17.47;rscore=13.58;uscore=-1.72;tscore=4.47;
NZ_CADHBV010000008.1	Prodigal_v2.6.3	CDS	7747	8142	62.0	+	0	ID=8_16;partial=00;start_type=ATG;rbs_motif=AGGA;rbs_spacer=5-10bp;gc_cont=0.381;conf=100.00;score=61.98;cscore=48.03;sscore=13.96;rscore=12.54;uscore=-2.40;tscore=4.47;
NZ_CADHBV010000008.1	Prodigal_v2.6.3	CDS	8153	8689	98.5	+	0	ID=8_17;partial=00;start_type=ATG;rbs_motif=AGGA;rbs_spacer=5-10bp;gc_cont=0.441;conf=100.00;score=98.48;cscore=83.28;sscore=15.20;rscore=12.54;uscore=-2.98;tscore=4.47;
NZ_CADHBV010000008.1	Prodigal_v2.6.3	CDS	8703	9059	55.3	+	0	ID=8_18;partial=00;start_type=ATG;rbs_motif=AGxAGG/AGGxGG;rbs_spacer=3-4bp;gc_cont=0.426;conf=100.00;score=55.34;cscore=40.93;sscore=14.41;rscore=5.52;uscore=3.28;tscore=4.47;
NZ_CADHBV010000008.1	Prodigal_v2.6.3	CDS	9074	9517	76.1	+	0	ID=8_19;partial=00;start_type=ATG;rbs_motif=AGGA;rbs_spacer=5-10bp;gc_cont=0.450;conf=100.00;score=76.07;cscore=59.84;sscore=16.22;rscore=12.54;uscore=-1.91;tscore=4.47;
NZ_CADHBV010000008.1	Prodigal_v2.6.3	CDS	9537	9938	65.7	+	0	ID=8_20;partial=00;start_type=ATG;rbs_motif=AGGAG;rbs_spacer=5-10bp;gc_cont=0.405;conf=100.00;score=65.68;cscore=46.34;sscore=19.35;rscore=13.58;uscore=0.23;tscore=4.47;
NZ_CADHBV010000008.1	Prodigal_v2.6.3	CDS	9978	11240	190.7	+	0	ID=8_21;partial=00;start_type=ATG;rbs_motif=GGAG/GAGG;rbs_spacer=5-10bp;gc_cont=0.419;conf=99.99;score=190.73;cscore=181.04;sscore=9.69;rscore=6.22;uscore=-1.85;tscore=4.47;
NZ_CADHBV010000008.1	Prodigal_v2.6.3	CDS	11240	12001	111.8	+	0	ID=8_22;partial=00;start_type=ATG;rbs_motif=GGA/GAG/AGG;rbs_spacer=5-10bp;gc_cont=0.446;conf=100.00;score=111.75;cscore=100.04;sscore=11.71;rscore=3.13;uscore=2.82;tscore=4.47;
NZ_CADHBV010000008.1	Prodigal_v2.6.3	CDS	12001	12219	29.2	+	0	ID=8_23;partial=00;start_type=ATG;rbs_motif=GGAG/GAGG;rbs_spacer=5-10bp;gc_cont=0.425;conf=99.88;score=29.17;cscore=18.65;sscore=10.52;rscore=5.37;uscore=-0.27;tscore=3.86;
NZ_CADHBV010000008.1	Prodigal_v2.6.3	CDS	12415	12777	70.9	+	0	ID=8_24;partial=00;start_type=ATG;rbs_motif=AGGA;rbs_spacer=5-10bp;gc_cont=0.424;conf=100.00;score=70.87;cscore=51.42;sscore=19.45;rscore=12.54;uscore=1.20;tscore=4.47;
NZ_CADHBV010000008.1	Prodigal_v2.6.3	CDS	12800	13195	53.9	+	0	ID=8_25;partial=00;start_type=ATG;rbs_motif=AGGAG/GGAGG;rbs_spacer=11-12bp;gc_cont=0.457;conf=100.00;score=53.95;cscore=42.64;sscore=11.31;rscore=5.28;uscore=0.52;tscore=4.47;
NZ_CADHBV010000008.1	Prodigal_v2.6.3	CDS	13205	13831	109.6	+	0	ID=8_26;partial=00;start_type=ATG;rbs_motif=AGGAG;rbs_spacer=5-10bp;gc_cont=0.434;conf=100.00;score=109.64;cscore=91.68;sscore=17.97;rscore=13.58;uscore=-1.26;tscore=4.47;
NZ_CADHBV010000008.1	Prodigal_v2.6.3	CDS	13843	14877	182.3	+	0	ID=8_27;partial=00;start_type=ATG;rbs_motif=GGA/GAG/AGG;rbs_spacer=5-10bp;gc_cont=0.412;conf=99.99;score=182.29;cscore=171.61;sscore=10.67;rscore=3.13;uscore=1.91;tscore=4.47;
NZ_CADHBV010000008.1	Prodigal_v2.6.3	CDS	14877	15227	53.2	+	0	ID=8_28;partial=00;start_type=ATG;rbs_motif=AGGAG;rbs_spacer=5-10bp;gc_cont=0.450;conf=100.00;score=53.23;cscore=29.37;sscore=23.86;rscore=13.58;uscore=4.52;tscore=4.47;
NZ_CADHBV010000008.1	Prodigal_v2.6.3	CDS	15857	16471	68.2	-	0	ID=8_29;partial=00;start_type=ATG;rbs_motif=GGA/GAG/AGG;rbs_spacer=5-10bp;gc_cont=0.387;conf=100.00;score=68.20;cscore=56.64;sscore=11.57;rscore=3.13;uscore=2.77;tscore=4.47;
NZ_CADHBV010000008.1	Prodigal_v2.6.3	CDS	16459	17121	59.0	-	0	ID=8_30;partial=00;start_type=ATG;rbs_motif=AGGA;rbs_spacer=5-10bp;gc_cont=0.370;conf=100.00;score=59.04;cscore=43.62;sscore=15.41;rscore=12.54;uscore=-0.95;tscore=4.47;
NZ_CADHBV010000008.1	Prodigal_v2.6.3	CDS	17308	17778	30.7	-	0	ID=8_31;partial=00;start_type=ATG;rbs_motif=AGGAG;rbs_spacer=5-10bp;gc_cont=0.427;conf=99.91;score=30.67;cscore=12.72;sscore=17.95;rscore=13.58;uscore=-1.12;tscore=4.47;
NZ_CADHBV010000008.1	Prodigal_v2.6.3	CDS	17802	18137	24.7	-	0	ID=8_32;partial=00;start_type=ATG;rbs_motif=AGGA;rbs_spacer=5-10bp;gc_cont=0.446;conf=99.66;score=24.74;cscore=9.78;sscore=14.96;rscore=12.54;uscore=-1.40;tscore=4.47;
NZ_CADHBV010000008.1	Prodigal_v2.6.3	CDS	18866	19519	96.4	+	0	ID=8_33;partial=00;start_type=ATG;rbs_motif=AGGAG;rbs_spacer=5-10bp;gc_cont=0.385;conf=100.00;score=96.43;cscore=77.09;sscore=19.34;rscore=13.58;uscore=1.29;tscore=4.47;
NZ_CADHBV010000008.1	Prodigal_v2.6.3	CDS	19583	20131	83.8	-	0	ID=8_34;partial=00;start_type=ATG;rbs_motif=GGAG/GAGG;rbs_spacer=5-10bp;gc_cont=0.392;conf=100.00;score=83.85;cscore=71.42;sscore=12.43;rscore=6.22;uscore=2.39;tscore=4.47;
NZ_CADHBV010000008.1	Prodigal_v2.6.3	CDS	20300	20992	113.6	+	0	ID=8_35;partial=00;start_type=ATG;rbs_motif=AGGA;rbs_spacer=5-10bp;gc_cont=0.395;conf=100.00;score=113.61;cscore=95.69;sscore=17.92;rscore=12.54;uscore=0.90;tscore=4.47;
NZ_CADHBV010000008.1	Prodigal_v2.6.3	CDS	21060	22118	156.9	+	0	ID=8_36;partial=00;start_type=ATG;rbs_motif=AGxAGG/AGGxGG;rbs_spacer=3-4bp;gc_cont=0.400;conf=100.00;score=156.94;cscore=144.54;sscore=12.40;rscore=5.52;uscore=2.41;tscore=4.47;
NZ_CADHBV010000008.1	Prodigal_v2.6.3	CDS	22351	23853	215.8	+	0	ID=8_37;partial=00;start_type=ATG;rbs_motif=None;rbs_spacer=None;gc_cont=0.411;conf=99.99;score=215.79;cscore=215.71;sscore=0.07;rscore=-6.18;uscore=2.44;tscore=4.47;
NZ_CADHBV010000008.1	Prodigal_v2.6.3	CDS	23850	24434	112.7	+	0	ID=8_38;partial=00;start_type=ATG;rbs_motif=AGGA;rbs_spacer=5-10bp;gc_cont=0.395;conf=100.00;score=112.74;cscore=94.43;sscore=18.31;rscore=12.54;uscore=-4.22;tscore=4.47;
NZ_CADHBV010000008.1	Prodigal_v2.6.3	CDS	24431	25438	176.7	+	0	ID=8_39;partial=00;start_type=ATG;rbs_motif=GGAG/GAGG;rbs_spacer=5-10bp;gc_cont=0.413;conf=100.00;score=176.71;cscore=164.72;sscore=11.98;rscore=6.22;uscore=-3.10;tscore=4.47;
NZ_CADHBV010000008.1	Prodigal_v2.6.3	CDS	25431	26789	218.5	+	0	ID=8_40;partial=00;start_type=ATG;rbs_motif=GGA/GAG/AGG;rbs_spacer=5-10bp;gc_cont=0.370;conf=99.99;score=218.47;cscore=208.75;sscore=9.71;rscore=3.13;uscore=0.86;tscore=4.47;
NZ_CADHBV010000008.1	Prodigal_v2.6.3	CDS	26791	27966	199.4	+	0	ID=8_41;partial=00;start_type=ATG;rbs_motif=GGA/GAG/AGG;rbs_spacer=5-10bp;gc_cont=0.446;conf=99.99;score=199.41;cscore=190.84;sscore=8.56;rscore=3.13;uscore=-0.30;tscore=4.47;
NZ_CADHBV010000008.1	Prodigal_v2.6.3	CDS	27968	28756	145.6	+	0	ID=8_42;partial=00;start_type=ATG;rbs_motif=AGGAG;rbs_spacer=5-10bp;gc_cont=0.407;conf=100.00;score=145.60;cscore=125.59;sscore=20.02;rscore=13.58;uscore=0.70;tscore=4.47;
NZ_CADHBV010000008.1	Prodigal_v2.6.3	CDS	29006	29311	45.6	-	0	ID=8_43;partial=00;start_type=ATG;rbs_motif=AGGA;rbs_spacer=5-10bp;gc_cont=0.356;conf=100.00;score=45.56;cscore=24.75;sscore=20.80;rscore=12.54;uscore=4.44;tscore=4.47;
NZ_CADHBV010000008.1	Prodigal_v2.6.3	CDS	29517	30893	254.7	-	0	ID=8_44;partial=00;start_type=ATG;rbs_motif=AGGAG;rbs_spacer=5-10bp;gc_cont=0.419;conf=99.99;score=254.69;cscore=232.28;sscore=22.40;rscore=13.58;uscore=3.09;tscore=4.47;
NZ_CADHBV010000008.1	Prodigal_v2.6.3	CDS	30895	33270	380.7	-	0	ID=8_45;partial=00;start_type=ATG;rbs_motif=None;rbs_spacer=None;gc_cont=0.389;conf=99.99;score=380.65;cscore=381.24;sscore=-0.58;rscore=-6.18;uscore=0.06;tscore=4.47;
NZ_CADHBV010000008.1	Prodigal_v2.6.3	CDS	33290	34762	186.1	-	0	ID=8_46;partial=00;start_type=ATG;rbs_motif=GGAG/GAGG;rbs_spacer=5-10bp;gc_cont=0.425;conf=99.99;score=186.06;cscore=175.22;sscore=10.84;rscore=6.22;uscore=-1.03;tscore=4.47;
NZ_CADHBV010000008.1	Prodigal_v2.6.3	CDS	34749	36287	213.7	-	0	ID=8_47;partial=00;start_type=ATG;rbs_motif=GGAG/GAGG;rbs_spacer=5-10bp;gc_cont=0.414;conf=99.99;score=213.71;cscore=200.91;sscore=12.80;rscore=6.22;uscore=0.87;tscore=4.47;
NZ_CADHBV010000008.1	Prodigal_v2.6.3	CDS	36291	38129	240.8	-	0	ID=8_48;partial=00;start_type=ATG;rbs_motif=GGA/GAG/AGG;rbs_spacer=5-10bp;gc_cont=0.437;conf=99.99;score=240.78;cscore=230.78;sscore=10.00;rscore=3.13;uscore=1.14;tscore=4.47;
NZ_CADHBV010000008.1	Prodigal_v2.6.3	CDS	38132	38434	52.2	-	0	ID=8_49;partial=00;start_type=ATG;rbs_motif=AGGA;rbs_spacer=5-10bp;gc_cont=0.383;conf=100.00;score=52.16;cscore=33.85;sscore=18.31;rscore=12.54;uscore=-0.39;tscore=4.47;
NZ_CADHBV010000008.1	Prodigal_v2.6.3	CDS	38431	38979	90.7	-	0	ID=8_50;partial=00;start_type=ATG;rbs_motif=GGAG/GAGG;rbs_spacer=5-10bp;gc_cont=0.430;conf=100.00;score=90.71;cscore=79.75;sscore=10.96;rscore=6.22;uscore=-0.98;tscore=4.47;
NZ_CADHBV010000008.1	Prodigal_v2.6.3	CDS	38972	39634	101.8	-	0	ID=8_51;partial=00;start_type=ATG;rbs_motif=AGGAG;rbs_spacer=5-10bp;gc_cont=0.459;conf=100.00;score=101.80;cscore=81.00;sscore=20.81;rscore=13.58;uscore=1.59;tscore=4.47;
NZ_CADHBV010000008.1	Prodigal_v2.6.3	CDS	39645	40634	161.8	-	0	ID=8_52;partial=00;start_type=ATG;rbs_motif=AGGAG;rbs_spacer=5-10bp;gc_cont=0.435;conf=100.00;score=161.79;cscore=142.44;sscore=19.35;rscore=13.58;uscore=-2.35;tscore=4.47;
NZ_CADHBV010000008.1	Prodigal_v2.6.3	CDS	40631	43162	448.5	-	0	ID=8_53;partial=00;start_type=ATG;rbs_motif=AGGA;rbs_spacer=5-10bp;gc_cont=0.414;conf=99.99;score=448.48;cscore=430.17;sscore=18.31;rscore=12.54;uscore=-1.05;tscore=4.47;
NZ_CADHBV010000008.1	Prodigal_v2.6.3	CDS	43159	44151	104.5	-	0	ID=8_54;partial=00;start_type=TTG;rbs_motif=GGA/GAG/AGG;rbs_spacer=5-10bp;gc_cont=0.374;conf=100.00;score=104.53;cscore=106.41;sscore=-1.88;rscore=3.13;uscore=-1.92;tscore=-6.31;
NZ_CADHBV010000008.1	Prodigal_v2.6.3	CDS	44148	44378	39.2	-	0	ID=8_55;partial=00;start_type=ATG;rbs_motif=GGAG/GAGG;rbs_spacer=5-10bp;gc_cont=0.372;conf=99.99;score=39.17;cscore=28.12;sscore=11.04;rscore=5.67;uscore=-5.12;tscore=4.08;
NZ_CADHBV010000008.1	Prodigal_v2.6.3	CDS	44375	45604	222.2	-	0	ID=8_56;partial=00;start_type=ATG;rbs_motif=GGAG/GAGG;rbs_spacer=5-10bp;gc_cont=0.436;conf=99.99;score=222.24;cscore=210.36;sscore=11.88;rscore=6.22;uscore=-0.07;tscore=4.47;
NZ_CADHBV010000008.1	Prodigal_v2.6.3	CDS	45606	46403	130.6	-	0	ID=8_57;partial=00;start_type=ATG;rbs_motif=GGA/GAG/AGG;rbs_spacer=5-10bp;gc_cont=0.406;conf=100.00;score=130.61;cscore=121.73;sscore=8.89;rscore=3.13;uscore=-4.42;tscore=4.47;
NZ_CADHBV010000008.1	Prodigal_v2.6.3	CDS	46403	46882	58.6	-	0	ID=8_58;partial=00;start_type=ATG;rbs_motif=GGAG/GAGG;rbs_spacer=5-10bp;gc_cont=0.469;conf=100.00;score=58.60;cscore=45.95;sscore=12.65;rscore=6.22;uscore=0.68;tscore=4.47;
NZ_CADHBV010000008.1	Prodigal_v2.6.3	CDS	46882	47283	48.2	-	0	ID=8_59;partial=00;start_type=ATG;rbs_motif=AGGAG/GGAGG;rbs_spacer=11-12bp;gc_cont=0.386;conf=100.00;score=48.18;cscore=36.92;sscore=11.26;rscore=5.28;uscore=1.51;tscore=4.47;
NZ_CADHBV010000008.1	Prodigal_v2.6.3	CDS	47391	48080	142.9	-	0	ID=8_60;partial=00;start_type=ATG;rbs_motif=AGGAG;rbs_spacer=5-10bp;gc_cont=0.442;conf=100.00;score=142.88;cscore=123.54;sscore=19.35;rscore=13.58;uscore=-1.75;tscore=4.47;
NZ_CADHBV010000008.1	Prodigal_v2.6.3	CDS	48077	48541	23.0	-	0	ID=8_61;partial=00;start_type=GTG;rbs_motif=None;rbs_spacer=None;gc_cont=0.391;conf=99.49;score=22.95;cscore=38.69;sscore=-15.74;rscore=-6.18;uscore=-3.22;tscore=-7.55;
NZ_CADHBV010000008.1	Prodigal_v2.6.3	CDS	48531	49136	84.1	-	0	ID=8_62;partial=00;start_type=ATG;rbs_motif=GGA/GAG/AGG;rbs_spacer=5-10bp;gc_cont=0.439;conf=100.00;score=84.12;cscore=75.40;sscore=8.72;rscore=3.13;uscore=-0.12;tscore=4.47;
NZ_CADHBV010000008.1	Prodigal_v2.6.3	CDS	49140	49697	121.4	-	0	ID=8_63;partial=00;start_type=ATG;rbs_motif=AGGA;rbs_spacer=5-10bp;gc_cont=0.410;conf=100.00;score=121.38;cscore=102.34;sscore=19.04;rscore=12.54;uscore=0.74;tscore=4.47;
NZ_CADHBV010000008.1	Prodigal_v2.6.3	CDS	49697	50290	95.0	-	0	ID=8_64;partial=00;start_type=ATG;rbs_motif=AGGA;rbs_spacer=5-10bp;gc_cont=0.428;conf=100.00;score=94.97;cscore=77.60;sscore=17.37;rscore=12.54;uscore=1.01;tscore=4.47;
NZ_CADHBV010000008.1	Prodigal_v2.6.3	CDS	50414	51151	67.2	+	0	ID=8_65;partial=00;start_type=TTG;rbs_motif=AGxAGG/AGGxGG;rbs_spacer=5-10bp;gc_cont=0.362;conf=100.00;score=67.22;cscore=71.77;sscore=-4.55;rscore=4.39;uscore=-2.63;tscore=-6.31;
NZ_CADHBV010000008.1	Prodigal_v2.6.3	CDS	51222	52202	159.3	+	0	ID=8_66;partial=00;start_type=ATG;rbs_motif=GGA/GAG/AGG;rbs_spacer=5-10bp;gc_cont=0.400;conf=100.00;score=159.28;cscore=149.33;sscore=9.95;rscore=3.13;uscore=2.34;tscore=4.47;
NZ_CADHBV010000008.1	Prodigal_v2.6.3	CDS	52203	53984	277.9	+	0	ID=8_67;partial=00;start_type=ATG;rbs_motif=None;rbs_spacer=None;gc_cont=0.391;conf=99.99;score=277.85;cscore=278.44;sscore=-0.59;rscore=-6.18;uscore=-0.15;tscore=4.47;
NZ_CADHBV010000008.1	Prodigal_v2.6.3	CDS	53981	55027	158.7	+	0	ID=8_68;partial=00;start_type=ATG;rbs_motif=GGA/GAG/AGG;rbs_spacer=5-10bp;gc_cont=0.410;conf=100.00;score=158.72;cscore=148.27;sscore=10.46;rscore=3.13;uscore=1.56;tscore=4.47;
NZ_CADHBV010000008.1	Prodigal_v2.6.3	CDS	55036	55626	92.9	+	0	ID=8_69;partial=00;start_type=ATG;rbs_motif=GGAG/GAGG;rbs_spacer=5-10bp;gc_cont=0.386;conf=100.00;score=92.89;cscore=80.42;sscore=12.47;rscore=6.22;uscore=0.60;tscore=4.47;
NZ_CADHBV010000008.1	Prodigal_v2.6.3	CDS	55634	56425	95.1	+	0	ID=8_70;partial=00;start_type=ATG;rbs_motif=3Base/5BMM;rbs_spacer=13-15bp;gc_cont=0.407;conf=100.00;score=95.15;cscore=92.17;sscore=2.98;rscore=-5.81;uscore=3.13;tscore=4.47;
NZ_CADHBV010000008.1	Prodigal_v2.6.3	CDS	56425	58344	293.4	+	0	ID=8_71;partial=00;start_type=ATG;rbs_motif=None;rbs_spacer=None;gc_cont=0.375;conf=99.99;score=293.41;cscore=287.66;sscore=5.76;rscore=-6.18;uscore=-1.37;tscore=4.47;
NZ_CADHBV010000008.1	Prodigal_v2.6.3	CDS	58350	59372	179.5	+	0	ID=8_72;partial=00;start_type=ATG;rbs_motif=AGGA;rbs_spacer=5-10bp;gc_cont=0.368;conf=99.99;score=179.46;cscore=160.20;sscore=19.25;rscore=12.54;uscore=1.02;tscore=4.47;
NZ_CADHBV010000008.1	Prodigal_v2.6.3	CDS	59525	59953	80.3	+	0	ID=8_73;partial=00;start_type=ATG;rbs_motif=AGGAG;rbs_spacer=5-10bp;gc_cont=0.394;conf=100.00;score=80.34;cscore=61.16;sscore=19.17;rscore=13.58;uscore=1.12;tscore=4.47;
NZ_CADHBV010000008.1	Prodigal_v2.6.3	CDS	59963	60508	70.2	+	0	ID=8_74;partial=00;start_type=ATG;rbs_motif=GGA/GAG/AGG;rbs_spacer=5-10bp;gc_cont=0.451;conf=100.00;score=70.16;cscore=62.38;sscore=7.78;rscore=3.13;uscore=-1.00;tscore=4.47;
NZ_CADHBV010000008.1	Prodigal_v2.6.3	CDS	60531	60788	40.8	+	0	ID=8_75;partial=00;start_type=ATG;rbs_motif=AGGAG;rbs_spacer=5-10bp;gc_cont=0.415;conf=99.99;score=40.79;cscore=21.70;sscore=19.09;rscore=13.58;uscore=0.00;tscore=4.47;
# Sequence Data: seqnum=9;seqlen=59887;seqhdr="NZ_CADHBV010000009.1 Helicobacter pylori isolate clinical, whole genome shotgun sequence"
# Model Data: version=Prodigal.v2.6.3;run_type=Single;model="Ab initio";gc_cont=38.94;transl_table=11;uses_sd=1
NZ_CADHBV010000009.1	Prodigal_v2.6.3	CDS	1	111	5.3	+	0	ID=9_1;partial=10;start_type=Edge;rbs_motif=None;rbs_spacer=None;gc_cont=0.360;conf=77.23;score=5.31;cscore=2.09;sscore=3.22;rscore=0.00;uscore=0.00;tscore=3.22;
NZ_CADHBV010000009.1	Prodigal_v2.6.3	CDS	179	385	37.7	-	0	ID=9_2;partial=00;start_type=ATG;rbs_motif=AGGA;rbs_spacer=5-10bp;gc_cont=0.391;conf=99.98;score=37.69;cscore=24.72;sscore=12.97;rscore=10.23;uscore=-0.26;tscore=3.65;
NZ_CADHBV010000009.1	Prodigal_v2.6.3	CDS	532	1113	67.7	+	0	ID=9_3;partial=00;start_type=ATG;rbs_motif=None;rbs_spacer=None;gc_cont=0.378;conf=100.00;score=67.66;cscore=68.74;sscore=-1.08;rscore=-6.18;uscore=0.63;tscore=4.47;
NZ_CADHBV010000009.1	Prodigal_v2.6.3	CDS	1110	2255	183.8	+	0	ID=9_4;partial=00;start_type=ATG;rbs_motif=AGGA;rbs_spacer=5-10bp;gc_cont=0.365;conf=99.99;score=183.77;cscore=165.46;sscore=18.31;rscore=12.54;uscore=-3.36;tscore=4.47;
NZ_CADHBV010000009.1	Prodigal_v2.6.3	CDS	2242	3174	141.5	+	0	ID=9_5;partial=00;start_type=ATG;rbs_motif=AGGAG;rbs_spacer=5-10bp;gc_cont=0.388;conf=100.00;score=141.52;cscore=123.55;sscore=17.97;rscore=13.58;uscore=-1.26;tscore=4.47;
NZ_CADHBV010000009.1	Prodigal_v2.6.3	CDS	3175	3717	93.3	+	0	ID=9_6;partial=00;start_type=ATG;rbs_motif=GGA/GAG/AGG;rbs_spacer=11-12bp;gc_cont=0.383;conf=100.00;score=93.31;cscore=88.59;sscore=4.73;rscore=-2.12;uscore=1.10;tscore=4.47;
NZ_CADHBV010000009.1	Prodigal_v2.6.3	CDS	3733	4644	130.9	+	0	ID=9_7;partial=00;start_type=ATG;rbs_motif=3Base/5BMM;rbs_spacer=13-15bp;gc_cont=0.375;conf=100.00;score=130.91;cscore=129.30;sscore=1.61;rscore=-5.81;uscore=1.85;tscore=4.47;
NZ_CADHBV010000009.1	Prodigal_v2.6.3	CDS	4641	5444	128.6	+	0	ID=9_8;partial=00;start_type=ATG;rbs_motif=GGA/GAG/AGG;rbs_spacer=5-10bp;gc_cont=0.422;conf=100.00;score=128.62;cscore=117.27;sscore=11.35;rscore=3.13;uscore=2.45;tscore=4.47;
NZ_CADHBV010000009.1	Prodigal_v2.6.3	CDS	5441	6100	84.0	+	0	ID=9_9;partial=00;start_type=GTG;rbs_motif=GGAG/GAGG;rbs_spacer=5-10bp;gc_cont=0.406;conf=100.00;score=84.03;cscore=83.69;sscore=0.34;rscore=6.22;uscore=0.39;tscore=-7.55;
NZ_CADHBV010000009.1	Prodigal_v2.6.3	CDS	6104	6706	79.0	+	0	ID=9_10;partial=00;start_type=ATG;rbs_motif=GGA/GAG/AGG;rbs_spacer=5-10bp;gc_cont=0.376;conf=100.00;score=78.99;cscore=72.92;sscore=6.07;rscore=3.13;uscore=-2.78;tscore=4.47;
NZ_CADHBV010000009.1	Prodigal_v2.6.3	CDS	6703	7458	80.5	+	0	ID=9_11;partial=00;start_type=ATG;rbs_motif=None;rbs_spacer=None;gc_cont=0.372;conf=100.00;score=80.46;cscore=74.69;sscore=5.77;rscore=-6.18;uscore=-2.08;tscore=4.47;
NZ_CADHBV010000009.1	Prodigal_v2.6.3	CDS	7555	8040	69.8	+	0	ID=9_12;partial=00;start_type=ATG;rbs_motif=GGA/GAG/AGG;rbs_spacer=5-10bp;gc_cont=0.432;conf=100.00;score=69.77;cscore=61.34;sscore=8.43;rscore=3.13;uscore=0.82;tscore=4.47;
NZ_CADHBV010000009.1	Prodigal_v2.6.3	CDS	8130	8360	2.6	+	0	ID=9_13;partial=00;start_type=TTG;rbs_motif=None;rbs_spacer=None;gc_cont=0.342;conf=64.60;score=2.62;cscore=13.07;sscore=-10.46;rscore=-6.78;uscore=3.24;tscore=-6.92;
NZ_CADHBV010000009.1	Prodigal_v2.6.3	CDS	8535	9665	74.4	-	0	ID=9_14;partial=00;start_type=ATG;rbs_motif=None;rbs_spacer=None;gc_cont=0.379;conf=100.00;score=74.43;cscore=79.90;sscore=-5.47;rscore=-6.18;uscore=-3.11;tscore=4.47;
NZ_CADHBV010000009.1	Prodigal_v2.6.3	CDS	10177	11886	246.8	-	0	ID=9_15;partial=00;start_type=ATG;rbs_motif=AGGA;rbs_spacer=5-10bp;gc_cont=0.333;conf=99.99;score=246.79;cscore=225.52;sscore=21.27;rscore=12.54;uscore=4.26;tscore=4.47;
NZ_CADHBV010000009.1	Prodigal_v2.6.3	CDS	11959	12672	82.3	-	0	ID=9_16;partial=00;start_type=ATG;rbs_motif=None;rbs_spacer=None;gc_cont=0.417;conf=100.00;score=82.32;cscore=84.24;sscore=-1.92;rscore=-6.18;uscore=-1.36;tscore=4.47;
NZ_CADHBV010000009.1	Prodigal_v2.6.3	CDS	12656	13426	136.5	-	0	ID=9_17;partial=00;start_type=ATG;rbs_motif=AGGA/GGAG/GAGG;rbs_spacer=11-12bp;gc_cont=0.410;conf=100.00;score=136.48;cscore=125.64;sscore=10.84;rscore=3.25;uscore=3.12;tscore=4.47;
NZ_CADHBV010000009.1	Prodigal_v2.6.3	CDS	13494	14627	185.1	-	0	ID=9_18;partial=00;start_type=ATG;rbs_motif=None;rbs_spacer=None;gc_cont=0.407;conf=99.99;score=185.09;cscore=185.21;sscore=-0.12;rscore=-6.18;uscore=0.38;tscore=4.47;
NZ_CADHBV010000009.1	Prodigal_v2.6.3	CDS	14634	15986	231.3	-	0	ID=9_19;partial=00;start_type=ATG;rbs_motif=AGGAG;rbs_spacer=5-10bp;gc_cont=0.433;conf=99.99;score=231.32;cscore=211.61;sscore=19.72;rscore=13.58;uscore=0.83;tscore=4.47;
NZ_CADHBV010000009.1	Prodigal_v2.6.3	CDS	16027	17259	204.4	-	0	ID=9_20;partial=00;start_type=ATG;rbs_motif=GGA/GAG/AGG;rbs_spacer=5-10bp;gc_cont=0.414;conf=99.99;score=204.40;cscore=193.51;sscore=10.89;rscore=3.13;uscore=2.25;tscore=4.47;
NZ_CADHBV010000009.1	Prodigal_v2.6.3	CDS	17282	17659	82.4	-	0	ID=9_21;partial=00;start_type=ATG;rbs_motif=AGGAG;rbs_spacer=5-10bp;gc_cont=0.415;conf=100.00;score=82.42;cscore=62.97;sscore=19.45;rscore=13.58;uscore=2.05;tscore=4.47;
NZ_CADHBV010000009.1	Prodigal_v2.6.3	CDS	18563	20053	184.5	+	0	ID=9_22;partial=00;start_type=GTG;rbs_motif=AGGA;rbs_spacer=5-10bp;gc_cont=0.413;conf=99.99;score=184.50;cscore=177.35;sscore=7.16;rscore=12.54;uscore=2.17;tscore=-7.55;
NZ_CADHBV010000009.1	Prodigal_v2.6.3	CDS	20531	20692	10.8	+	0	ID=9_23;partial=00;start_type=ATG;rbs_motif=GGA/GAG/AGG;rbs_spacer=5-10bp;gc_cont=0.389;conf=92.25;score=10.77;cscore=8.26;sscore=2.51;rscore=1.99;uscore=-1.68;tscore=2.84;
NZ_CADHBV010000009.1	Prodigal_v2.6.3	CDS	21055	22068	159.2	-	0	ID=9_24;partial=00;start_type=ATG;rbs_motif=AGGAG;rbs_spacer=5-10bp;gc_cont=0.356;conf=100.00;score=159.16;cscore=138.70;sscore=20.46;rscore=13.58;uscore=1.23;tscore=4.47;
NZ_CADHBV010000009.1	Prodigal_v2.6.3	CDS	22078	22530	56.6	-	0	ID=9_25;partial=00;start_type=ATG;rbs_motif=None;rbs_spacer=None;gc_cont=0.369;conf=100.00;score=56.62;cscore=54.84;sscore=1.78;rscore=-6.18;uscore=2.36;tscore=4.47;
NZ_CADHBV010000009.1	Prodigal_v2.6.3	CDS	22544	23413	140.3	-	0	ID=9_26;partial=00;start_type=ATG;rbs_motif=AGGA;rbs_spacer=5-10bp;gc_cont=0.429;conf=100.00;score=140.26;cscore=120.73;sscore=19.53;rscore=12.54;uscore=3.17;tscore=4.47;
NZ_CADHBV010000009.1	Prodigal_v2.6.3	CDS	23494	24108	92.7	+	0	ID=9_27;partial=00;start_type=ATG;rbs_motif=GGA/GAG/AGG;rbs_spacer=5-10bp;gc_cont=0.389;conf=100.00;score=92.68;cscore=83.71;sscore=8.97;rscore=3.13;uscore=1.36;tscore=4.47;
NZ_CADHBV010000009.1	Prodigal_v2.6.3	CDS	24119	24775	103.7	+	0	ID=9_28;partial=00;start_type=ATG;rbs_motif=GGA/GAG/AGG;rbs_spacer=5-10bp;gc_cont=0.387;conf=100.00;score=103.72;cscore=97.12;sscore=6.60;rscore=3.13;uscore=-2.17;tscore=4.47;
NZ_CADHBV010000009.1	Prodigal_v2.6.3	CDS	24897	25463	102.4	-	0	ID=9_29;partial=00;start_type=TTG;rbs_motif=AGGAG;rbs_spacer=5-10bp;gc_cont=0.392;conf=100.00;score=102.38;cscore=92.75;sscore=9.63;rscore=13.58;uscore=2.36;tscore=-6.31;
NZ_CADHBV010000009.1	Prodigal_v2.6.3	CDS	25523	26155	87.9	-	0	ID=9_30;partial=00;start_type=ATG;rbs_motif=AGGA;rbs_spacer=5-10bp;gc_cont=0.400;conf=100.00;score=87.89;cscore=65.64;sscore=22.26;rscore=12.54;uscore=3.95;tscore=4.47;
NZ_CADHBV010000009.1	Prodigal_v2.6.3	CDS	26152	27006	135.0	-	0	ID=9_31;partial=00;start_type=ATG;rbs_motif=AGGA;rbs_spacer=5-10bp;gc_cont=0.398;conf=100.00;score=134.99;cscore=115.76;sscore=19.23;rscore=12.54;uscore=1.04;tscore=4.47;
NZ_CADHBV010000009.1	Prodigal_v2.6.3	CDS	27016	27744	130.0	-	0	ID=9_32;partial=00;start_type=ATG;rbs_motif=AGGA;rbs_spacer=5-10bp;gc_cont=0.392;conf=100.00;score=130.02;cscore=110.11;sscore=19.90;rscore=12.54;uscore=1.80;tscore=4.47;
NZ_CADHBV010000009.1	Prodigal_v2.6.3	CDS	27762	28943	134.4	-	0	ID=9_33;partial=00;start_type=TTG;rbs_motif=None;rbs_spacer=None;gc_cont=0.398;conf=100.00;score=134.41;cscore=145.42;sscore=-11.01;rscore=-6.18;uscore=0.21;tscore=-6.31;
NZ_CADHBV010000009.1	Prodigal_v2.6.3	CDS	28944	29726	148.1	-	0	ID=9_34;partial=00;start_type=ATG;rbs_motif=AGGA;rbs_spacer=5-10bp;gc_cont=0.381;conf=100.00;score=148.13;cscore=130.59;sscore=17.54;rscore=12.54;uscore=-0.65;tscore=4.47;
NZ_CADHBV010000009.1	Prodigal_v2.6.3	CDS	29736	30467	101.4	-	0	ID=9_35;partial=00;start_type=ATG;rbs_motif=GGA/GAG/AGG;rbs_spacer=5-10bp;gc_cont=0.396;conf=100.00;score=101.44;cscore=90.96;sscore=10.48;rscore=3.13;uscore=1.61;tscore=4.47;
NZ_CADHBV010000009.1	Prodigal_v2.6.3	CDS	30469	31365	160.1	-	0	ID=9_36;partial=00;start_type=ATG;rbs_motif=AGGA;rbs_spacer=5-10bp;gc_cont=0.423;conf=100.00;score=160.07;cscore=142.86;sscore=17.21;rscore=12.54;uscore=-0.94;tscore=4.47;
NZ_CADHBV010000009.1	Prodigal_v2.6.3	CDS	31379	32317	159.4	-	0	ID=9_37;partial=00;start_type=ATG;rbs_motif=AGGA;rbs_spacer=5-10bp;gc_cont=0.449;conf=100.00;score=159.35;cscore=139.03;sscore=20.32;rscore=12.54;uscore=2.35;tscore=4.47;
NZ_CADHBV010000009.1	Prodigal_v2.6.3	CDS	32347	32508	0.2	-	0	ID=9_38;partial=00;start_type=ATG;rbs_motif=GGA/GAG/AGG;rbs_spacer=5-10bp;gc_cont=0.333;conf=51.06;score=0.18;cscore=-5.11;sscore=5.29;rscore=1.99;uscore=0.96;tscore=2.84;
NZ_CADHBV010000009.1	Prodigal_v2.6.3	CDS	32456	34060	253.2	-	0	ID=9_39;partial=00;start_type=ATG;rbs_motif=GGA/GAG/AGG;rbs_spacer=5-10bp;gc_cont=0.379;conf=99.99;score=253.21;cscore=243.33;sscore=9.89;rscore=3.13;uscore=1.00;tscore=4.47;
NZ_CADHBV010000009.1	Prodigal_v2.6.3	CDS	34060	36384	404.4	-	0	ID=9_40;partial=00;start_type=ATG;rbs_motif=AGGA;rbs_spacer=5-10bp;gc_cont=0.398;conf=99.99;score=404.40;cscore=383.58;sscore=20.82;rscore=12.54;uscore=2.56;tscore=4.47;
NZ_CADHBV010000009.1	Prodigal_v2.6.3	CDS	36387	38033	297.4	-	0	ID=9_41;partial=00;start_type=ATG;rbs_motif=AGGA;rbs_spacer=5-10bp;gc_cont=0.375;conf=99.99;score=297.36;cscore=277.68;sscore=19.67;rscore=12.54;uscore=3.31;tscore=4.47;
NZ_CADHBV010000009.1	Prodigal_v2.6.3	CDS	38300	38581	55.7	-	0	ID=9_42;partial=00;start_type=ATG;rbs_motif=GGA/GAG/AGG;rbs_spacer=5-10bp;gc_cont=0.351;conf=100.00;score=55.65;cscore=43.80;sscore=11.85;rscore=3.13;uscore=3.08;tscore=4.47;
NZ_CADHBV010000009.1	Prodigal_v2.6.3	CDS	38592	41651	543.8	-	0	ID=9_43;partial=00;start_type=ATG;rbs_motif=GGA/GAG/AGG;rbs_spacer=5-10bp;gc_cont=0.420;conf=99.99;score=543.77;cscore=533.33;sscore=10.44;rscore=3.13;uscore=1.55;tscore=4.47;
NZ_CADHBV010000009.1	Prodigal_v2.6.3	CDS	41651	42730	207.7	-	0	ID=9_44;partial=00;start_type=TTG;rbs_motif=AGGAG;rbs_spacer=5-10bp;gc_cont=0.402;conf=99.99;score=207.69;cscore=199.12;sscore=8.57;rscore=13.58;uscore=-1.12;tscore=-6.31;
NZ_CADHBV010000009.1	Prodigal_v2.6.3	CDS	42727	43968	222.1	-	0	ID=9_45;partial=00;start_type=ATG;rbs_motif=GGxGG;rbs_spacer=11-12bp;gc_cont=0.390;conf=99.99;score=222.11;cscore=219.88;sscore=2.23;rscore=-0.84;uscore=-2.18;tscore=4.47;
NZ_CADHBV010000009.1	Prodigal_v2.6.3	CDS	44015	46120	367.9	-	0	ID=9_46;partial=00;start_type=TTG;rbs_motif=GGAG/GAGG;rbs_spacer=5-10bp;gc_cont=0.371;conf=99.99;score=367.86;cscore=367.05;sscore=0.81;rscore=6.22;uscore=1.55;tscore=-6.31;
NZ_CADHBV010000009.1	Prodigal_v2.6.3	CDS	46233	47306	144.3	+	0	ID=9_47;partial=00;start_type=TTG;rbs_motif=GGA/GAG/AGG;rbs_spacer=5-10bp;gc_cont=0.401;conf=100.00;score=144.29;cscore=144.64;sscore=-0.35;rscore=3.13;uscore=2.82;tscore=-6.31;
NZ_CADHBV010000009.1	Prodigal_v2.6.3	CDS	47319	48794	233.1	+	0	ID=9_48;partial=00;start_type=ATG;rbs_motif=None;rbs_spacer=None;gc_cont=0.417;conf=99.99;score=233.14;cscore=237.31;sscore=-4.17;rscore=-6.18;uscore=-3.60;tscore=4.47;
NZ_CADHBV010000009.1	Prodigal_v2.6.3	CDS	48809	49090	57.9	+	0	ID=9_49;partial=00;start_type=ATG;rbs_motif=AGGA;rbs_spacer=5-10bp;gc_cont=0.379;conf=100.00;score=57.91;cscore=40.51;sscore=17.40;rscore=12.54;uscore=-0.74;tscore=4.47;
NZ_CADHBV010000009.1	Prodigal_v2.6.3	CDS	49186	50505	192.1	-	0	ID=9_50;partial=00;start_type=ATG;rbs_motif=GGA/GAG/AGG;rbs_spacer=5-10bp;gc_cont=0.400;conf=99.99;score=192.10;cscore=182.02;sscore=10.08;rscore=3.13;uscore=3.13;tscore=4.47;
NZ_CADHBV010000009.1	Prodigal_v2.6.3	CDS	50635	52098	242.6	+	0	ID=9_51;partial=00;start_type=ATG;rbs_motif=GGA/GAG/AGG;rbs_spacer=5-10bp;gc_cont=0.372;conf=99.99;score=242.61;cscore=232.90;sscore=9.71;rscore=3.13;uscore=2.10;tscore=4.47;
NZ_CADHBV010000009.1	Prodigal_v2.6.3	CDS	52114	53595	246.4	+	0	ID=9_52;partial=00;start_type=ATG;rbs_motif=GGA/GAG/AGG;rbs_spacer=5-10bp;gc_cont=0.416;conf=99.99;score=246.44;cscore=233.25;sscore=13.19;rscore=3.13;uscore=4.47;tscore=4.47;
NZ_CADHBV010000009.1	Prodigal_v2.6.3	CDS	53726	54883	180.7	+	0	ID=9_53;partial=00;start_type=ATG;rbs_motif=GGA/GAG/AGG;rbs_spacer=5-10bp;gc_cont=0.437;conf=99.99;score=180.71;cscore=173.62;sscore=7.08;rscore=3.13;uscore=-0.52;tscore=4.47;
NZ_CADHBV010000009.1	Prodigal_v2.6.3	CDS	55242	56135	98.4	-	0	ID=9_54;partial=00;start_type=ATG;rbs_motif=GGA/GAG/AGG;rbs_spacer=5-10bp;gc_cont=0.375;conf=100.00;score=98.41;cscore=88.59;sscore=9.82;rscore=3.13;uscore=2.22;tscore=4.47;
NZ_CADHBV010000009.1	Prodigal_v2.6.3	CDS	56117	56650	39.3	-	0	ID=9_55;partial=00;start_type=ATG;rbs_motif=None;rbs_spacer=None;gc_cont=0.376;conf=99.99;score=39.30;cscore=40.52;sscore=-1.22;rscore=-6.18;uscore=0.49;tscore=4.47;
NZ_CADHBV010000009.1	Prodigal_v2.6.3	CDS	56816	57640	105.5	-	0	ID=9_56;partial=00;start_type=ATG;rbs_motif=AGGA;rbs_spacer=5-10bp;gc_cont=0.381;conf=100.00;score=105.49;cscore=90.77;sscore=14.72;rscore=12.54;uscore=-1.65;tscore=4.47;
NZ_CADHBV010000009.1	Prodigal_v2.6.3	CDS	58481	58726	20.8	-	0	ID=9_57;partial=00;start_type=ATG;rbs_motif=AGGA;rbs_spacer=5-10bp;gc_cont=0.329;conf=99.17;score=20.83;cscore=5.81;sscore=15.02;rscore=12.19;uscore=-2.59;tscore=4.35;
NZ_CADHBV010000009.1	Prodigal_v2.6.3	CDS	58745	59116	3.2	-	0	ID=9_58;partial=00;start_type=ATG;rbs_motif=None;rbs_spacer=None;gc_cont=0.401;conf=67.58;score=3.19;cscore=5.08;sscore=-1.89;rscore=-6.18;uscore=-0.18;tscore=4.47;
# Sequence Data: seqnum=10;seqlen=57884;seqhdr="NZ_CADHBV010000010.1 Helicobacter pylori isolate clinical, whole genome shotgun sequence"
# Model Data: version=Prodigal.v2.6.3;run_type=Single;model="Ab initio";gc_cont=38.94;transl_table=11;uses_sd=1
NZ_CADHBV010000010.1	Prodigal_v2.6.3	CDS	2	208	29.5	+	0	ID=10_1;partial=10;start_type=Edge;rbs_motif=None;rbs_spacer=None;gc_cont=0.420;conf=99.89;score=29.49;cscore=26.27;sscore=3.22;rscore=0.00;uscore=0.00;tscore=3.22;
NZ_CADHBV010000010.1	Prodigal_v2.6.3	CDS	972	1202	52.2	-	0	ID=10_2;partial=00;start_type=ATG;rbs_motif=AGGAG;rbs_spacer=5-10bp;gc_cont=0.368;conf=100.00;score=52.17;cscore=32.58;sscore=19.58;rscore=12.38;uscore=3.77;tscore=4.08;
NZ_CADHBV010000010.1	Prodigal_v2.6.3	CDS	1322	3865	456.4	+	0	ID=10_3;partial=00;start_type=ATG;rbs_motif=AGGA;rbs_spacer=5-10bp;gc_cont=0.427;conf=99.99;score=456.37;cscore=438.39;sscore=17.97;rscore=12.54;uscore=0.96;tscore=4.47;
NZ_CADHBV010000010.1	Prodigal_v2.6.3	CDS	3867	4439	79.6	+	0	ID=10_4;partial=00;start_type=ATG;rbs_motif=GGAG/GAGG;rbs_spacer=5-10bp;gc_cont=0.422;conf=100.00;score=79.56;cscore=67.63;sscore=11.93;rscore=6.22;uscore=-0.02;tscore=4.47;
NZ_CADHBV010000010.1	Prodigal_v2.6.3	CDS	4549	5013	18.7	+	0	ID=10_5;partial=00;start_type=ATG;rbs_motif=GGA/GAG/AGG;rbs_spacer=5-10bp;gc_cont=0.376;conf=98.65;score=18.67;cscore=11.28;sscore=7.40;rscore=3.13;uscore=-0.21;tscore=4.47;
NZ_CADHBV010000010.1	Prodigal_v2.6.3	CDS	5506	6510	172.7	-	0	ID=10_6;partial=00;start_type=ATG;rbs_motif=AGGAG;rbs_spacer=5-10bp;gc_cont=0.453;conf=100.00;score=172.69;cscore=153.20;sscore=19.50;rscore=13.58;uscore=1.44;tscore=4.47;
NZ_CADHBV010000010.1	Prodigal_v2.6.3	CDS	6675	7802	184.9	-	0	ID=10_7;partial=00;start_type=ATG;rbs_motif=GGA/GAG/AGG;rbs_spacer=5-10bp;gc_cont=0.434;conf=99.99;score=184.88;cscore=174.57;sscore=10.31;rscore=3.13;uscore=1.42;tscore=4.47;
NZ_CADHBV010000010.1	Prodigal_v2.6.3	CDS	7802	8353	99.5	-	0	ID=10_8;partial=00;start_type=ATG;rbs_motif=GGA/GAG/AGG;rbs_spacer=5-10bp;gc_cont=0.364;conf=100.00;score=99.52;cscore=84.61;sscore=14.91;rscore=3.13;uscore=7.30;tscore=4.47;
NZ_CADHBV010000010.1	Prodigal_v2.6.3	CDS	8432	9679	152.5	-	0	ID=10_9;partial=00;start_type=ATG;rbs_motif=None;rbs_spacer=None;gc_cont=0.387;conf=100.00;score=152.45;cscore=153.80;sscore=-1.35;rscore=-6.18;uscore=-0.88;tscore=4.47;
NZ_CADHBV010000010.1	Prodigal_v2.6.3	CDS	9683	10579	104.6	-	0	ID=10_10;partial=00;start_type=ATG;rbs_motif=GGA/GAG/AGG;rbs_spacer=5-10bp;gc_cont=0.414;conf=100.00;score=104.64;cscore=96.23;sscore=8.41;rscore=3.13;uscore=1.46;tscore=4.47;
NZ_CADHBV010000010.1	Prodigal_v2.6.3	CDS	10979	11440	80.7	+	0	ID=10_11;partial=00;start_type=ATG;rbs_motif=AGGA;rbs_spacer=5-10bp;gc_cont=0.420;conf=100.00;score=80.71;cscore=59.95;sscore=20.76;rscore=12.54;uscore=3.75;tscore=4.47;
NZ_CADHBV010000010.1	Prodigal_v2.6.3	CDS	11467	12609	156.9	-	0	ID=10_12;partial=00;start_type=ATG;rbs_motif=None;rbs_spacer=None;gc_cont=0.409;conf=100.00;score=156.89;cscore=151.12;sscore=5.77;rscore=-6.18;uscore=-4.14;tscore=4.47;
NZ_CADHBV010000010.1	Prodigal_v2.6.3	CDS	12606	13262	92.7	-	0	ID=10_13;partial=00;start_type=GTG;rbs_motif=GGA/GAG/AGG;rbs_spacer=5-10bp;gc_cont=0.382;conf=100.00;score=92.74;cscore=95.86;sscore=-3.13;rscore=3.13;uscore=-4.04;tscore=-7.55;
NZ_CADHBV010000010.1	Prodigal_v2.6.3	CDS	13259	13801	69.0	-	0	ID=10_14;partial=00;start_type=ATG;rbs_motif=None;rbs_spacer=None;gc_cont=0.398;conf=100.00;score=68.97;cscore=63.20;sscore=5.77;rscore=-6.18;uscore=-3.81;tscore=4.47;
NZ_CADHBV010000010.1	Prodigal_v2.6.3	CDS	13798	15015	241.3	-	0	ID=10_15;partial=00;start_type=GTG;rbs_motif=AGGA/GGAG/GAGG;rbs_spacer=11-12bp;gc_cont=0.456;conf=99.99;score=241.33;cscore=246.37;sscore=-5.04;rscore=3.25;uscore=-1.99;tscore=-7.55;
NZ_CADHBV010000010.1	Prodigal_v2.6.3	CDS	15017	15484	55.9	-	0	ID=10_16;partial=00;start_type=ATG;rbs_motif=3Base/5BMM;rbs_spacer=13-15bp;gc_cont=0.419;conf=100.00;score=55.93;cscore=57.24;sscore=-1.31;rscore=-5.81;uscore=0.03;tscore=4.47;
NZ_CADHBV010000010.1	Prodigal_v2.6.3	CDS	15645	15935	48.3	-	0	ID=10_17;partial=00;start_type=ATG;rbs_motif=AGGAG;rbs_spacer=5-10bp;gc_cont=0.405;conf=100.00;score=48.28;cscore=30.21;sscore=18.07;rscore=13.58;uscore=0.68;tscore=4.47;
NZ_CADHBV010000010.1	Prodigal_v2.6.3	CDS	16030	17067	180.4	+	0	ID=10_18;partial=00;start_type=ATG;rbs_motif=GGA/GAG/AGG;rbs_spacer=5-10bp;gc_cont=0.383;conf=99.99;score=180.43;cscore=169.21;sscore=11.22;rscore=3.13;uscore=3.61;tscore=4.47;
NZ_CADHBV010000010.1	Prodigal_v2.6.3	CDS	17114	17506	66.8	-	0	ID=10_19;partial=00;start_type=ATG;rbs_motif=AGGA;rbs_spacer=5-10bp;gc_cont=0.382;conf=100.00;score=66.77;cscore=48.11;sscore=18.66;rscore=12.54;uscore=0.87;tscore=4.47;
NZ_CADHBV010000010.1	Prodigal_v2.6.3	CDS	17553	18233	79.7	-	0	ID=10_20;partial=00;start_type=ATG;rbs_motif=None;rbs_spacer=None;gc_cont=0.388;conf=100.00;score=79.74;cscore=81.39;sscore=-1.65;rscore=-6.18;uscore=-1.19;tscore=4.47;
NZ_CADHBV010000010.1	Prodigal_v2.6.3	CDS	18236	18568	84.0	-	0	ID=10_21;partial=00;start_type=ATG;rbs_motif=AGGA;rbs_spacer=5-10bp;gc_cont=0.399;conf=100.00;score=84.00;cscore=64.56;sscore=19.44;rscore=12.54;uscore=3.08;tscore=4.47;
NZ_CADHBV010000010.1	Prodigal_v2.6.3	CDS	18640	21480	447.5	+	0	ID=10_22;partial=00;start_type=GTG;rbs_motif=AGGAG;rbs_spacer=5-10bp;gc_cont=0.398;conf=99.99;score=447.52;cscore=439.93;sscore=7.59;rscore=13.58;uscore=1.57;tscore=-7.55;
NZ_CADHBV010000010.1	Prodigal_v2.6.3	CDS	21520	22224	89.6	+	0	ID=10_23;partial=00;start_type=TTG;rbs_motif=GGA/GAG/AGG;rbs_spacer=5-10bp;gc_cont=0.372;conf=100.00;score=89.63;cscore=89.99;sscore=-0.36;rscore=3.13;uscore=1.97;tscore=-6.31;
NZ_CADHBV010000010.1	Prodigal_v2.6.3	CDS	22218	22904	127.0	+	0	ID=10_24;partial=00;start_type=ATG;rbs_motif=GGA/GAG/AGG;rbs_spacer=5-10bp;gc_cont=0.377;conf=100.00;score=127.01;cscore=117.37;sscore=9.64;rscore=3.13;uscore=0.78;tscore=4.47;
NZ_CADHBV010000010.1	Prodigal_v2.6.3	CDS	23348	23572	31.3	+	0	ID=10_25;partial=00;start_type=ATG;rbs_motif=AGGA;rbs_spacer=5-10bp;gc_cont=0.271;conf=99.92;score=31.28;cscore=14.45;sscore=16.83;rscore=11.14;uscore=2.37;tscore=3.97;
NZ_CADHBV010000010.1	Prodigal_v2.6.3	CDS	23958	24158	14.4	+	0	ID=10_26;partial=00;start_type=ATG;rbs_motif=GGAG/GAGG;rbs_spacer=5-10bp;gc_cont=0.348;conf=96.45;score=14.36;cscore=3.71;sscore=10.65;rscore=4.92;uscore=2.84;tscore=3.54;
NZ_CADHBV010000010.1	Prodigal_v2.6.3	CDS	24542	25816	228.0	+	0	ID=10_27;partial=00;start_type=ATG;rbs_motif=AGGA;rbs_spacer=5-10bp;gc_cont=0.388;conf=99.99;score=228.00;cscore=210.82;sscore=17.17;rscore=12.54;uscore=0.81;tscore=4.47;
NZ_CADHBV010000010.1	Prodigal_v2.6.3	CDS	25865	26344	39.4	+	0	ID=10_28;partial=00;start_type=ATG;rbs_motif=None;rbs_spacer=None;gc_cont=0.360;conf=99.99;score=39.44;cscore=39.57;sscore=-0.13;rscore=-6.18;uscore=0.83;tscore=4.47;
NZ_CADHBV010000010.1	Prodigal_v2.6.3	CDS	26347	28608	354.7	+	0	ID=10_29;partial=00;start_type=ATG;rbs_motif=None;rbs_spacer=None;gc_cont=0.374;conf=99.99;score=354.67;cscore=352.48;sscore=2.19;rscore=-6.18;uscore=2.65;tscore=4.47;
NZ_CADHBV010000010.1	Prodigal_v2.6.3	CDS	28622	29326	129.2	+	0	ID=10_30;partial=00;start_type=TTG;rbs_motif=AGGA;rbs_spacer=5-10bp;gc_cont=0.384;conf=100.00;score=129.23;cscore=125.01;sscore=4.22;rscore=12.54;uscore=-3.14;tscore=-6.31;
NZ_CADHBV010000010.1	Prodigal_v2.6.3	CDS	29329	31395	392.1	+	0	ID=10_31;partial=00;start_type=ATG;rbs_motif=AGGA;rbs_spacer=5-10bp;gc_cont=0.404;conf=99.99;score=392.14;cscore=373.35;sscore=18.79;rscore=12.54;uscore=0.53;tscore=4.47;
NZ_CADHBV010000010.1	Prodigal_v2.6.3	CDS	31477	32583	99.6	-	0	ID=10_32;partial=00;start_type=ATG;rbs_motif=AGGA;rbs_spacer=5-10bp;gc_cont=0.303;conf=100.00;score=99.60;cscore=81.60;sscore=18.01;rscore=12.54;uscore=1.65;tscore=4.47;
NZ_CADHBV010000010.1	Prodigal_v2.6.3	CDS	32846	33163	45.2	+	0	ID=10_33;partial=00;start_type=ATG;rbs_motif=GGAG/GAGG;rbs_spacer=5-10bp;gc_cont=0.453;conf=100.00;score=45.21;cscore=33.11;sscore=12.10;rscore=6.22;uscore=1.41;tscore=4.47;
NZ_CADHBV010000010.1	Prodigal_v2.6.3	CDS	33746	34261	74.2	+	0	ID=10_34;partial=00;start_type=ATG;rbs_motif=GGAG/GAGG;rbs_spacer=5-10bp;gc_cont=0.510;conf=100.00;score=74.20;cscore=59.42;sscore=14.78;rscore=6.22;uscore=4.74;tscore=4.47;
NZ_CADHBV010000010.1	Prodigal_v2.6.3	CDS	34463	35029	46.9	+	0	ID=10_35;partial=00;start_type=ATG;rbs_motif=4Base/6BMM;rbs_spacer=13-15bp;gc_cont=0.369;conf=100.00;score=46.90;cscore=43.63;sscore=3.27;rscore=-2.36;uscore=1.81;tscore=4.47;
NZ_CADHBV010000010.1	Prodigal_v2.6.3	CDS	35038	36027	142.7	+	0	ID=10_36;partial=00;start_type=ATG;rbs_motif=None;rbs_spacer=None;gc_cont=0.383;conf=100.00;score=142.69;cscore=141.10;sscore=1.58;rscore=-6.18;uscore=2.11;tscore=4.47;
NZ_CADHBV010000010.1	Prodigal_v2.6.3	CDS	36232	36900	121.4	+	0	ID=10_37;partial=00;start_type=ATG;rbs_motif=GGA/GAG/AGG;rbs_spacer=5-10bp;gc_cont=0.380;conf=100.00;score=121.44;cscore=110.59;sscore=10.85;rscore=3.13;uscore=3.89;tscore=4.47;
NZ_CADHBV010000010.1	Prodigal_v2.6.3	CDS	36911	38647	246.5	-	0	ID=10_38;partial=00;start_type=ATG;rbs_motif=GGA/GAG/AGG;rbs_spacer=5-10bp;gc_cont=0.381;conf=99.99;score=246.55;cscore=237.04;sscore=9.51;rscore=3.13;uscore=2.55;tscore=4.47;
NZ_CADHBV010000010.1	Prodigal_v2.6.3	CDS	39344	40543	218.1	+	0	ID=10_39;partial=00;start_type=ATG;rbs_motif=AGGAG;rbs_spacer=5-10bp;gc_cont=0.434;conf=99.99;score=218.05;cscore=195.76;sscore=22.29;rscore=13.58;uscore=4.24;tscore=4.47;
NZ_CADHBV010000010.1	Prodigal_v2.6.3	CDS	40577	40735	7.6	+	0	ID=10_40;partial=00;start_type=ATG;rbs_motif=GGA/GAG/AGG;rbs_spacer=5-10bp;gc_cont=0.358;conf=85.05;score=7.56;cscore=-0.09;sscore=7.65;rscore=1.95;uscore=2.49;tscore=2.79;
NZ_CADHBV010000010.1	Prodigal_v2.6.3	CDS	41008	41172	13.5	+	0	ID=10_41;partial=00;start_type=ATG;rbs_motif=GGA/GAG/AGG;rbs_spacer=5-10bp;gc_cont=0.394;conf=95.73;score=13.53;cscore=6.94;sscore=6.59;rscore=2.03;uscore=2.32;tscore=2.90;
NZ_CADHBV010000010.1	Prodigal_v2.6.3	CDS	41202	41729	84.8	+	0	ID=10_42;partial=00;start_type=ATG;rbs_motif=AGGAG;rbs_spacer=5-10bp;gc_cont=0.403;conf=100.00;score=84.79;cscore=66.19;sscore=18.61;rscore=13.58;uscore=-0.40;tscore=4.47;
NZ_CADHBV010000010.1	Prodigal_v2.6.3	CDS	41747	42172	77.4	+	0	ID=10_43;partial=00;start_type=ATG;rbs_motif=AGGAG;rbs_spacer=5-10bp;gc_cont=0.418;conf=100.00;score=77.36;cscore=55.04;sscore=22.32;rscore=13.58;uscore=3.18;tscore=4.47;
NZ_CADHBV010000010.1	Prodigal_v2.6.3	CDS	42217	42921	117.4	+	0	ID=10_44;partial=00;start_type=GTG;rbs_motif=AGGA;rbs_spacer=5-10bp;gc_cont=0.440;conf=100.00;score=117.43;cscore=108.15;sscore=9.27;rscore=12.54;uscore=3.49;tscore=-7.55;
NZ_CADHBV010000010.1	Prodigal_v2.6.3	CDS	43032	43526	84.6	+	0	ID=10_45;partial=00;start_type=ATG;rbs_motif=AGGAG;rbs_spacer=5-10bp;gc_cont=0.410;conf=100.00;score=84.57;cscore=67.22;sscore=17.35;rscore=13.58;uscore=-0.70;tscore=4.47;
NZ_CADHBV010000010.1	Prodigal_v2.6.3	CDS	43571	43948	92.9	+	0	ID=10_46;partial=00;start_type=ATG;rbs_motif=AGGA;rbs_spacer=5-10bp;gc_cont=0.429;conf=100.00;score=92.88;cscore=72.05;sscore=20.83;rscore=12.54;uscore=3.03;tscore=4.47;
NZ_CADHBV010000010.1	Prodigal_v2.6.3	CDS	44170	52842	1674.2	+	0	ID=10_47;partial=00;start_type=ATG;rbs_motif=GGA/GAG/AGG;rbs_spacer=5-10bp;gc_cont=0.436;conf=99.99;score=1674.21;cscore=1664.31;sscore=9.89;rscore=3.13;uscore=2.94;tscore=4.47;
NZ_CADHBV010000010.1	Prodigal_v2.6.3	CDS	52930	53337	53.3	+	0	ID=10_48;partial=00;start_type=GTG;rbs_motif=AGGA;rbs_spacer=5-10bp;gc_cont=0.422;conf=100.00;score=53.30;cscore=44.90;sscore=8.40;rscore=12.54;uscore=3.41;tscore=-7.55;
NZ_CADHBV010000010.1	Prodigal_v2.6.3	CDS	53353	53820	86.2	+	0	ID=10_49;partial=00;start_type=ATG;rbs_motif=AGGA;rbs_spacer=5-10bp;gc_cont=0.442;conf=100.00;score=86.19;cscore=63.81;sscore=22.38;rscore=12.54;uscore=4.25;tscore=4.47;
NZ_CADHBV010000010.1	Prodigal_v2.6.3	CDS	53832	55910	407.0	+	0	ID=10_50;partial=00;start_type=ATG;rbs_motif=GGAG/GAGG;rbs_spacer=5-10bp;gc_cont=0.453;conf=99.99;score=406.99;cscore=398.25;sscore=8.74;rscore=6.22;uscore=-3.10;tscore=4.47;
NZ_CADHBV010000010.1	Prodigal_v2.6.3	CDS	56470	57459	166.6	-	0	ID=10_51;partial=00;start_type=ATG;rbs_motif=AGGAG;rbs_spacer=5-10bp;gc_cont=0.406;conf=100.00;score=166.65;cscore=146.12;sscore=20.52;rscore=13.58;uscore=3.12;tscore=4.47;
NZ_CADHBV010000010.1	Prodigal_v2.6.3	CDS	57679	57882	46.4	+	0	ID=10_52;partial=01;start_type=ATG;rbs_motif=AGGAG;rbs_spacer=5-10bp;gc_cont=0.333;conf=100.00;score=46.36;cscore=29.99;sscore=16.37;rscore=13.58;uscore=-1.68;tscore=4.47;
# Sequence Data: seqnum=11;seqlen=52325;seqhdr="NZ_CADHBV010000011.1 Helicobacter pylori isolate clinical, whole genome shotgun sequence"
# Model Data: version=Prodigal.v2.6.3;run_type=Single;model="Ab initio";gc_cont=38.94;transl_table=11;uses_sd=1
NZ_CADHBV010000011.1	Prodigal_v2.6.3	CDS	73	1821	301.8	+	0	ID=11_1;partial=00;start_type=ATG;rbs_motif=AGGAG;rbs_spacer=5-10bp;gc_cont=0.358;conf=99.99;score=301.82;cscore=282.18;sscore=19.65;rscore=13.58;uscore=1.59;tscore=4.47;
NZ_CADHBV010000011.1	Prodigal_v2.6.3	CDS	1863	3116	178.0	+	0	ID=11_2;partial=00;start_type=ATG;rbs_motif=GGA/GAG/AGG;rbs_spacer=5-10bp;gc_cont=0.362;conf=100.00;score=178.04;cscore=167.72;sscore=10.31;rscore=3.13;uscore=1.88;tscore=4.47;
NZ_CADHBV010000011.1	Prodigal_v2.6.3	CDS	3160	5025	242.1	+	0	ID=11_3;partial=00;start_type=ATG;rbs_motif=AGGA;rbs_spacer=5-10bp;gc_cont=0.370;conf=99.99;score=242.11;cscore=220.83;sscore=21.28;rscore=12.54;uscore=3.46;tscore=4.47;
NZ_CADHBV010000011.1	Prodigal_v2.6.3	CDS	5135	6022	114.2	+	0	ID=11_4;partial=00;start_type=ATG;rbs_motif=AGGAG;rbs_spacer=5-10bp;gc_cont=0.383;conf=100.00;score=114.25;cscore=93.48;sscore=20.77;rscore=13.58;uscore=2.72;tscore=4.47;
NZ_CADHBV010000011.1	Prodigal_v2.6.3	CDS	6156	8003	354.8	-	0	ID=11_5;partial=00;start_type=ATG;rbs_motif=AGGA;rbs_spacer=5-10bp;gc_cont=0.404;conf=99.99;score=354.78;cscore=340.00;sscore=14.78;rscore=12.54;uscore=-3.35;tscore=4.47;
NZ_CADHBV010000011.1	Prodigal_v2.6.3	CDS	8018	9187	182.9	-	0	ID=11_6;partial=00;start_type=ATG;rbs_motif=GGA/GAG/AGG;rbs_spacer=5-10bp;gc_cont=0.375;conf=99.99;score=182.90;cscore=170.07;sscore=12.83;rscore=3.13;uscore=4.00;tscore=4.47;
NZ_CADHBV010000011.1	Prodigal_v2.6.3	CDS	9192	9620	81.7	-	0	ID=11_7;partial=00;start_type=GTG;rbs_motif=AGGA;rbs_spacer=5-10bp;gc_cont=0.387;conf=100.00;score=81.67;cscore=73.57;sscore=8.10;rscore=12.54;uscore=2.02;tscore=-7.55;
NZ_CADHBV010000011.1	Prodigal_v2.6.3	CDS	9637	10422	107.4	-	0	ID=11_8;partial=00;start_type=ATG;rbs_motif=None;rbs_spacer=None;gc_cont=0.380;conf=100.00;score=107.44;cscore=108.08;sscore=-0.64;rscore=-6.18;uscore=-0.17;tscore=4.47;
NZ_CADHBV010000011.1	Prodigal_v2.6.3	CDS	10426	11433	141.7	-	0	ID=11_9;partial=00;start_type=ATG;rbs_motif=4Base/6BMM;rbs_spacer=13-15bp;gc_cont=0.359;conf=100.00;score=141.71;cscore=138.61;sscore=3.10;rscore=-2.36;uscore=-0.28;tscore=4.47;
NZ_CADHBV010000011.1	Prodigal_v2.6.3	CDS	11434	13386	343.4	-	0	ID=11_10;partial=00;start_type=ATG;rbs_motif=None;rbs_spacer=None;gc_cont=0.391;conf=99.99;score=343.43;cscore=343.09;sscore=0.34;rscore=-6.18;uscore=2.70;tscore=4.47;
NZ_CADHBV010000011.1	Prodigal_v2.6.3	CDS	13555	14724	196.4	+	0	ID=11_11;partial=00;start_type=ATG;rbs_motif=AGGA;rbs_spacer=5-10bp;gc_cont=0.421;conf=99.99;score=196.38;cscore=177.54;sscore=18.84;rscore=12.54;uscore=1.83;tscore=4.47;
NZ_CADHBV010000011.1	Prodigal_v2.6.3	CDS	14727	16598	319.3	-	0	ID=11_12;partial=00;start_type=ATG;rbs_motif=GGA/GAG/AGG;rbs_spacer=11-12bp;gc_cont=0.380;conf=99.99;score=319.29;cscore=314.40;sscore=4.89;rscore=-2.12;uscore=3.19;tscore=4.47;
NZ_CADHBV010000011.1	Prodigal_v2.6.3	CDS	17825	18577	133.0	-	0	ID=11_13;partial=00;start_type=ATG;rbs_motif=AGGA;rbs_spacer=5-10bp;gc_cont=0.382;conf=100.00;score=133.00;cscore=110.40;sscore=22.59;rscore=12.54;uscore=4.39;tscore=4.47;
NZ_CADHBV010000011.1	Prodigal_v2.6.3	CDS	18564	18704	6.6	-	0	ID=11_14;partial=00;start_type=ATG;rbs_motif=GGA/GAG/AGG;rbs_spacer=5-10bp;gc_cont=0.291;conf=82.12;score=6.63;cscore=2.41;sscore=4.22;rscore=1.73;uscore=0.02;tscore=2.47;
NZ_CADHBV010000011.1	Prodigal_v2.6.3	CDS	18661	20187	270.5	-	0	ID=11_15;partial=00;start_type=ATG;rbs_motif=None;rbs_spacer=None;gc_cont=0.419;conf=99.99;score=270.54;cscore=266.47;sscore=4.07;rscore=-6.18;uscore=4.62;tscore=4.47;
NZ_CADHBV010000011.1	Prodigal_v2.6.3	CDS	20198	20689	55.1	-	0	ID=11_16;partial=00;start_type=ATG;rbs_motif=AGGA;rbs_spacer=5-10bp;gc_cont=0.368;conf=100.00;score=55.11;cscore=41.09;sscore=14.02;rscore=12.54;uscore=-3.00;tscore=4.47;
NZ_CADHBV010000011.1	Prodigal_v2.6.3	CDS	20858	23248	336.5	-	0	ID=11_17;partial=00;start_type=ATG;rbs_motif=AGGA;rbs_spacer=5-10bp;gc_cont=0.418;conf=99.99;score=336.48;cscore=319.63;sscore=16.86;rscore=12.54;uscore=-0.16;tscore=4.47;
NZ_CADHBV010000011.1	Prodigal_v2.6.3	CDS	23352	23942	124.2	-	0	ID=11_18;partial=00;start_type=TTG;rbs_motif=AGGA;rbs_spacer=5-10bp;gc_cont=0.364;conf=100.00;score=124.16;cscore=114.71;sscore=9.45;rscore=12.54;uscore=2.22;tscore=-6.31;
NZ_CADHBV010000011.1	Prodigal_v2.6.3	CDS	23968	25290	184.1	-	0	ID=11_19;partial=00;start_type=GTG;rbs_motif=None;rbs_spacer=None;gc_cont=0.410;conf=99.99;score=184.08;cscore=193.99;sscore=-9.90;rscore=-6.18;uscore=2.76;tscore=-7.55;
NZ_CADHBV010000011.1	Prodigal_v2.6.3	CDS	25309	25623	66.0	-	0	ID=11_20;partial=00;start_type=ATG;rbs_motif=GGAG/GAGG;rbs_spacer=5-10bp;gc_cont=0.371;conf=100.00;score=66.02;cscore=50.35;sscore=15.67;rscore=6.22;uscore=5.63;tscore=4.47;
NZ_CADHBV010000011.1	Prodigal_v2.6.3	CDS	25704	26690	157.7	+	0	ID=11_21;partial=00;start_type=TTG;rbs_motif=AGGA;rbs_spacer=5-10bp;gc_cont=0.404;conf=100.00;score=157.71;cscore=144.75;sscore=12.96;rscore=12.54;uscore=6.73;tscore=-6.31;
NZ_CADHBV010000011.1	Prodigal_v2.6.3	CDS	26690	28984	365.3	+	0	ID=11_22;partial=00;start_type=ATG;rbs_motif=GGAG/GAGG;rbs_spacer=5-10bp;gc_cont=0.394;conf=99.99;score=365.29;cscore=353.32;sscore=11.97;rscore=6.22;uscore=-1.24;tscore=4.47;
NZ_CADHBV010000011.1	Prodigal_v2.6.3	CDS	29005	30294	170.2	+	0	ID=11_23;partial=00;start_type=ATG;rbs_motif=AGGA;rbs_spacer=5-10bp;gc_cont=0.391;conf=100.00;score=170.20;cscore=151.59;sscore=18.61;rscore=12.54;uscore=0.54;tscore=4.47;
NZ_CADHBV010000011.1	Prodigal_v2.6.3	CDS	30284	31108	160.8	+	0	ID=11_24;partial=00;start_type=ATG;rbs_motif=GGAG/GAGG;rbs_spacer=5-10bp;gc_cont=0.392;conf=100.00;score=160.83;cscore=148.33;sscore=12.49;rscore=6.22;uscore=0.59;tscore=4.47;
NZ_CADHBV010000011.1	Prodigal_v2.6.3	CDS	31229	32899	321.4	+	0	ID=11_25;partial=00;start_type=ATG;rbs_motif=GGA/GAG/AGG;rbs_spacer=5-10bp;gc_cont=0.408;conf=99.99;score=321.37;cscore=311.55;sscore=9.82;rscore=3.13;uscore=2.21;tscore=4.47;
NZ_CADHBV010000011.1	Prodigal_v2.6.3	CDS	32928	33440	77.9	+	0	ID=11_26;partial=00;start_type=ATG;rbs_motif=GGA/GAG/AGG;rbs_spacer=5-10bp;gc_cont=0.337;conf=100.00;score=77.88;cscore=65.39;sscore=12.50;rscore=3.13;uscore=3.92;tscore=4.47;
NZ_CADHBV010000011.1	Prodigal_v2.6.3	CDS	33456	35030	286.0	+	0	ID=11_27;partial=00;start_type=ATG;rbs_motif=AGGA;rbs_spacer=5-10bp;gc_cont=0.411;conf=99.99;score=285.97;cscore=266.22;sscore=19.75;rscore=12.54;uscore=1.63;tscore=4.47;
NZ_CADHBV010000011.1	Prodigal_v2.6.3	CDS	35040	36890	308.0	+	0	ID=11_28;partial=00;start_type=ATG;rbs_motif=GGA/GAG/AGG;rbs_spacer=5-10bp;gc_cont=0.400;conf=99.99;score=308.00;cscore=301.03;sscore=6.97;rscore=3.13;uscore=-1.81;tscore=4.47;
NZ_CADHBV010000011.1	Prodigal_v2.6.3	CDS	36913	37581	88.6	+	0	ID=11_29;partial=00;start_type=ATG;rbs_motif=AGxAG;rbs_spacer=3-4bp;gc_cont=0.387;conf=100.00;score=88.61;cscore=78.49;sscore=10.12;rscore=4.39;uscore=0.22;tscore=4.47;
NZ_CADHBV010000011.1	Prodigal_v2.6.3	CDS	37583	38341	72.6	+	0	ID=11_30;partial=00;start_type=ATG;rbs_motif=None;rbs_spacer=None;gc_cont=0.366;conf=100.00;score=72.56;cscore=74.17;sscore=-1.61;rscore=-6.18;uscore=-1.16;tscore=4.47;
NZ_CADHBV010000011.1	Prodigal_v2.6.3	CDS	38345	39280	197.2	+	0	ID=11_31;partial=00;start_type=ATG;rbs_motif=AGGA;rbs_spacer=5-10bp;gc_cont=0.396;conf=99.99;score=197.17;cscore=176.86;sscore=20.31;rscore=12.54;uscore=2.06;tscore=4.47;
NZ_CADHBV010000011.1	Prodigal_v2.6.3	CDS	39338	41755	493.7	+	0	ID=11_32;partial=00;start_type=ATG;rbs_motif=GGA/GAG/AGG;rbs_spacer=5-10bp;gc_cont=0.427;conf=99.99;score=493.70;cscore=483.14;sscore=10.56;rscore=3.13;uscore=2.30;tscore=4.47;
NZ_CADHBV010000011.1	Prodigal_v2.6.3	CDS	41752	42249	95.2	+	0	ID=11_33;partial=00;start_type=GTG;rbs_motif=AGGAG;rbs_spacer=5-10bp;gc_cont=0.384;conf=100.00;score=95.22;cscore=86.85;sscore=8.37;rscore=13.58;uscore=1.05;tscore=-7.55;
NZ_CADHBV010000011.1	Prodigal_v2.6.3	CDS	42509	43009	99.4	-	0	ID=11_34;partial=00;start_type=ATG;rbs_motif=AGGA;rbs_spacer=5-10bp;gc_cont=0.415;conf=100.00;score=99.43;cscore=80.73;sscore=18.70;rscore=12.54;uscore=2.34;tscore=4.47;
NZ_CADHBV010000011.1	Prodigal_v2.6.3	CDS	43234	43875	113.5	+	0	ID=11_35;partial=00;start_type=ATG;rbs_motif=AGGAG;rbs_spacer=5-10bp;gc_cont=0.400;conf=100.00;score=113.50;cscore=93.18;sscore=20.32;rscore=13.58;uscore=2.27;tscore=4.47;
NZ_CADHBV010000011.1	Prodigal_v2.6.3	CDS	43929	44660	103.6	+	0	ID=11_36;partial=00;start_type=ATG;rbs_motif=None;rbs_spacer=None;gc_cont=0.373;conf=100.00;score=103.63;cscore=103.08;sscore=0.55;rscore=-6.18;uscore=1.56;tscore=4.47;
NZ_CADHBV010000011.1	Prodigal_v2.6.3	CDS	44694	46553	267.1	-	0	ID=11_37;partial=00;start_type=ATG;rbs_motif=None;rbs_spacer=None;gc_cont=0.385;conf=99.99;score=267.08;cscore=264.71;sscore=2.36;rscore=-6.18;uscore=2.91;tscore=4.47;
NZ_CADHBV010000011.1	Prodigal_v2.6.3	CDS	46538	46774	29.7	-	0	ID=11_38;partial=00;start_type=ATG;rbs_motif=None;rbs_spacer=None;gc_cont=0.329;conf=99.89;score=29.73;cscore=28.93;sscore=0.79;rscore=-6.61;uscore=2.07;tscore=4.19;
NZ_CADHBV010000011.1	Prodigal_v2.6.3	CDS	46787	47014	50.7	-	0	ID=11_39;partial=00;start_type=ATG;rbs_motif=GGA/GAG/AGG;rbs_spacer=5-10bp;gc_cont=0.338;conf=100.00;score=50.71;cscore=42.87;sscore=7.84;rscore=2.82;uscore=1.65;tscore=4.03;
NZ_CADHBV010000011.1	Prodigal_v2.6.3	CDS	47218	47964	110.2	+	0	ID=11_40;partial=00;start_type=ATG;rbs_motif=GGAG/GAGG;rbs_spacer=5-10bp;gc_cont=0.363;conf=100.00;score=110.24;cscore=100.07;sscore=10.17;rscore=6.22;uscore=-0.52;tscore=4.47;
NZ_CADHBV010000011.1	Prodigal_v2.6.3	CDS	48007	48531	74.3	-	0	ID=11_41;partial=00;start_type=ATG;rbs_motif=GGA/GAG/AGG;rbs_spacer=5-10bp;gc_cont=0.370;conf=100.00;score=74.28;cscore=66.62;sscore=7.66;rscore=3.13;uscore=0.70;tscore=4.47;
NZ_CADHBV010000011.1	Prodigal_v2.6.3	CDS	48711	49934	184.2	+	0	ID=11_42;partial=00;start_type=ATG;rbs_motif=AGGAG;rbs_spacer=5-10bp;gc_cont=0.393;conf=99.99;score=184.21;cscore=164.89;sscore=19.32;rscore=13.58;uscore=1.27;tscore=4.47;
NZ_CADHBV010000011.1	Prodigal_v2.6.3	CDS	49931	50761	116.2	+	0	ID=11_43;partial=00;start_type=ATG;rbs_motif=GGA/GAG/AGG;rbs_spacer=11-12bp;gc_cont=0.387;conf=100.00;score=116.18;cscore=110.41;sscore=5.77;rscore=-2.12;uscore=-2.59;tscore=4.47;
NZ_CADHBV010000011.1	Prodigal_v2.6.3	CDS	50827	52173	258.6	+	0	ID=11_44;partial=00;start_type=ATG;rbs_motif=AGGA;rbs_spacer=5-10bp;gc_cont=0.438;conf=99.99;score=258.58;cscore=236.11;sscore=22.47;rscore=12.54;uscore=5.46;tscore=4.47;
NZ_CADHBV010000011.1	Prodigal_v2.6.3	CDS	52192	52323	4.9	-	0	ID=11_45;partial=01;start_type=Edge;rbs_motif=None;rbs_spacer=None;gc_cont=0.318;conf=75.70;score=4.94;cscore=1.72;sscore=3.22;rscore=0.00;uscore=0.00;tscore=3.22;
# Sequence Data: seqnum=12;seqlen=47406;seqhdr="NZ_CADHBV010000012.1 Helicobacter pylori isolate clinical, whole genome shotgun sequence"
# Model Data: version=Prodigal.v2.6.3;run_type=Single;model="Ab initio";gc_cont=38.94;transl_table=11;uses_sd=1
NZ_CADHBV010000012.1	Prodigal_v2.6.3	CDS	2	64	16.6	-	0	ID=12_1;partial=10;start_type=ATG;rbs_motif=AGGA;rbs_spacer=5-10bp;gc_cont=0.302;conf=97.83;score=16.56;cscore=0.59;sscore=15.96;rscore=12.54;uscore=-0.40;tscore=4.47;
NZ_CADHBV010000012.1	Prodigal_v2.6.3	CDS	365	1108	133.2	-	0	ID=12_2;partial=00;start_type=ATG;rbs_motif=AGGA;rbs_spacer=5-10bp;gc_cont=0.419;conf=100.00;score=133.18;cscore=113.18;sscore=20.00;rscore=12.54;uscore=3.64;tscore=4.47;
NZ_CADHBV010000012.1	Prodigal_v2.6.3	CDS	1380	2555	90.9	+	0	ID=12_3;partial=00;start_type=ATG;rbs_motif=None;rbs_spacer=None;gc_cont=0.438;conf=100.00;score=90.87;cscore=88.48;sscore=2.39;rscore=-6.18;uscore=4.10;tscore=4.47;
NZ_CADHBV010000012.1	Prodigal_v2.6.3	CDS	2726	4105	188.2	+	0	ID=12_4;partial=00;start_type=ATG;rbs_motif=None;rbs_spacer=None;gc_cont=0.399;conf=99.99;score=188.18;cscore=186.21;sscore=1.97;rscore=-6.18;uscore=3.68;tscore=4.47;
NZ_CADHBV010000012.1	Prodigal_v2.6.3	CDS	4131	5282	174.9	+	0	ID=12_5;partial=00;start_type=ATG;rbs_motif=GGA/GAG/AGG;rbs_spacer=11-12bp;gc_cont=0.378;conf=100.00;score=174.89;cscore=167.69;sscore=7.20;rscore=-2.12;uscore=3.85;tscore=4.47;
NZ_CADHBV010000012.1	Prodigal_v2.6.3	CDS	5291	6052	142.9	-	0	ID=12_6;partial=00;start_type=ATG;rbs_motif=AGGA;rbs_spacer=5-10bp;gc_cont=0.420;conf=100.00;score=142.93;cscore=121.45;sscore=21.48;rscore=12.54;uscore=3.40;tscore=4.47;
NZ_CADHBV010000012.1	Prodigal_v2.6.3	CDS	6072	7403	178.8	-	0	ID=12_7;partial=00;start_type=ATG;rbs_motif=None;rbs_spacer=None;gc_cont=0.407;conf=99.99;score=178.84;cscore=179.90;sscore=-1.07;rscore=-6.18;uscore=1.30;tscore=4.47;
NZ_CADHBV010000012.1	Prodigal_v2.6.3	CDS	7716	8975	192.2	+	0	ID=12_8;partial=00;start_type=ATG;rbs_motif=GGA/GAG/AGG;rbs_spacer=5-10bp;gc_cont=0.444;conf=99.99;score=192.22;cscore=185.82;sscore=6.40;rscore=3.13;uscore=-1.20;tscore=4.47;
NZ_CADHBV010000012.1	Prodigal_v2.6.3	CDS	8985	10226	207.3	+	0	ID=12_9;partial=00;start_type=ATG;rbs_motif=AGGA;rbs_spacer=5-10bp;gc_cont=0.407;conf=99.99;score=207.34;cscore=189.24;sscore=18.10;rscore=12.54;uscore=-0.08;tscore=4.47;
NZ_CADHBV010000012.1	Prodigal_v2.6.3	CDS	10223	10924	119.7	+	0	ID=12_10;partial=00;start_type=ATG;rbs_motif=AGGA;rbs_spacer=5-10bp;gc_cont=0.410;conf=100.00;score=119.71;cscore=100.16;sscore=19.55;rscore=12.54;uscore=1.24;tscore=4.47;
NZ_CADHBV010000012.1	Prodigal_v2.6.3	CDS	11380	13275	259.5	+	0	ID=12_11;partial=00;start_type=ATG;rbs_motif=AGGA;rbs_spacer=5-10bp;gc_cont=0.409;conf=99.99;score=259.46;cscore=240.14;sscore=19.32;rscore=12.54;uscore=2.96;tscore=4.47;
NZ_CADHBV010000012.1	Prodigal_v2.6.3	CDS	13743	15050	195.3	+	0	ID=12_12;partial=00;start_type=ATG;rbs_motif=AGGAG;rbs_spacer=5-10bp;gc_cont=0.444;conf=99.99;score=195.33;cscore=174.42;sscore=20.91;rscore=13.58;uscore=3.51;tscore=4.47;
NZ_CADHBV010000012.1	Prodigal_v2.6.3	CDS	15179	16402	193.6	+	0	ID=12_13;partial=00;start_type=ATG;rbs_motif=AGGAG;rbs_spacer=5-10bp;gc_cont=0.432;conf=99.99;score=193.55;cscore=171.43;sscore=22.13;rscore=13.58;uscore=4.07;tscore=4.47;
NZ_CADHBV010000012.1	Prodigal_v2.6.3	CDS	16677	17228	89.0	-	0	ID=12_14;partial=00;start_type=ATG;rbs_motif=AGGA;rbs_spacer=5-10bp;gc_cont=0.393;conf=100.00;score=89.04;cscore=69.94;sscore=19.09;rscore=12.54;uscore=2.08;tscore=4.47;
NZ_CADHBV010000012.1	Prodigal_v2.6.3	CDS	17350	18183	157.8	-	0	ID=12_15;partial=00;start_type=ATG;rbs_motif=GGA/GAG/AGG;rbs_spacer=5-10bp;gc_cont=0.366;conf=100.00;score=157.76;cscore=146.62;sscore=11.14;rscore=3.13;uscore=2.78;tscore=4.47;
NZ_CADHBV010000012.1	Prodigal_v2.6.3	CDS	18232	18978	141.2	-	0	ID=12_16;partial=00;start_type=ATG;rbs_motif=GGAG/GAGG;rbs_spacer=5-10bp;gc_cont=0.378;conf=100.00;score=141.23;cscore=125.10;sscore=16.13;rscore=6.22;uscore=4.18;tscore=4.47;
NZ_CADHBV010000012.1	Prodigal_v2.6.3	CDS	18980	19651	72.6	-	0	ID=12_17;partial=00;start_type=ATG;rbs_motif=None;rbs_spacer=None;gc_cont=0.385;conf=100.00;score=72.64;cscore=71.07;sscore=1.58;rscore=-6.18;uscore=2.03;tscore=4.47;
NZ_CADHBV010000012.1	Prodigal_v2.6.3	CDS	19653	20306	98.2	-	0	ID=12_18;partial=00;start_type=ATG;rbs_motif=GGA/GAG/AGG;rbs_spacer=5-10bp;gc_cont=0.394;conf=100.00;score=98.22;cscore=90.02;sscore=8.20;rscore=3.13;uscore=1.25;tscore=4.47;
NZ_CADHBV010000012.1	Prodigal_v2.6.3	CDS	20517	22580	293.4	+	0	ID=12_19;partial=00;start_type=ATG;rbs_motif=GGAG/GAGG;rbs_spacer=5-10bp;gc_cont=0.442;conf=99.99;score=293.40;cscore=278.58;sscore=14.82;rscore=6.22;uscore=4.13;tscore=4.47;
NZ_CADHBV010000012.1	Prodigal_v2.6.3	CDS	22893	24308	181.7	-	0	ID=12_20;partial=00;start_type=ATG;rbs_motif=AGGAG;rbs_spacer=5-10bp;gc_cont=0.435;conf=99.99;score=181.68;cscore=162.05;sscore=19.63;rscore=13.58;uscore=2.23;tscore=4.47;
NZ_CADHBV010000012.1	Prodigal_v2.6.3	CDS	24616	26253	268.1	-	0	ID=12_21;partial=00;start_type=ATG;rbs_motif=GGA/GAG/AGG;rbs_spacer=5-10bp;gc_cont=0.413;conf=99.99;score=268.06;cscore=259.56;sscore=8.50;rscore=3.13;uscore=1.54;tscore=4.47;
NZ_CADHBV010000012.1	Prodigal_v2.6.3	CDS	26317	27477	122.5	+	0	ID=12_22;partial=00;start_type=ATG;rbs_motif=None;rbs_spacer=None;gc_cont=0.391;conf=100.00;score=122.51;cscore=123.97;sscore=-1.46;rscore=-6.18;uscore=0.25;tscore=4.47;
NZ_CADHBV010000012.1	Prodigal_v2.6.3	CDS	27484	28455	212.4	-	0	ID=12_23;partial=00;start_type=ATG;rbs_motif=AGGA;rbs_spacer=5-10bp;gc_cont=0.413;conf=99.99;score=212.36;cscore=189.58;sscore=22.78;rscore=12.54;uscore=4.78;tscore=4.47;
NZ_CADHBV010000012.1	Prodigal_v2.6.3	CDS	28482	28673	20.3	-	0	ID=12_24;partial=00;start_type=ATG;rbs_motif=None;rbs_spacer=None;gc_cont=0.401;conf=99.07;score=20.29;cscore=25.48;sscore=-5.19;rscore=-8.18;uscore=0.26;tscore=3.38;
NZ_CADHBV010000012.1	Prodigal_v2.6.3	CDS	28797	29378	54.1	+	0	ID=12_25;partial=00;start_type=ATG;rbs_motif=GGAG/GAGG;rbs_spacer=5-10bp;gc_cont=0.369;conf=100.00;score=54.09;cscore=40.23;sscore=13.85;rscore=6.22;uscore=3.17;tscore=4.47;
NZ_CADHBV010000012.1	Prodigal_v2.6.3	CDS	29468	29962	99.0	+	0	ID=12_26;partial=00;start_type=ATG;rbs_motif=AGGA;rbs_spacer=5-10bp;gc_cont=0.434;conf=100.00;score=98.97;cscore=81.01;sscore=17.96;rscore=12.54;uscore=0.95;tscore=4.47;
NZ_CADHBV010000012.1	Prodigal_v2.6.3	CDS	30016	30438	72.0	+	0	ID=12_27;partial=00;start_type=ATG;rbs_motif=None;rbs_spacer=None;gc_cont=0.416;conf=100.00;score=72.02;cscore=72.40;sscore=-0.38;rscore=-6.18;uscore=0.64;tscore=4.47;
NZ_CADHBV010000012.1	Prodigal_v2.6.3	CDS	30685	31218	72.3	-	0	ID=12_28;partial=00;start_type=ATG;rbs_motif=None;rbs_spacer=None;gc_cont=0.371;conf=100.00;score=72.28;cscore=73.94;sscore=-1.67;rscore=-6.18;uscore=-0.94;tscore=4.47;
NZ_CADHBV010000012.1	Prodigal_v2.6.3	CDS	31245	32018	115.6	-	0	ID=12_29;partial=00;start_type=ATG;rbs_motif=GGA/GAG/AGG;rbs_spacer=5-10bp;gc_cont=0.415;conf=100.00;score=115.58;cscore=106.87;sscore=8.70;rscore=3.13;uscore=-0.01;tscore=4.47;
NZ_CADHBV010000012.1	Prodigal_v2.6.3	CDS	32034	35756	549.7	-	0	ID=12_30;partial=00;start_type=ATG;rbs_motif=GGA/GAG/AGG;rbs_spacer=5-10bp;gc_cont=0.430;conf=99.99;score=549.69;cscore=540.74;sscore=8.95;rscore=3.13;uscore=0.31;tscore=4.47;
NZ_CADHBV010000012.1	Prodigal_v2.6.3	CDS	35779	37866	303.7	-	0	ID=12_31;partial=00;start_type=TTG;rbs_motif=AGGA;rbs_spacer=5-10bp;gc_cont=0.430;conf=99.99;score=303.65;cscore=294.09;sscore=9.56;rscore=12.54;uscore=3.33;tscore=-6.31;
NZ_CADHBV010000012.1	Prodigal_v2.6.3	CDS	37974	39035	168.5	-	0	ID=12_32;partial=00;start_type=ATG;rbs_motif=GGA/GAG/AGG;rbs_spacer=5-10bp;gc_cont=0.417;conf=100.00;score=168.49;cscore=159.22;sscore=9.27;rscore=3.13;uscore=0.52;tscore=4.47;
NZ_CADHBV010000012.1	Prodigal_v2.6.3	CDS	39047	39454	62.1	-	0	ID=12_33;partial=00;start_type=GTG;rbs_motif=AGGA;rbs_spacer=5-10bp;gc_cont=0.368;conf=100.00;score=62.10;cscore=54.23;sscore=7.87;rscore=12.54;uscore=3.53;tscore=-7.55;
NZ_CADHBV010000012.1	Prodigal_v2.6.3	CDS	39591	42209	451.1	+	0	ID=12_34;partial=00;start_type=ATG;rbs_motif=AGGA/GGAG/GAGG;rbs_spacer=11-12bp;gc_cont=0.397;conf=99.99;score=451.12;cscore=442.25;sscore=8.87;rscore=3.25;uscore=1.15;tscore=4.47;
NZ_CADHBV010000012.1	Prodigal_v2.6.3	CDS	42224	43570	283.7	+	0	ID=12_35;partial=00;start_type=ATG;rbs_motif=AGGA;rbs_spacer=5-10bp;gc_cont=0.415;conf=99.99;score=283.71;cscore=263.07;sscore=20.64;rscore=12.54;uscore=2.51;tscore=4.47;
NZ_CADHBV010000012.1	Prodigal_v2.6.3	CDS	43644	43874	49.6	+	0	ID=12_36;partial=00;start_type=ATG;rbs_motif=AGGAG;rbs_spacer=5-10bp;gc_cont=0.424;conf=100.00;score=49.57;cscore=29.56;sscore=20.01;rscore=12.38;uscore=3.55;tscore=4.08;
NZ_CADHBV010000012.1	Prodigal_v2.6.3	CDS	43891	44241	55.0	+	0	ID=12_37;partial=00;start_type=ATG;rbs_motif=GGA/GAG/AGG;rbs_spacer=5-10bp;gc_cont=0.396;conf=100.00;score=55.05;cscore=46.75;sscore=8.30;rscore=3.13;uscore=-0.40;tscore=4.47;
NZ_CADHBV010000012.1	Prodigal_v2.6.3	CDS	44250	44795	72.2	+	0	ID=12_38;partial=00;start_type=ATG;rbs_motif=None;rbs_spacer=None;gc_cont=0.385;conf=100.00;score=72.22;cscore=73.47;sscore=-1.25;rscore=-6.18;uscore=-0.73;tscore=4.47;
NZ_CADHBV010000012.1	Prodigal_v2.6.3	CDS	44796	45485	88.7	+	0	ID=12_39;partial=00;start_type=GTG;rbs_motif=GGA/GAG/AGG;rbs_spacer=5-10bp;gc_cont=0.393;conf=100.00;score=88.74;cscore=91.38;sscore=-2.64;rscore=3.13;uscore=0.50;tscore=-7.55;
NZ_CADHBV010000012.1	Prodigal_v2.6.3	CDS	45507	45863	59.5	+	0	ID=12_40;partial=00;start_type=ATG;rbs_motif=AGGA;rbs_spacer=5-10bp;gc_cont=0.445;conf=100.00;score=59.49;cscore=39.94;sscore=19.55;rscore=12.54;uscore=1.49;tscore=4.47;
NZ_CADHBV010000012.1	Prodigal_v2.6.3	CDS	46289	47080	87.8	+	0	ID=12_41;partial=00;start_type=ATG;rbs_motif=GGAG/GAGG;rbs_spacer=5-10bp;gc_cont=0.402;conf=100.00;score=87.77;cscore=76.69;sscore=11.09;rscore=6.22;uscore=1.05;tscore=4.47;
# Sequence Data: seqnum=13;seqlen=41532;seqhdr="NZ_CADHBV010000013.1 Helicobacter pylori isolate clinical, whole genome shotgun sequence"
# Model Data: version=Prodigal.v2.6.3;run_type=Single;model="Ab initio";gc_cont=38.94;transl_table=11;uses_sd=1
NZ_CADHBV010000013.1	Prodigal_v2.6.3	CDS	3	293	37.7	-	0	ID=13_1;partial=10;start_type=ATG;rbs_motif=AGGA;rbs_spacer=5-10bp;gc_cont=0.447;conf=99.98;score=37.71;cscore=20.48;sscore=17.23;rscore=12.54;uscore=-0.95;tscore=4.47;
NZ_CADHBV010000013.1	Prodigal_v2.6.3	CDS	303	3113	425.1	-	0	ID=13_2;partial=00;start_type=ATG;rbs_motif=AGGA;rbs_spacer=5-10bp;gc_cont=0.408;conf=99.99;score=425.07;cscore=405.97;sscore=19.10;rscore=12.54;uscore=0.91;tscore=4.47;
NZ_CADHBV010000013.1	Prodigal_v2.6.3	CDS	3123	3788	114.3	-	0	ID=13_3;partial=00;start_type=ATG;rbs_motif=GGA/GAG/AGG;rbs_spacer=5-10bp;gc_cont=0.359;conf=100.00;score=114.32;cscore=104.84;sscore=9.47;rscore=3.13;uscore=1.87;tscore=4.47;
NZ_CADHBV010000013.1	Prodigal_v2.6.3	CDS	3865	4869	145.2	-	0	ID=13_4;partial=00;start_type=ATG;rbs_motif=None;rbs_spacer=None;gc_cont=0.388;conf=100.00;score=145.19;cscore=144.34;sscore=0.85;rscore=-6.18;uscore=3.22;tscore=4.47;
NZ_CADHBV010000013.1	Prodigal_v2.6.3	CDS	4925	5356	50.7	+	0	ID=13_5;partial=00;start_type=ATG;rbs_motif=None;rbs_spacer=None;gc_cont=0.354;conf=100.00;score=50.71;cscore=47.36;sscore=3.35;rscore=-6.18;uscore=5.06;tscore=4.47;
NZ_CADHBV010000013.1	Prodigal_v2.6.3	CDS	5357	6037	95.3	+	0	ID=13_6;partial=00;start_type=ATG;rbs_motif=None;rbs_spacer=None;gc_cont=0.395;conf=100.00;score=95.32;cscore=96.26;sscore=-0.94;rscore=-6.18;uscore=-0.50;tscore=4.47;
NZ_CADHBV010000013.1	Prodigal_v2.6.3	CDS	6121	8211	333.9	-	0	ID=13_7;partial=00;start_type=ATG;rbs_motif=AGGA;rbs_spacer=5-10bp;gc_cont=0.395;conf=99.99;score=333.91;cscore=317.61;sscore=16.30;rscore=12.54;uscore=-0.71;tscore=4.47;
NZ_CADHBV010000013.1	Prodigal_v2.6.3	CDS	8370	8936	121.6	-	0	ID=13_8;partial=00;start_type=ATG;rbs_motif=GGA/GAG/AGG;rbs_spacer=5-10bp;gc_cont=0.409;conf=100.00;score=121.64;cscore=110.57;sscore=11.07;rscore=3.13;uscore=4.12;tscore=4.47;
NZ_CADHBV010000013.1	Prodigal_v2.6.3	CDS	9066	9548	108.9	+	0	ID=13_9;partial=00;start_type=ATG;rbs_motif=AGGA;rbs_spacer=5-10bp;gc_cont=0.435;conf=100.00;score=108.89;cscore=87.84;sscore=21.05;rscore=12.54;uscore=4.04;tscore=4.47;
NZ_CADHBV010000013.1	Prodigal_v2.6.3	CDS	9554	10930	252.9	+	0	ID=13_10;partial=00;start_type=ATG;rbs_motif=3Base/5BMM;rbs_spacer=13-15bp;gc_cont=0.442;conf=99.99;score=252.92;cscore=253.19;sscore=-0.26;rscore=-5.81;uscore=-0.14;tscore=4.47;
NZ_CADHBV010000013.1	Prodigal_v2.6.3	CDS	11023	11985	116.9	+	0	ID=13_11;partial=00;start_type=ATG;rbs_motif=None;rbs_spacer=None;gc_cont=0.328;conf=100.00;score=116.90;cscore=114.53;sscore=2.38;rscore=-6.18;uscore=4.09;tscore=4.47;
NZ_CADHBV010000013.1	Prodigal_v2.6.3	CDS	11985	12293	58.6	+	0	ID=13_12;partial=00;start_type=ATG;rbs_motif=AGGA;rbs_spacer=5-10bp;gc_cont=0.320;conf=100.00;score=58.61;cscore=40.31;sscore=18.30;rscore=12.54;uscore=-1.50;tscore=4.47;
NZ_CADHBV010000013.1	Prodigal_v2.6.3	CDS	12298	12534	15.4	+	0	ID=13_13;partial=00;start_type=TTG;rbs_motif=None;rbs_spacer=None;gc_cont=0.274;conf=97.16;score=15.37;cscore=27.03;sscore=-11.66;rscore=-6.61;uscore=0.45;tscore=-6.74;
NZ_CADHBV010000013.1	Prodigal_v2.6.3	CDS	12627	13220	92.6	+	0	ID=13_14;partial=00;start_type=ATG;rbs_motif=GGAG/GAGG;rbs_spacer=5-10bp;gc_cont=0.382;conf=100.00;score=92.56;cscore=79.50;sscore=13.06;rscore=6.22;uscore=2.37;tscore=4.47;
NZ_CADHBV010000013.1	Prodigal_v2.6.3	CDS	13217	14344	165.9	+	0	ID=13_15;partial=00;start_type=TTG;rbs_motif=None;rbs_spacer=None;gc_cont=0.384;conf=100.00;score=165.90;cscore=170.91;sscore=-5.01;rscore=-6.18;uscore=-3.40;tscore=-6.31;
NZ_CADHBV010000013.1	Prodigal_v2.6.3	CDS	14669	15694	188.5	+	0	ID=13_16;partial=00;start_type=ATG;rbs_motif=AGGA;rbs_spacer=5-10bp;gc_cont=0.396;conf=99.99;score=188.46;cscore=171.80;sscore=16.66;rscore=12.54;uscore=0.30;tscore=4.47;
NZ_CADHBV010000013.1	Prodigal_v2.6.3	CDS	15704	16333	95.3	+	0	ID=13_17;partial=00;start_type=TTG;rbs_motif=GGA/GAG/AGG;rbs_spacer=5-10bp;gc_cont=0.424;conf=100.00;score=95.31;cscore=99.72;sscore=-4.42;rscore=3.13;uscore=-2.42;tscore=-6.31;
NZ_CADHBV010000013.1	Prodigal_v2.6.3	CDS	16365	17381	131.1	+	0	ID=13_18;partial=00;start_type=ATG;rbs_motif=None;rbs_spacer=None;gc_cont=0.374;conf=100.00;score=131.09;cscore=129.50;sscore=1.59;rscore=-6.18;uscore=2.37;tscore=4.47;
NZ_CADHBV010000013.1	Prodigal_v2.6.3	CDS	17382	18110	96.7	+	0	ID=13_19;partial=00;start_type=ATG;rbs_motif=None;rbs_spacer=None;gc_cont=0.413;conf=100.00;score=96.75;cscore=94.67;sscore=2.08;rscore=-6.18;uscore=2.52;tscore=4.47;
NZ_CADHBV010000013.1	Prodigal_v2.6.3	CDS	18104	19138	167.0	-	0	ID=13_20;partial=00;start_type=ATG;rbs_motif=GGA/GAG/AGG;rbs_spacer=5-10bp;gc_cont=0.399;conf=100.00;score=167.03;cscore=157.56;sscore=9.47;rscore=3.13;uscore=2.52;tscore=4.47;
NZ_CADHBV010000013.1	Prodigal_v2.6.3	CDS	19852	21387	202.9	+	0	ID=13_21;partial=00;start_type=ATG;rbs_motif=AGGA;rbs_spacer=5-10bp;gc_cont=0.374;conf=99.99;score=202.92;cscore=183.50;sscore=19.41;rscore=12.54;uscore=2.40;tscore=4.47;
NZ_CADHBV010000013.1	Prodigal_v2.6.3	CDS	21405	22157	119.8	+	0	ID=13_22;partial=00;start_type=ATG;rbs_motif=AGGA;rbs_spacer=5-10bp;gc_cont=0.438;conf=100.00;score=119.78;cscore=99.33;sscore=20.46;rscore=12.54;uscore=2.35;tscore=4.47;
NZ_CADHBV010000013.1	Prodigal_v2.6.3	CDS	22372	23244	145.1	-	0	ID=13_23;partial=00;start_type=ATG;rbs_motif=AGGAG;rbs_spacer=5-10bp;gc_cont=0.428;conf=100.00;score=145.08;cscore=121.76;sscore=23.32;rscore=13.58;uscore=5.27;tscore=4.47;
NZ_CADHBV010000013.1	Prodigal_v2.6.3	CDS	23319	23939	104.0	-	0	ID=13_24;partial=00;start_type=ATG;rbs_motif=AGGAG;rbs_spacer=5-10bp;gc_cont=0.440;conf=100.00;score=103.98;cscore=79.81;sscore=24.16;rscore=13.58;uscore=5.03;tscore=4.47;
NZ_CADHBV010000013.1	Prodigal_v2.6.3	CDS	23958	25799	333.2	-	0	ID=13_25;partial=00;start_type=ATG;rbs_motif=GGA/GAG/AGG;rbs_spacer=5-10bp;gc_cont=0.423;conf=99.99;score=333.22;cscore=320.31;sscore=12.91;rscore=3.13;uscore=5.96;tscore=4.47;
NZ_CADHBV010000013.1	Prodigal_v2.6.3	CDS	25865	27142	185.0	+	0	ID=13_26;partial=00;start_type=ATG;rbs_motif=GGA/GAG/AGG;rbs_spacer=5-10bp;gc_cont=0.368;conf=99.99;score=185.04;cscore=174.17;sscore=10.87;rscore=3.13;uscore=3.27;tscore=4.47;
NZ_CADHBV010000013.1	Prodigal_v2.6.3	CDS	27153	27836	96.3	+	0	ID=13_27;partial=00;start_type=ATG;rbs_motif=GGA/GAG/AGG;rbs_spacer=5-10bp;gc_cont=0.383;conf=100.00;score=96.26;cscore=85.00;sscore=11.26;rscore=3.13;uscore=2.49;tscore=4.47;
NZ_CADHBV010000013.1	Prodigal_v2.6.3	CDS	27823	28833	143.9	+	0	ID=13_28;partial=00;start_type=ATG;rbs_motif=GGAG/GAGG;rbs_spacer=5-10bp;gc_cont=0.455;conf=100.00;score=143.88;cscore=131.13;sscore=12.74;rscore=6.22;uscore=0.87;tscore=4.47;
NZ_CADHBV010000013.1	Prodigal_v2.6.3	CDS	29003	30049	176.1	+	0	ID=13_29;partial=00;start_type=ATG;rbs_motif=AGGAG;rbs_spacer=5-10bp;gc_cont=0.409;conf=100.00;score=176.09;cscore=156.30;sscore=19.79;rscore=13.58;uscore=1.74;tscore=4.47;
NZ_CADHBV010000013.1	Prodigal_v2.6.3	CDS	30061	31431	138.2	-	0	ID=13_30;partial=00;start_type=ATG;rbs_motif=3Base/5BMM;rbs_spacer=13-15bp;gc_cont=0.395;conf=100.00;score=138.19;cscore=137.32;sscore=0.87;rscore=-5.81;uscore=2.87;tscore=4.47;
NZ_CADHBV010000013.1	Prodigal_v2.6.3	CDS	31669	32913	125.8	+	0	ID=13_31;partial=00;start_type=ATG;rbs_motif=None;rbs_spacer=None;gc_cont=0.404;conf=100.00;score=125.82;cscore=129.13;sscore=-3.31;rscore=-6.18;uscore=-1.60;tscore=4.47;
NZ_CADHBV010000013.1	Prodigal_v2.6.3	CDS	32920	33582	89.7	-	0	ID=13_32;partial=00;start_type=ATG;rbs_motif=AGGA;rbs_spacer=5-10bp;gc_cont=0.407;conf=100.00;score=89.68;cscore=75.87;sscore=13.81;rscore=12.54;uscore=-2.55;tscore=4.47;
NZ_CADHBV010000013.1	Prodigal_v2.6.3	CDS	33872	34432	115.0	+	0	ID=13_33;partial=00;start_type=ATG;rbs_motif=AGGAG;rbs_spacer=5-10bp;gc_cont=0.410;conf=100.00;score=114.99;cscore=93.54;sscore=21.45;rscore=13.58;uscore=3.40;tscore=4.47;
NZ_CADHBV010000013.1	Prodigal_v2.6.3	CDS	34448	34840	52.3	+	0	ID=13_34;partial=00;start_type=ATG;rbs_motif=AGGA;rbs_spacer=5-10bp;gc_cont=0.440;conf=100.00;score=52.26;cscore=33.86;sscore=18.41;rscore=12.54;uscore=0.28;tscore=4.47;
NZ_CADHBV010000013.1	Prodigal_v2.6.3	CDS	34850	36073	224.7	+	0	ID=13_35;partial=00;start_type=ATG;rbs_motif=AGGA;rbs_spacer=5-10bp;gc_cont=0.455;conf=99.99;score=224.68;cscore=203.42;sscore=21.27;rscore=12.54;uscore=3.08;tscore=4.47;
NZ_CADHBV010000013.1	Prodigal_v2.6.3	CDS	36086	37030	152.7	+	0	ID=13_36;partial=00;start_type=ATG;rbs_motif=AGGA;rbs_spacer=5-10bp;gc_cont=0.431;conf=100.00;score=152.66;cscore=135.82;sscore=16.84;rscore=12.54;uscore=-1.32;tscore=4.47;
NZ_CADHBV010000013.1	Prodigal_v2.6.3	CDS	37140	38462	201.5	+	0	ID=13_37;partial=00;start_type=GTG;rbs_motif=AGGA;rbs_spacer=5-10bp;gc_cont=0.413;conf=99.99;score=201.48;cscore=197.19;sscore=4.29;rscore=12.54;uscore=-0.69;tscore=-7.55;
NZ_CADHBV010000013.1	Prodigal_v2.6.3	CDS	38531	39364	116.6	+	0	ID=13_38;partial=00;start_type=TTG;rbs_motif=GGA/GAG/AGG;rbs_spacer=5-10bp;gc_cont=0.376;conf=100.00;score=116.56;cscore=116.53;sscore=0.03;rscore=3.13;uscore=3.20;tscore=-6.31;
NZ_CADHBV010000013.1	Prodigal_v2.6.3	CDS	39375	41351	359.8	-	0	ID=13_39;partial=00;start_type=ATG;rbs_motif=GGA/GAG/AGG;rbs_spacer=5-10bp;gc_cont=0.407;conf=99.99;score=359.76;cscore=349.47;sscore=10.29;rscore=3.13;uscore=1.85;tscore=4.47;
NZ_CADHBV010000013.1	Prodigal_v2.6.3	CDS	41392	41532	8.8	-	0	ID=13_40;partial=01;start_type=Edge;rbs_motif=None;rbs_spacer=None;gc_cont=0.362;conf=88.41;score=8.84;cscore=5.62;sscore=3.22;rscore=0.00;uscore=0.00;tscore=3.22;
# Sequence Data: seqnum=14;seqlen=39459;seqhdr="NZ_CADHBV010000014.1 Helicobacter pylori isolate clinical, whole genome shotgun sequence"
# Model Data: version=Prodigal.v2.6.3;run_type=Single;model="Ab initio";gc_cont=38.94;transl_table=11;uses_sd=1
NZ_CADHBV010000014.1	Prodigal_v2.6.3	CDS	2	76	21.8	-	0	ID=14_1;partial=10;start_type=ATG;rbs_motif=AGGA;rbs_spacer=5-10bp;gc_cont=0.293;conf=99.34;score=21.83;cscore=3.79;sscore=18.04;rscore=12.54;uscore=0.31;tscore=4.47;
NZ_CADHBV010000014.1	Prodigal_v2.6.3	CDS	128	7708	1190.5	-	0	ID=14_2;partial=00;start_type=ATG;rbs_motif=GGAG/GAGG;rbs_spacer=5-10bp;gc_cont=0.388;conf=99.99;score=1190.47;cscore=1175.62;sscore=14.85;rscore=6.22;uscore=4.17;tscore=4.47;
NZ_CADHBV010000014.1	Prodigal_v2.6.3	CDS	7789	8787	161.5	-	0	ID=14_3;partial=00;start_type=ATG;rbs_motif=AGGA/GGAG/GAGG;rbs_spacer=11-12bp;gc_cont=0.411;conf=100.00;score=161.54;cscore=154.95;sscore=6.58;rscore=3.25;uscore=-0.48;tscore=4.47;
NZ_CADHBV010000014.1	Prodigal_v2.6.3	CDS	8930	9622	108.3	+	0	ID=14_4;partial=00;start_type=ATG;rbs_motif=AGGAG;rbs_spacer=5-10bp;gc_cont=0.404;conf=100.00;score=108.28;cscore=86.69;sscore=21.59;rscore=13.58;uscore=3.54;tscore=4.47;
NZ_CADHBV010000014.1	Prodigal_v2.6.3	CDS	9720	12977	609.1	+	0	ID=14_5;partial=00;start_type=ATG;rbs_motif=AGGA;rbs_spacer=5-10bp;gc_cont=0.416;conf=99.99;score=609.14;cscore=591.79;sscore=17.35;rscore=12.54;uscore=0.34;tscore=4.47;
NZ_CADHBV010000014.1	Prodigal_v2.6.3	CDS	12982	13413	59.7	+	0	ID=14_6;partial=00;start_type=ATG;rbs_motif=AGxAG;rbs_spacer=3-4bp;gc_cont=0.407;conf=100.00;score=59.75;cscore=48.89;sscore=10.85;rscore=4.39;uscore=0.76;tscore=4.47;
NZ_CADHBV010000014.1	Prodigal_v2.6.3	CDS	13590	15140	277.8	+	0	ID=14_7;partial=00;start_type=ATG;rbs_motif=GGA/GAG/AGG;rbs_spacer=5-10bp;gc_cont=0.430;conf=99.99;score=277.78;cscore=265.27;sscore=12.52;rscore=3.13;uscore=4.91;tscore=4.47;
NZ_CADHBV010000014.1	Prodigal_v2.6.3	CDS	15085	16026	116.1	+	0	ID=14_8;partial=00;start_type=ATG;rbs_motif=None;rbs_spacer=None;gc_cont=0.428;conf=100.00;score=116.11;cscore=122.46;sscore=-6.34;rscore=-6.18;uscore=-4.63;tscore=4.47;
NZ_CADHBV010000014.1	Prodigal_v2.6.3	CDS	16197	17819	209.7	+	0	ID=14_9;partial=00;start_type=ATG;rbs_motif=None;rbs_spacer=None;gc_cont=0.397;conf=99.99;score=209.66;cscore=208.82;sscore=0.84;rscore=-6.18;uscore=2.55;tscore=4.47;
NZ_CADHBV010000014.1	Prodigal_v2.6.3	CDS	18617	20161	245.7	-	0	ID=14_10;partial=00;start_type=ATG;rbs_motif=AGGA;rbs_spacer=5-10bp;gc_cont=0.447;conf=99.99;score=245.72;cscore=225.24;sscore=20.48;rscore=12.54;uscore=3.47;tscore=4.47;
NZ_CADHBV010000014.1	Prodigal_v2.6.3	CDS	20228	21790	236.5	-	0	ID=14_11;partial=00;start_type=ATG;rbs_motif=AGGA;rbs_spacer=5-10bp;gc_cont=0.456;conf=99.99;score=236.48;cscore=220.43;sscore=16.05;rscore=12.54;uscore=-0.31;tscore=4.47;
NZ_CADHBV010000014.1	Prodigal_v2.6.3	CDS	22609	24642	353.1	-	0	ID=14_12;partial=00;start_type=TTG;rbs_motif=AGGA;rbs_spacer=5-10bp;gc_cont=0.402;conf=99.99;score=353.11;cscore=344.71;sscore=8.40;rscore=12.54;uscore=0.93;tscore=-6.31;
NZ_CADHBV010000014.1	Prodigal_v2.6.3	CDS	24646	25785	157.6	-	0	ID=14_13;partial=00;start_type=TTG;rbs_motif=GGAG/GAGG;rbs_spacer=5-10bp;gc_cont=0.374;conf=100.00;score=157.62;cscore=154.85;sscore=2.77;rscore=6.22;uscore=1.61;tscore=-6.31;
NZ_CADHBV010000014.1	Prodigal_v2.6.3	CDS	25778	26395	83.5	-	0	ID=14_14;partial=00;start_type=ATG;rbs_motif=AGGA;rbs_spacer=5-10bp;gc_cont=0.320;conf=100.00;score=83.49;cscore=62.30;sscore=21.18;rscore=12.54;uscore=3.45;tscore=4.47;
NZ_CADHBV010000014.1	Prodigal_v2.6.3	CDS	26447	28264	350.2	-	0	ID=14_15;partial=00;start_type=ATG;rbs_motif=GGA/GAG/AGG;rbs_spacer=5-10bp;gc_cont=0.434;conf=99.99;score=350.19;cscore=341.29;sscore=8.90;rscore=3.13;uscore=-1.84;tscore=4.47;
NZ_CADHBV010000014.1	Prodigal_v2.6.3	CDS	28261	29151	191.7	-	0	ID=14_16;partial=00;start_type=ATG;rbs_motif=AGGA;rbs_spacer=5-10bp;gc_cont=0.406;conf=99.99;score=191.72;cscore=172.18;sscore=19.54;rscore=12.54;uscore=1.80;tscore=4.47;
NZ_CADHBV010000014.1	Prodigal_v2.6.3	CDS	29202	30755	231.7	-	0	ID=14_17;partial=00;start_type=ATG;rbs_motif=AGGA;rbs_spacer=5-10bp;gc_cont=0.414;conf=99.99;score=231.73;cscore=214.54;sscore=17.18;rscore=12.54;uscore=0.82;tscore=4.47;
NZ_CADHBV010000014.1	Prodigal_v2.6.3	CDS	30893	31774	122.5	+	0	ID=14_18;partial=00;start_type=TTG;rbs_motif=GGA/GAG/AGG;rbs_spacer=11-12bp;gc_cont=0.402;conf=100.00;score=122.51;cscore=132.23;sscore=-9.71;rscore=-2.12;uscore=-1.29;tscore=-6.31;
NZ_CADHBV010000014.1	Prodigal_v2.6.3	CDS	31866	32480	113.7	+	0	ID=14_19;partial=00;start_type=ATG;rbs_motif=AGGA;rbs_spacer=5-10bp;gc_cont=0.447;conf=100.00;score=113.74;cscore=98.22;sscore=15.52;rscore=12.54;uscore=-1.49;tscore=4.47;
NZ_CADHBV010000014.1	Prodigal_v2.6.3	CDS	32497	33378	158.4	+	0	ID=14_20;partial=00;start_type=ATG;rbs_motif=AGGAG;rbs_spacer=5-10bp;gc_cont=0.412;conf=100.00;score=158.38;cscore=138.83;sscore=19.55;rscore=13.58;uscore=0.40;tscore=4.47;
NZ_CADHBV010000014.1	Prodigal_v2.6.3	CDS	33341	33697	53.7	+	0	ID=14_21;partial=00;start_type=ATG;rbs_motif=3Base/5BMM;rbs_spacer=13-15bp;gc_cont=0.415;conf=100.00;score=53.71;cscore=55.28;sscore=-1.57;rscore=-5.81;uscore=-0.23;tscore=4.47;
NZ_CADHBV010000014.1	Prodigal_v2.6.3	CDS	33795	34094	59.4	+	0	ID=14_22;partial=00;start_type=ATG;rbs_motif=AGGAG;rbs_spacer=5-10bp;gc_cont=0.410;conf=100.00;score=59.38;cscore=37.40;sscore=21.98;rscore=13.58;uscore=3.92;tscore=4.47;
NZ_CADHBV010000014.1	Prodigal_v2.6.3	CDS	34105	34233	21.9	+	0	ID=14_23;partial=00;start_type=ATG;rbs_motif=AGGA;rbs_spacer=5-10bp;gc_cont=0.310;conf=99.36;score=21.94;cscore=11.57;sscore=10.37;rscore=6.32;uscore=0.63;tscore=2.25;
NZ_CADHBV010000014.1	Prodigal_v2.6.3	CDS	34346	35074	149.1	+	0	ID=14_24;partial=00;start_type=ATG;rbs_motif=AGGA;rbs_spacer=5-10bp;gc_cont=0.399;conf=100.00;score=149.06;cscore=129.65;sscore=19.41;rscore=12.54;uscore=2.40;tscore=4.47;
NZ_CADHBV010000014.1	Prodigal_v2.6.3	CDS	35074	35307	49.1	+	0	ID=14_25;partial=00;start_type=ATG;rbs_motif=None;rbs_spacer=None;gc_cont=0.427;conf=100.00;score=49.09;cscore=41.93;sscore=7.16;rscore=-6.69;uscore=1.75;tscore=4.13;
NZ_CADHBV010000014.1	Prodigal_v2.6.3	CDS	35313	36425	154.9	+	0	ID=14_26;partial=00;start_type=ATG;rbs_motif=None;rbs_spacer=None;gc_cont=0.447;conf=100.00;score=154.89;cscore=154.52;sscore=0.37;rscore=-6.18;uscore=0.86;tscore=4.47;
NZ_CADHBV010000014.1	Prodigal_v2.6.3	CDS	36652	37167	55.2	-	0	ID=14_27;partial=00;start_type=ATG;rbs_motif=None;rbs_spacer=None;gc_cont=0.362;conf=100.00;score=55.23;cscore=53.64;sscore=1.59;rscore=-6.18;uscore=3.95;tscore=4.47;
NZ_CADHBV010000014.1	Prodigal_v2.6.3	CDS	37931	39457	231.4	+	0	ID=14_28;partial=01;start_type=ATG;rbs_motif=AGGAG;rbs_spacer=5-10bp;gc_cont=0.470;conf=99.99;score=231.38;cscore=213.64;sscore=17.74;rscore=13.58;uscore=-0.31;tscore=4.47;
# Sequence Data: seqnum=15;seqlen=34142;seqhdr="NZ_CADHBV010000015.1 Helicobacter pylori isolate clinical, whole genome shotgun sequence"
# Model Data: version=Prodigal.v2.6.3;run_type=Single;model="Ab initio";gc_cont=38.94;transl_table=11;uses_sd=1
NZ_CADHBV010000015.1	Prodigal_v2.6.3	CDS	40	645	97.4	-	0	ID=15_1;partial=00;start_type=ATG;rbs_motif=AGGA/GGAG/GAGG;rbs_spacer=11-12bp;gc_cont=0.361;conf=100.00;score=97.41;cscore=86.45;sscore=10.97;rscore=3.25;uscore=1.95;tscore=4.47;
NZ_CADHBV010000015.1	Prodigal_v2.6.3	CDS	642	1055	52.5	-	0	ID=15_2;partial=00;start_type=ATG;rbs_motif=GGA/GAG/AGG;rbs_spacer=5-10bp;gc_cont=0.329;conf=100.00;score=52.49;cscore=43.59;sscore=8.90;rscore=3.13;uscore=-1.49;tscore=4.47;
NZ_CADHBV010000015.1	Prodigal_v2.6.3	CDS	1052	1447	49.9	-	0	ID=15_3;partial=00;start_type=ATG;rbs_motif=None;rbs_spacer=None;gc_cont=0.394;conf=100.00;score=49.95;cscore=40.37;sscore=9.58;rscore=-6.18;uscore=3.81;tscore=4.47;
NZ_CADHBV010000015.1	Prodigal_v2.6.3	CDS	1444	1998	99.0	-	0	ID=15_4;partial=00;start_type=ATG;rbs_motif=AGGAG;rbs_spacer=5-10bp;gc_cont=0.344;conf=100.00;score=99.03;cscore=80.18;sscore=18.85;rscore=13.58;uscore=-0.45;tscore=4.47;
NZ_CADHBV010000015.1	Prodigal_v2.6.3	CDS	2001	3212	191.1	-	0	ID=15_5;partial=00;start_type=ATG;rbs_motif=AGGA;rbs_spacer=5-10bp;gc_cont=0.370;conf=99.99;score=191.14;cscore=170.47;sscore=20.67;rscore=12.54;uscore=2.37;tscore=4.47;
NZ_CADHBV010000015.1	Prodigal_v2.6.3	CDS	3209	6118	437.9	-	0	ID=15_6;partial=00;start_type=ATG;rbs_motif=None;rbs_spacer=None;gc_cont=0.376;conf=99.99;score=437.93;cscore=439.16;sscore=-1.23;rscore=-6.18;uscore=-0.31;tscore=4.47;
NZ_CADHBV010000015.1	Prodigal_v2.6.3	CDS	6163	7938	274.2	-	0	ID=15_7;partial=00;start_type=ATG;rbs_motif=GGA/GAG/AGG;rbs_spacer=5-10bp;gc_cont=0.377;conf=99.99;score=274.16;cscore=265.71;sscore=8.45;rscore=3.13;uscore=0.84;tscore=4.47;
NZ_CADHBV010000015.1	Prodigal_v2.6.3	CDS	8003	9196	142.9	-	0	ID=15_8;partial=00;start_type=ATG;rbs_motif=AGGA;rbs_spacer=5-10bp;gc_cont=0.366;conf=100.00;score=142.95;cscore=129.89;sscore=13.06;rscore=12.54;uscore=-4.86;tscore=4.47;
NZ_CADHBV010000015.1	Prodigal_v2.6.3	CDS	9231	10787	204.7	-	0	ID=15_9;partial=00;start_type=ATG;rbs_motif=AGGA;rbs_spacer=5-10bp;gc_cont=0.344;conf=99.99;score=204.72;cscore=191.21;sscore=13.51;rscore=12.54;uscore=-4.66;tscore=4.47;
NZ_CADHBV010000015.1	Prodigal_v2.6.3	CDS	10799	11197	38.8	-	0	ID=15_10;partial=00;start_type=ATG;rbs_motif=None;rbs_spacer=None;gc_cont=0.396;conf=99.99;score=38.84;cscore=40.45;sscore=-1.61;rscore=-6.18;uscore=0.10;tscore=4.47;
NZ_CADHBV010000015.1	Prodigal_v2.6.3	CDS	11278	11967	90.6	-	0	ID=15_11;partial=00;start_type=ATG;rbs_motif=AGxAGG/AGGxGG;rbs_spacer=5-10bp;gc_cont=0.330;conf=100.00;score=90.61;cscore=78.73;sscore=11.89;rscore=4.39;uscore=3.03;tscore=4.47;
NZ_CADHBV010000015.1	Prodigal_v2.6.3	CDS	12075	12431	26.5	-	0	ID=15_12;partial=00;start_type=ATG;rbs_motif=GGA/GAG/AGG;rbs_spacer=5-10bp;gc_cont=0.328;conf=99.78;score=26.55;cscore=19.10;sscore=7.45;rscore=3.13;uscore=-1.18;tscore=4.47;
NZ_CADHBV010000015.1	Prodigal_v2.6.3	CDS	12455	13384	110.2	-	0	ID=15_13;partial=00;start_type=ATG;rbs_motif=AGGAG;rbs_spacer=5-10bp;gc_cont=0.346;conf=100.00;score=110.16;cscore=87.12;sscore=23.04;rscore=13.58;uscore=3.84;tscore=4.47;
NZ_CADHBV010000015.1	Prodigal_v2.6.3	CDS	13396	13527	12.2	-	0	ID=15_14;partial=00;start_type=ATG;rbs_motif=AGGA;rbs_spacer=5-10bp;gc_cont=0.295;conf=94.33;score=12.23;cscore=2.16;sscore=10.07;rscore=6.47;uscore=-0.46;tscore=2.31;
NZ_CADHBV010000015.1	Prodigal_v2.6.3	CDS	13524	13823	42.6	-	0	ID=15_15;partial=00;start_type=ATG;rbs_motif=GGA/GAG/AGG;rbs_spacer=5-10bp;gc_cont=0.313;conf=99.99;score=42.56;cscore=32.48;sscore=10.08;rscore=3.13;uscore=1.22;tscore=4.47;
NZ_CADHBV010000015.1	Prodigal_v2.6.3	CDS	13826	14035	21.0	-	0	ID=15_16;partial=00;start_type=ATG;rbs_motif=GGA/GAG/AGG;rbs_spacer=5-10bp;gc_cont=0.329;conf=99.21;score=21.03;cscore=13.43;sscore=7.59;rscore=2.59;uscore=-0.66;tscore=3.70;
NZ_CADHBV010000015.1	Prodigal_v2.6.3	CDS	14032	15156	155.7	-	0	ID=15_17;partial=00;start_type=ATG;rbs_motif=AGxAGG/AGGxGG;rbs_spacer=5-10bp;gc_cont=0.359;conf=100.00;score=155.69;cscore=144.49;sscore=11.20;rscore=4.39;uscore=1.06;tscore=4.47;
NZ_CADHBV010000015.1	Prodigal_v2.6.3	CDS	15156	15422	7.3	-	0	ID=15_18;partial=00;start_type=ATG;rbs_motif=GGA/GAG/AGG;rbs_spacer=5-10bp;gc_cont=0.446;conf=84.38;score=7.34;cscore=2.43;sscore=4.91;rscore=3.13;uscore=-2.05;tscore=4.47;
NZ_CADHBV010000015.1	Prodigal_v2.6.3	CDS	15754	16050	59.1	-	0	ID=15_19;partial=00;start_type=ATG;rbs_motif=AGGAG;rbs_spacer=5-10bp;gc_cont=0.407;conf=100.00;score=59.07;cscore=38.26;sscore=20.81;rscore=13.58;uscore=1.68;tscore=4.47;
NZ_CADHBV010000015.1	Prodigal_v2.6.3	CDS	16069	17376	219.9	-	0	ID=15_20;partial=00;start_type=ATG;rbs_motif=GGA/GAG/AGG;rbs_spacer=5-10bp;gc_cont=0.325;conf=99.99;score=219.94;cscore=210.76;sscore=9.18;rscore=3.13;uscore=0.28;tscore=4.47;
NZ_CADHBV010000015.1	Prodigal_v2.6.3	CDS	17373	18947	299.0	-	0	ID=15_21;partial=00;start_type=ATG;rbs_motif=GGA/GAG/AGG;rbs_spacer=5-10bp;gc_cont=0.399;conf=99.99;score=298.96;cscore=287.85;sscore=11.10;rscore=3.13;uscore=2.35;tscore=4.47;
NZ_CADHBV010000015.1	Prodigal_v2.6.3	CDS	18960	19898	132.2	-	0	ID=15_22;partial=00;start_type=ATG;rbs_motif=None;rbs_spacer=None;gc_cont=0.411;conf=100.00;score=132.18;cscore=129.53;sscore=2.66;rscore=-6.18;uscore=5.02;tscore=4.47;
NZ_CADHBV010000015.1	Prodigal_v2.6.3	CDS	19999	20727	122.9	+	0	ID=15_23;partial=00;start_type=ATG;rbs_motif=AGGA;rbs_spacer=5-10bp;gc_cont=0.417;conf=100.00;score=122.90;cscore=101.89;sscore=21.01;rscore=12.54;uscore=3.99;tscore=4.47;
NZ_CADHBV010000015.1	Prodigal_v2.6.3	CDS	20738	22453	231.4	-	0	ID=15_24;partial=00;start_type=ATG;rbs_motif=GGA/GAG/AGG;rbs_spacer=5-10bp;gc_cont=0.350;conf=99.99;score=231.37;cscore=222.68;sscore=8.68;rscore=3.13;uscore=1.08;tscore=4.47;
NZ_CADHBV010000015.1	Prodigal_v2.6.3	CDS	22577	23719	246.4	-	0	ID=15_25;partial=00;start_type=ATG;rbs_motif=AGGA;rbs_spacer=5-10bp;gc_cont=0.446;conf=99.99;score=246.35;cscore=227.92;sscore=18.43;rscore=12.54;uscore=2.07;tscore=4.47;
NZ_CADHBV010000015.1	Prodigal_v2.6.3	CDS	23924	24892	165.0	+	0	ID=15_26;partial=00;start_type=ATG;rbs_motif=AGGAG;rbs_spacer=5-10bp;gc_cont=0.407;conf=100.00;score=165.02;cscore=148.46;sscore=16.56;rscore=13.58;uscore=-1.49;tscore=4.47;
NZ_CADHBV010000015.1	Prodigal_v2.6.3	CDS	25240	27765	385.8	+	0	ID=15_27;partial=00;start_type=TTG;rbs_motif=AGGAG;rbs_spacer=5-10bp;gc_cont=0.468;conf=99.99;score=385.82;cscore=377.23;sscore=8.59;rscore=13.58;uscore=1.97;tscore=-6.31;
NZ_CADHBV010000015.1	Prodigal_v2.6.3	CDS	27855	28562	106.8	-	0	ID=15_28;partial=00;start_type=ATG;rbs_motif=AGGAG;rbs_spacer=5-10bp;gc_cont=0.353;conf=100.00;score=106.79;cscore=83.78;sscore=23.01;rscore=13.58;uscore=3.68;tscore=4.47;
NZ_CADHBV010000015.1	Prodigal_v2.6.3	CDS	28562	31546	522.2	-	0	ID=15_29;partial=00;start_type=ATG;rbs_motif=GGA/GAG/AGG;rbs_spacer=5-10bp;gc_cont=0.366;conf=99.99;score=522.23;cscore=514.04;sscore=8.19;rscore=3.13;uscore=1.24;tscore=4.47;
NZ_CADHBV010000015.1	Prodigal_v2.6.3	CDS	31613	34063	447.4	+	0	ID=15_30;partial=00;start_type=ATG;rbs_motif=GGA/GAG/AGG;rbs_spacer=5-10bp;gc_cont=0.388;conf=99.99;score=447.41;cscore=437.28;sscore=10.12;rscore=3.13;uscore=2.52;tscore=4.47;
# Sequence Data: seqnum=16;seqlen=33021;seqhdr="NZ_CADHBV010000016.1 Helicobacter pylori isolate clinical, whole genome shotgun sequence"
# Model Data: version=Prodigal.v2.6.3;run_type=Single;model="Ab initio";gc_cont=38.94;transl_table=11;uses_sd=1
NZ_CADHBV010000016.1	Prodigal_v2.6.3	CDS	3	134	1.8	+	0	ID=16_1;partial=10;start_type=Edge;rbs_motif=None;rbs_spacer=None;gc_cont=0.386;conf=60.33;score=1.82;cscore=-0.89;sscore=2.72;rscore=0.00;uscore=0.00;tscore=3.22;
NZ_CADHBV010000016.1	Prodigal_v2.6.3	CDS	143	721	57.0	-	0	ID=16_2;partial=00;start_type=TTG;rbs_motif=GGAG/GAGG;rbs_spacer=5-10bp;gc_cont=0.401;conf=100.00;score=56.96;cscore=59.87;sscore=-2.91;rscore=6.22;uscore=-3.48;tscore=-6.31;
NZ_CADHBV010000016.1	Prodigal_v2.6.3	CDS	778	2184	266.7	-	0	ID=16_3;partial=00;start_type=ATG;rbs_motif=AGGAG;rbs_spacer=5-10bp;gc_cont=0.436;conf=99.99;score=266.68;cscore=244.61;sscore=22.07;rscore=13.58;uscore=3.37;tscore=4.47;
NZ_CADHBV010000016.1	Prodigal_v2.6.3	CDS	2242	3510	207.9	-	0	ID=16_4;partial=00;start_type=TTG;rbs_motif=AGGA;rbs_spacer=5-10bp;gc_cont=0.450;conf=99.99;score=207.88;cscore=198.73;sscore=9.15;rscore=12.54;uscore=1.67;tscore=-6.31;
NZ_CADHBV010000016.1	Prodigal_v2.6.3	CDS	3513	3920	58.5	-	0	ID=16_5;partial=00;start_type=ATG;rbs_motif=None;rbs_spacer=None;gc_cont=0.353;conf=100.00;score=58.53;cscore=57.04;sscore=1.49;rscore=-6.18;uscore=2.05;tscore=4.47;
NZ_CADHBV010000016.1	Prodigal_v2.6.3	CDS	3932	4753	172.9	-	0	ID=16_6;partial=00;start_type=ATG;rbs_motif=AGGA;rbs_spacer=5-10bp;gc_cont=0.426;conf=100.00;score=172.95;cscore=152.97;sscore=19.98;rscore=12.54;uscore=1.67;tscore=4.47;
NZ_CADHBV010000016.1	Prodigal_v2.6.3	CDS	4750	6432	253.6	-	0	ID=16_7;partial=00;start_type=ATG;rbs_motif=None;rbs_spacer=None;gc_cont=0.376;conf=99.99;score=253.63;cscore=253.65;sscore=-0.02;rscore=-6.18;uscore=0.50;tscore=4.47;
NZ_CADHBV010000016.1	Prodigal_v2.6.3	CDS	6441	6734	31.0	-	0	ID=16_8;partial=00;start_type=ATG;rbs_motif=GGA/GAG/AGG;rbs_spacer=5-10bp;gc_cont=0.415;conf=99.92;score=31.03;cscore=22.05;sscore=8.98;rscore=3.13;uscore=0.08;tscore=4.47;
NZ_CADHBV010000016.1	Prodigal_v2.6.3	CDS	6731	8050	209.6	-	0	ID=16_9;partial=00;start_type=ATG;rbs_motif=GGA/GAG/AGG;rbs_spacer=5-10bp;gc_cont=0.378;conf=99.99;score=209.58;cscore=198.73;sscore=10.85;rscore=3.13;uscore=3.25;tscore=4.47;
NZ_CADHBV010000016.1	Prodigal_v2.6.3	CDS	8215	8868	108.5	-	0	ID=16_10;partial=00;start_type=ATG;rbs_motif=AGGAG;rbs_spacer=5-10bp;gc_cont=0.411;conf=100.00;score=108.50;cscore=87.70;sscore=20.79;rscore=13.58;uscore=1.48;tscore=4.47;
NZ_CADHBV010000016.1	Prodigal_v2.6.3	CDS	8870	9727	125.8	-	0	ID=16_11;partial=00;start_type=ATG;rbs_motif=GGAG/GAGG;rbs_spacer=5-10bp;gc_cont=0.425;conf=100.00;score=125.80;cscore=113.46;sscore=12.34;rscore=6.22;uscore=0.53;tscore=4.47;
NZ_CADHBV010000016.1	Prodigal_v2.6.3	CDS	9742	10245	63.0	-	0	ID=16_12;partial=00;start_type=ATG;rbs_motif=GGA/GAG/AGG;rbs_spacer=5-10bp;gc_cont=0.393;conf=100.00;score=62.98;cscore=51.62;sscore=11.36;rscore=3.13;uscore=2.62;tscore=4.47;
NZ_CADHBV010000016.1	Prodigal_v2.6.3	CDS	10259	11467	149.0	-	0	ID=16_13;partial=00;start_type=GTG;rbs_motif=GGA/GAG/AGG;rbs_spacer=5-10bp;gc_cont=0.361;conf=100.00;score=149.03;cscore=149.16;sscore=-0.13;rscore=3.13;uscore=4.94;tscore=-7.55;
NZ_CADHBV010000016.1	Prodigal_v2.6.3	CDS	11529	12215	114.4	+	0	ID=16_14;partial=00;start_type=ATG;rbs_motif=AGGA;rbs_spacer=5-10bp;gc_cont=0.400;conf=100.00;score=114.37;cscore=95.64;sscore=18.73;rscore=12.54;uscore=1.72;tscore=4.47;
NZ_CADHBV010000016.1	Prodigal_v2.6.3	CDS	12284	12970	45.5	-	0	ID=16_15;partial=00;start_type=GTG;rbs_motif=None;rbs_spacer=None;gc_cont=0.390;conf=100.00;score=45.49;cscore=60.18;sscore=-14.69;rscore=-6.18;uscore=-0.30;tscore=-7.55;
NZ_CADHBV010000016.1	Prodigal_v2.6.3	CDS	13398	13850	91.3	+	0	ID=16_16;partial=00;start_type=ATG;rbs_motif=AGGA;rbs_spacer=5-10bp;gc_cont=0.413;conf=100.00;score=91.33;cscore=71.11;sscore=20.22;rscore=12.54;uscore=3.20;tscore=4.47;
NZ_CADHBV010000016.1	Prodigal_v2.6.3	CDS	13979	14374	69.1	+	0	ID=16_17;partial=00;start_type=ATG;rbs_motif=AGGAG;rbs_spacer=5-10bp;gc_cont=0.366;conf=100.00;score=69.11;cscore=48.03;sscore=21.09;rscore=13.58;uscore=3.04;tscore=4.47;
NZ_CADHBV010000016.1	Prodigal_v2.6.3	CDS	14379	15917	171.2	-	0	ID=16_18;partial=00;start_type=TTG;rbs_motif=GGA/GAG/AGG;rbs_spacer=5-10bp;gc_cont=0.368;conf=100.00;score=171.24;cscore=174.34;sscore=-3.11;rscore=3.13;uscore=-1.19;tscore=-6.31;
NZ_CADHBV010000016.1	Prodigal_v2.6.3	CDS	15919	16455	90.1	-	0	ID=16_19;partial=00;start_type=ATG;rbs_motif=None;rbs_spacer=None;gc_cont=0.426;conf=100.00;score=90.11;cscore=84.35;sscore=5.77;rscore=-6.18;uscore=-0.56;tscore=4.47;
NZ_CADHBV010000016.1	Prodigal_v2.6.3	CDS	16452	17126	86.0	-	0	ID=16_20;partial=00;start_type=ATG;rbs_motif=GGA/GAG/AGG;rbs_spacer=5-10bp;gc_cont=0.409;conf=100.00;score=85.97;cscore=75.03;sscore=10.93;rscore=3.13;uscore=2.20;tscore=4.47;
NZ_CADHBV010000016.1	Prodigal_v2.6.3	CDS	17140	18876	274.1	-	0	ID=16_21;partial=00;start_type=ATG;rbs_motif=GGA/GAG/AGG;rbs_spacer=5-10bp;gc_cont=0.431;conf=99.99;score=274.13;cscore=264.49;sscore=9.64;rscore=3.13;uscore=0.86;tscore=4.47;
NZ_CADHBV010000016.1	Prodigal_v2.6.3	CDS	18886	20040	188.6	-	0	ID=16_22;partial=00;start_type=ATG;rbs_motif=AGGAG;rbs_spacer=5-10bp;gc_cont=0.464;conf=99.99;score=188.65;cscore=166.19;sscore=22.46;rscore=13.58;uscore=5.06;tscore=4.47;
NZ_CADHBV010000016.1	Prodigal_v2.6.3	CDS	20200	20784	100.2	+	0	ID=16_23;partial=00;start_type=ATG;rbs_motif=AGGA;rbs_spacer=5-10bp;gc_cont=0.446;conf=100.00;score=100.18;cscore=82.07;sscore=18.12;rscore=12.54;uscore=1.10;tscore=4.47;
NZ_CADHBV010000016.1	Prodigal_v2.6.3	CDS	20837	22885	289.5	-	0	ID=16_24;partial=00;start_type=ATG;rbs_motif=AGGA;rbs_spacer=5-10bp;gc_cont=0.403;conf=99.99;score=289.49;cscore=273.30;sscore=16.19;rscore=12.54;uscore=-0.17;tscore=4.47;
NZ_CADHBV010000016.1	Prodigal_v2.6.3	CDS	23128	24186	174.3	-	0	ID=16_25;partial=00;start_type=ATG;rbs_motif=AGGA;rbs_spacer=5-10bp;gc_cont=0.435;conf=100.00;score=174.30;cscore=153.17;sscore=21.13;rscore=12.54;uscore=2.96;tscore=4.47;
NZ_CADHBV010000016.1	Prodigal_v2.6.3	CDS	24198	25403	220.5	-	0	ID=16_26;partial=00;start_type=ATG;rbs_motif=AGGA;rbs_spacer=5-10bp;gc_cont=0.422;conf=99.99;score=220.53;cscore=197.29;sscore=23.24;rscore=12.54;uscore=4.98;tscore=4.47;
NZ_CADHBV010000016.1	Prodigal_v2.6.3	CDS	25406	26485	199.6	-	0	ID=16_27;partial=00;start_type=ATG;rbs_motif=GGA/GAG/AGG;rbs_spacer=5-10bp;gc_cont=0.435;conf=99.99;score=199.58;cscore=189.38;sscore=10.20;rscore=3.13;uscore=3.24;tscore=4.47;
NZ_CADHBV010000016.1	Prodigal_v2.6.3	CDS	26605	27732	170.8	+	0	ID=16_28;partial=00;start_type=ATG;rbs_motif=AGxAG;rbs_spacer=3-4bp;gc_cont=0.400;conf=100.00;score=170.82;cscore=160.75;sscore=10.07;rscore=4.39;uscore=1.21;tscore=4.47;
NZ_CADHBV010000016.1	Prodigal_v2.6.3	CDS	27725	29074	255.4	+	0	ID=16_29;partial=00;start_type=ATG;rbs_motif=GGA/GAG/AGG;rbs_spacer=5-10bp;gc_cont=0.376;conf=99.99;score=255.38;cscore=243.60;sscore=11.78;rscore=3.13;uscore=2.92;tscore=4.47;
NZ_CADHBV010000016.1	Prodigal_v2.6.3	CDS	29074	29460	60.1	+	0	ID=16_30;partial=00;start_type=ATG;rbs_motif=GGAG/GAGG;rbs_spacer=5-10bp;gc_cont=0.380;conf=100.00;score=60.09;cscore=48.12;sscore=11.97;rscore=6.22;uscore=-0.05;tscore=4.47;
NZ_CADHBV010000016.1	Prodigal_v2.6.3	CDS	29457	31706	370.3	+	0	ID=16_31;partial=00;start_type=ATG;rbs_motif=None;rbs_spacer=None;gc_cont=0.386;conf=99.99;score=370.26;cscore=364.49;sscore=5.77;rscore=-6.18;uscore=-1.81;tscore=4.47;
NZ_CADHBV010000016.1	Prodigal_v2.6.3	CDS	31852	32373	125.0	-	0	ID=16_32;partial=00;start_type=ATG;rbs_motif=AGGAG;rbs_spacer=5-10bp;gc_cont=0.410;conf=100.00;score=125.00;cscore=104.71;sscore=20.30;rscore=13.58;uscore=1.52;tscore=4.47;
NZ_CADHBV010000016.1	Prodigal_v2.6.3	CDS	32424	33020	87.3	-	0	ID=16_33;partial=01;start_type=Edge;rbs_motif=None;rbs_spacer=None;gc_cont=0.357;conf=100.00;score=87.25;cscore=84.04;sscore=3.22;rscore=0.00;uscore=0.00;tscore=3.22;
# Sequence Data: seqnum=17;seqlen=27772;seqhdr="NZ_CADHBV010000017.1 Helicobacter pylori isolate clinical, whole genome shotgun sequence"
# Model Data: version=Prodigal.v2.6.3;run_type=Single;model="Ab initio";gc_cont=38.94;transl_table=11;uses_sd=1
NZ_CADHBV010000017.1	Prodigal_v2.6.3	CDS	2	862	114.0	-	0	ID=17_1;partial=10;start_type=GTG;rbs_motif=None;rbs_spacer=None;gc_cont=0.416;conf=100.00;score=114.04;cscore=133.29;sscore=-19.25;rscore=-6.18;uscore=-4.86;tscore=-7.55;
NZ_CADHBV010000017.1	Prodigal_v2.6.3	CDS	1272	2042	133.5	-	0	ID=17_2;partial=00;start_type=ATG;rbs_motif=AGGAG;rbs_spacer=5-10bp;gc_cont=0.376;conf=100.00;score=133.53;cscore=113.78;sscore=19.74;rscore=13.58;uscore=2.34;tscore=4.47;
NZ_CADHBV010000017.1	Prodigal_v2.6.3	CDS	2284	3987	294.2	-	0	ID=17_3;partial=00;start_type=ATG;rbs_motif=AGGA;rbs_spacer=5-10bp;gc_cont=0.439;conf=99.99;score=294.22;cscore=276.35;sscore=17.87;rscore=12.54;uscore=0.86;tscore=4.47;
NZ_CADHBV010000017.1	Prodigal_v2.6.3	CDS	4164	5984	362.3	-	0	ID=17_4;partial=00;start_type=ATG;rbs_motif=GGA/GAG/AGG;rbs_spacer=5-10bp;gc_cont=0.396;conf=99.99;score=362.28;cscore=354.26;sscore=8.02;rscore=3.13;uscore=-0.85;tscore=4.47;
NZ_CADHBV010000017.1	Prodigal_v2.6.3	CDS	5986	6420	83.3	-	0	ID=17_5;partial=00;start_type=ATG;rbs_motif=AGGA;rbs_spacer=5-10bp;gc_cont=0.366;conf=100.00;score=83.26;cscore=66.12;sscore=17.14;rscore=12.54;uscore=0.12;tscore=4.47;
NZ_CADHBV010000017.1	Prodigal_v2.6.3	CDS	6551	7507	126.7	-	0	ID=17_6;partial=00;start_type=TTG;rbs_motif=AGGA;rbs_spacer=5-10bp;gc_cont=0.362;conf=100.00;score=126.74;cscore=121.37;sscore=5.37;rscore=12.54;uscore=-0.86;tscore=-6.31;
NZ_CADHBV010000017.1	Prodigal_v2.6.3	CDS	7650	7853	33.0	-	0	ID=17_7;partial=00;start_type=ATG;rbs_motif=AGGA;rbs_spacer=5-10bp;gc_cont=0.397;conf=99.95;score=33.05;cscore=17.55;sscore=15.50;rscore=10.08;uscore=1.82;tscore=3.60;
NZ_CADHBV010000017.1	Prodigal_v2.6.3	CDS	7917	8123	8.2	-	0	ID=17_8;partial=00;start_type=ATG;rbs_motif=GGA/GAG/AGG;rbs_spacer=5-10bp;gc_cont=0.309;conf=86.74;score=8.17;cscore=3.98;sscore=4.19;rscore=2.56;uscore=-2.95;tscore=3.65;
NZ_CADHBV010000017.1	Prodigal_v2.6.3	CDS	8155	8712	112.8	-	0	ID=17_9;partial=00;start_type=ATG;rbs_motif=AGGAG;rbs_spacer=5-10bp;gc_cont=0.443;conf=100.00;score=112.84;cscore=89.39;sscore=23.45;rscore=13.58;uscore=4.21;tscore=4.47;
NZ_CADHBV010000017.1	Prodigal_v2.6.3	CDS	8699	9694	132.7	-	0	ID=17_10;partial=00;start_type=ATG;rbs_motif=None;rbs_spacer=None;gc_cont=0.383;conf=100.00;score=132.68;cscore=132.65;sscore=0.03;rscore=-6.18;uscore=0.55;tscore=4.47;
NZ_CADHBV010000017.1	Prodigal_v2.6.3	CDS	9702	10241	98.8	-	0	ID=17_11;partial=00;start_type=ATG;rbs_motif=GGAG/GAGG;rbs_spacer=5-10bp;gc_cont=0.398;conf=100.00;score=98.79;cscore=84.46;sscore=14.32;rscore=6.22;uscore=3.63;tscore=4.47;
NZ_CADHBV010000017.1	Prodigal_v2.6.3	CDS	10308	11561	195.3	-	0	ID=17_12;partial=00;start_type=ATG;rbs_motif=AGGA;rbs_spacer=5-10bp;gc_cont=0.374;conf=99.99;score=195.31;cscore=176.33;sscore=18.98;rscore=12.54;uscore=0.67;tscore=4.47;
NZ_CADHBV010000017.1	Prodigal_v2.6.3	CDS	11558	12382	155.0	-	0	ID=17_13;partial=00;start_type=ATG;rbs_motif=AGxAGG/AGGxGG;rbs_spacer=5-10bp;gc_cont=0.345;conf=100.00;score=154.99;cscore=142.32;sscore=12.67;rscore=4.39;uscore=2.73;tscore=4.47;
NZ_CADHBV010000017.1	Prodigal_v2.6.3	CDS	12401	12802	72.4	-	0	ID=17_14;partial=00;start_type=ATG;rbs_motif=AGxAGG/AGGxGG;rbs_spacer=5-10bp;gc_cont=0.346;conf=100.00;score=72.44;cscore=60.56;sscore=11.88;rscore=4.39;uscore=2.30;tscore=4.47;
NZ_CADHBV010000017.1	Prodigal_v2.6.3	CDS	12854	13423	68.3	-	0	ID=17_15;partial=00;start_type=ATG;rbs_motif=GGA/GAG/AGG;rbs_spacer=5-10bp;gc_cont=0.395;conf=100.00;score=68.28;cscore=62.34;sscore=5.94;rscore=3.13;uscore=-2.83;tscore=4.47;
NZ_CADHBV010000017.1	Prodigal_v2.6.3	CDS	13434	13805	69.4	-	0	ID=17_16;partial=00;start_type=ATG;rbs_motif=GGA/GAG/AGG;rbs_spacer=5-10bp;gc_cont=0.446;conf=100.00;score=69.37;cscore=57.38;sscore=11.99;rscore=3.13;uscore=3.22;tscore=4.47;
NZ_CADHBV010000017.1	Prodigal_v2.6.3	CDS	13816	15216	261.2	-	0	ID=17_17;partial=00;start_type=ATG;rbs_motif=AGGAG/GGAGG;rbs_spacer=11-12bp;gc_cont=0.458;conf=99.99;score=261.21;cscore=247.24;sscore=13.96;rscore=5.28;uscore=3.29;tscore=4.47;
NZ_CADHBV010000017.1	Prodigal_v2.6.3	CDS	15249	16154	158.1	-	0	ID=17_18;partial=00;start_type=ATG;rbs_motif=AGGAG/GGAGG;rbs_spacer=11-12bp;gc_cont=0.364;conf=100.00;score=158.11;cscore=149.67;sscore=8.44;rscore=5.28;uscore=-2.43;tscore=4.47;
NZ_CADHBV010000017.1	Prodigal_v2.6.3	CDS	16169	17680	288.1	-	0	ID=17_19;partial=00;start_type=ATG;rbs_motif=AGGAG;rbs_spacer=5-10bp;gc_cont=0.442;conf=99.99;score=288.07;cscore=265.89;sscore=22.19;rscore=13.58;uscore=3.10;tscore=4.47;
NZ_CADHBV010000017.1	Prodigal_v2.6.3	CDS	17703	18245	89.4	-	0	ID=17_20;partial=00;start_type=ATG;rbs_motif=GGA/GAG/AGG;rbs_spacer=5-10bp;gc_cont=0.352;conf=100.00;score=89.38;cscore=80.03;sscore=9.35;rscore=3.13;uscore=0.47;tscore=4.47;
NZ_CADHBV010000017.1	Prodigal_v2.6.3	CDS	18246	18761	77.9	-	0	ID=17_21;partial=00;start_type=ATG;rbs_motif=GGAG/GAGG;rbs_spacer=5-10bp;gc_cont=0.347;conf=100.00;score=77.90;cscore=69.37;sscore=8.53;rscore=6.22;uscore=-3.40;tscore=4.47;
NZ_CADHBV010000017.1	Prodigal_v2.6.3	CDS	18765	19199	64.2	-	0	ID=17_22;partial=00;start_type=ATG;rbs_motif=4Base/6BMM;rbs_spacer=13-15bp;gc_cont=0.418;conf=100.00;score=64.23;cscore=60.77;sscore=3.46;rscore=-2.36;uscore=1.35;tscore=4.47;
NZ_CADHBV010000017.1	Prodigal_v2.6.3	CDS	19304	20176	139.8	-	0	ID=17_23;partial=00;start_type=ATG;rbs_motif=GGA/GAG/AGG;rbs_spacer=5-10bp;gc_cont=0.378;conf=100.00;score=139.77;cscore=130.69;sscore=9.08;rscore=3.13;uscore=0.24;tscore=4.47;
NZ_CADHBV010000017.1	Prodigal_v2.6.3	CDS	20180	20971	131.8	-	0	ID=17_24;partial=00;start_type=ATG;rbs_motif=AGGA;rbs_spacer=5-10bp;gc_cont=0.394;conf=100.00;score=131.79;cscore=111.50;sscore=20.29;rscore=12.54;uscore=2.06;tscore=4.47;
NZ_CADHBV010000017.1	Prodigal_v2.6.3	CDS	20977	21627	99.9	-	0	ID=17_25;partial=00;start_type=ATG;rbs_motif=AGxAGG/AGGxGG;rbs_spacer=5-10bp;gc_cont=0.392;conf=100.00;score=99.88;cscore=88.69;sscore=11.19;rscore=4.39;uscore=1.04;tscore=4.47;
NZ_CADHBV010000017.1	Prodigal_v2.6.3	CDS	21624	22535	148.9	-	0	ID=17_26;partial=00;start_type=ATG;rbs_motif=GGA/GAG/AGG;rbs_spacer=5-10bp;gc_cont=0.394;conf=100.00;score=148.88;cscore=134.98;sscore=13.90;rscore=3.13;uscore=5.14;tscore=4.47;
NZ_CADHBV010000017.1	Prodigal_v2.6.3	CDS	22547	25132	338.3	-	0	ID=17_27;partial=00;start_type=ATG;rbs_motif=AGGAG;rbs_spacer=5-10bp;gc_cont=0.313;conf=99.99;score=338.30;cscore=320.03;sscore=18.27;rscore=13.58;uscore=-0.64;tscore=4.47;
NZ_CADHBV010000017.1	Prodigal_v2.6.3	CDS	25171	26472	266.1	-	0	ID=17_28;partial=00;start_type=ATG;rbs_motif=AGGA;rbs_spacer=5-10bp;gc_cont=0.401;conf=99.99;score=266.05;cscore=244.27;sscore=21.78;rscore=12.54;uscore=5.42;tscore=4.47;
NZ_CADHBV010000017.1	Prodigal_v2.6.3	CDS	26639	27223	15.8	+	0	ID=17_29;partial=00;start_type=ATG;rbs_motif=None;rbs_spacer=None;gc_cont=0.376;conf=97.44;score=15.83;cscore=13.54;sscore=2.29;rscore=-6.18;uscore=4.00;tscore=4.47;
# Sequence Data: seqnum=18;seqlen=23688;seqhdr="NZ_CADHBV010000018.1 Helicobacter pylori isolate clinical, whole genome shotgun sequence"
# Model Data: version=Prodigal.v2.6.3;run_type=Single;model="Ab initio";gc_cont=38.94;transl_table=11;uses_sd=1
NZ_CADHBV010000018.1	Prodigal_v2.6.3	CDS	73	513	76.7	+	0	ID=18_1;partial=00;start_type=ATG;rbs_motif=AGGAG;rbs_spacer=5-10bp;gc_cont=0.417;conf=100.00;score=76.65;cscore=57.01;sscore=19.65;rscore=13.58;uscore=1.59;tscore=4.47;
NZ_CADHBV010000018.1	Prodigal_v2.6.3	CDS	565	2406	283.2	+	0	ID=18_2;partial=00;start_type=ATG;rbs_motif=AGGA;rbs_spacer=5-10bp;gc_cont=0.377;conf=99.99;score=283.22;cscore=264.19;sscore=19.04;rscore=12.54;uscore=1.30;tscore=4.47;
NZ_CADHBV010000018.1	Prodigal_v2.6.3	CDS	2546	3463	143.6	+	0	ID=18_3;partial=00;start_type=ATG;rbs_motif=AGGAG;rbs_spacer=5-10bp;gc_cont=0.379;conf=100.00;score=143.63;cscore=122.42;sscore=21.20;rscore=13.58;uscore=3.15;tscore=4.47;
NZ_CADHBV010000018.1	Prodigal_v2.6.3	CDS	3510	3599	0.2	-	0	ID=18_4;partial=00;start_type=ATG;rbs_motif=GGA/GAG/AGG;rbs_spacer=5-10bp;gc_cont=0.311;conf=50.90;score=0.16;cscore=-4.32;sscore=4.48;rscore=1.09;uscore=1.05;tscore=1.56;
NZ_CADHBV010000018.1	Prodigal_v2.6.3	CDS	3599	4045	80.8	-	0	ID=18_5;partial=00;start_type=ATG;rbs_motif=AGGA;rbs_spacer=5-10bp;gc_cont=0.403;conf=100.00;score=80.84;cscore=59.23;sscore=21.60;rscore=12.54;uscore=5.24;tscore=4.47;
NZ_CADHBV010000018.1	Prodigal_v2.6.3	CDS	4105	4446	72.8	+	0	ID=18_6;partial=00;start_type=ATG;rbs_motif=AGGA;rbs_spacer=5-10bp;gc_cont=0.363;conf=100.00;score=72.83;cscore=52.41;sscore=20.42;rscore=12.54;uscore=3.41;tscore=4.47;
NZ_CADHBV010000018.1	Prodigal_v2.6.3	CDS	4517	5350	93.3	+	0	ID=18_7;partial=00;start_type=TTG;rbs_motif=None;rbs_spacer=None;gc_cont=0.380;conf=100.00;score=93.31;cscore=107.47;sscore=-14.16;rscore=-6.18;uscore=-1.67;tscore=-6.31;
NZ_CADHBV010000018.1	Prodigal_v2.6.3	CDS	5351	6457	120.6	+	0	ID=18_8;partial=00;start_type=ATG;rbs_motif=GGAG/GAGG;rbs_spacer=5-10bp;gc_cont=0.379;conf=100.00;score=120.57;cscore=106.69;sscore=13.88;rscore=6.22;uscore=1.91;tscore=4.47;
NZ_CADHBV010000018.1	Prodigal_v2.6.3	CDS	6468	7430	58.5	-	0	ID=18_9;partial=00;start_type=ATG;rbs_motif=None;rbs_spacer=None;gc_cont=0.308;conf=100.00;score=58.54;cscore=59.11;sscore=-0.57;rscore=-6.18;uscore=1.14;tscore=4.47;
NZ_CADHBV010000018.1	Prodigal_v2.6.3	CDS	7411	7575	13.0	-	0	ID=18_10;partial=00;start_type=ATG;rbs_motif=GGA/GAG/AGG;rbs_spacer=5-10bp;gc_cont=0.333;conf=95.16;score=12.96;cscore=5.38;sscore=7.58;rscore=2.03;uscore=3.30;tscore=2.90;
NZ_CADHBV010000018.1	Prodigal_v2.6.3	CDS	7772	8170	28.2	-	0	ID=18_11;partial=00;start_type=ATG;rbs_motif=4Base/6BMM;rbs_spacer=13-15bp;gc_cont=0.308;conf=99.85;score=28.17;cscore=27.84;sscore=0.32;rscore=-2.36;uscore=-1.79;tscore=4.47;
NZ_CADHBV010000018.1	Prodigal_v2.6.3	CDS	8269	9048	139.6	-	0	ID=18_12;partial=00;start_type=ATG;rbs_motif=GGA/GAG/AGG;rbs_spacer=5-10bp;gc_cont=0.413;conf=100.00;score=139.61;cscore=129.86;sscore=9.75;rscore=3.13;uscore=0.90;tscore=4.47;
NZ_CADHBV010000018.1	Prodigal_v2.6.3	CDS	9052	9318	56.6	-	0	ID=18_13;partial=00;start_type=ATG;rbs_motif=AGGA;rbs_spacer=5-10bp;gc_cont=0.382;conf=100.00;score=56.65;cscore=36.66;sscore=19.99;rscore=12.54;uscore=1.81;tscore=4.47;
NZ_CADHBV010000018.1	Prodigal_v2.6.3	CDS	9329	10633	236.1	-	0	ID=18_14;partial=00;start_type=ATG;rbs_motif=GGA/GAG/AGG;rbs_spacer=5-10bp;gc_cont=0.452;conf=99.99;score=236.09;cscore=228.98;sscore=7.11;rscore=3.13;uscore=-1.77;tscore=4.47;
NZ_CADHBV010000018.1	Prodigal_v2.6.3	CDS	10634	11548	134.3	-	0	ID=18_15;partial=00;start_type=TTG;rbs_motif=AGGA;rbs_spacer=5-10bp;gc_cont=0.426;conf=100.00;score=134.29;cscore=127.69;sscore=6.60;rscore=12.54;uscore=-0.73;tscore=-6.31;
NZ_CADHBV010000018.1	Prodigal_v2.6.3	CDS	11565	14327	460.8	-	0	ID=18_16;partial=00;start_type=GTG;rbs_motif=AGGA;rbs_spacer=5-10bp;gc_cont=0.406;conf=99.99;score=460.79;cscore=451.40;sscore=9.40;rscore=12.54;uscore=3.40;tscore=-7.55;
NZ_CADHBV010000018.1	Prodigal_v2.6.3	CDS	14352	14606	32.8	-	0	ID=18_17;partial=00;start_type=ATG;rbs_motif=3Base/5BMM;rbs_spacer=13-15bp;gc_cont=0.400;conf=99.95;score=32.76;cscore=30.62;sscore=2.14;rscore=-5.81;uscore=4.13;tscore=4.47;
NZ_CADHBV010000018.1	Prodigal_v2.6.3	CDS	14708	15328	85.0	+	0	ID=18_18;partial=00;start_type=TTG;rbs_motif=AGGA;rbs_spacer=5-10bp;gc_cont=0.428;conf=100.00;score=85.04;cscore=82.13;sscore=2.91;rscore=12.54;uscore=-3.32;tscore=-6.31;
NZ_CADHBV010000018.1	Prodigal_v2.6.3	CDS	15456	15911	32.6	-	0	ID=18_19;partial=00;start_type=ATG;rbs_motif=None;rbs_spacer=None;gc_cont=0.382;conf=99.94;score=32.62;cscore=34.52;sscore=-1.90;rscore=-6.18;uscore=-0.19;tscore=4.47;
NZ_CADHBV010000018.1	Prodigal_v2.6.3	CDS	15872	16285	20.9	-	0	ID=18_20;partial=00;start_type=ATG;rbs_motif=None;rbs_spacer=None;gc_cont=0.374;conf=99.18;score=20.88;cscore=21.02;sscore=-0.14;rscore=-6.18;uscore=2.22;tscore=4.47;
NZ_CADHBV010000018.1	Prodigal_v2.6.3	CDS	16581	16802	16.0	-	0	ID=18_21;partial=00;start_type=ATG;rbs_motif=AGGAG(G)/GGAGG;rbs_spacer=13-15bp;gc_cont=0.536;conf=97.51;score=15.96;cscore=10.46;sscore=5.49;rscore=0.39;uscore=1.84;tscore=3.92;
NZ_CADHBV010000018.1	Prodigal_v2.6.3	CDS	17011	18084	166.5	-	0	ID=18_22;partial=00;start_type=ATG;rbs_motif=GGA/GAG/AGG;rbs_spacer=5-10bp;gc_cont=0.381;conf=100.00;score=166.52;cscore=157.62;sscore=8.90;rscore=3.13;uscore=-0.28;tscore=4.47;
NZ_CADHBV010000018.1	Prodigal_v2.6.3	CDS	18081	19070	168.1	-	0	ID=18_23;partial=00;start_type=ATG;rbs_motif=None;rbs_spacer=None;gc_cont=0.432;conf=100.00;score=168.06;cscore=166.61;sscore=1.44;rscore=-6.18;uscore=2.00;tscore=4.47;
NZ_CADHBV010000018.1	Prodigal_v2.6.3	CDS	19054	21123	379.6	-	0	ID=18_24;partial=00;start_type=ATG;rbs_motif=AGGA;rbs_spacer=5-10bp;gc_cont=0.436;conf=99.99;score=379.64;cscore=359.17;sscore=20.47;rscore=12.54;uscore=2.60;tscore=4.47;
NZ_CADHBV010000018.1	Prodigal_v2.6.3	CDS	21162	21977	90.8	-	0	ID=18_25;partial=00;start_type=ATG;rbs_motif=AGxAG;rbs_spacer=5-10bp;gc_cont=0.388;conf=100.00;score=90.83;cscore=89.78;sscore=1.04;rscore=-3.49;uscore=0.71;tscore=4.47;
NZ_CADHBV010000018.1	Prodigal_v2.6.3	CDS	22240	22488	26.6	+	0	ID=18_26;partial=00;start_type=ATG;rbs_motif=AGGAG(G)/GGAGG;rbs_spacer=13-15bp;gc_cont=0.482;conf=99.78;score=26.58;cscore=19.50;sscore=7.08;rscore=0.44;uscore=2.24;tscore=4.40;
NZ_CADHBV010000018.1	Prodigal_v2.6.3	CDS	22948	23688	62.9	-	0	ID=18_27;partial=01;start_type=Edge;rbs_motif=None;rbs_spacer=None;gc_cont=0.296;conf=100.00;score=62.92;cscore=59.70;sscore=3.22;rscore=0.00;uscore=0.00;tscore=3.22;
# Sequence Data: seqnum=19;seqlen=18503;seqhdr="NZ_CADHBV010000019.1 Helicobacter pylori isolate clinical, whole genome shotgun sequence"
# Model Data: version=Prodigal.v2.6.3;run_type=Single;model="Ab initio";gc_cont=38.94;transl_table=11;uses_sd=1
NZ_CADHBV010000019.1	Prodigal_v2.6.3	CDS	1	1272	251.1	-	0	ID=19_1;partial=10;start_type=ATG;rbs_motif=AGGA;rbs_spacer=5-10bp;gc_cont=0.370;conf=99.99;score=251.09;cscore=230.52;sscore=20.57;rscore=12.54;uscore=2.39;tscore=4.47;
NZ_CADHBV010000019.1	Prodigal_v2.6.3	CDS	1283	1921	106.0	-	0	ID=19_2;partial=00;start_type=ATG;rbs_motif=GGAG/GAGG;rbs_spacer=5-10bp;gc_cont=0.362;conf=100.00;score=106.03;cscore=90.78;sscore=15.25;rscore=6.22;uscore=3.28;tscore=4.47;
NZ_CADHBV010000019.1	Prodigal_v2.6.3	CDS	1921	3084	168.7	-	0	ID=19_3;partial=00;start_type=ATG;rbs_motif=None;rbs_spacer=None;gc_cont=0.399;conf=100.00;score=168.67;cscore=165.53;sscore=3.14;rscore=-6.18;uscore=5.50;tscore=4.47;
NZ_CADHBV010000019.1	Prodigal_v2.6.3	CDS	3341	3697	37.9	-	0	ID=19_4;partial=00;start_type=TTG;rbs_motif=None;rbs_spacer=None;gc_cont=0.283;conf=99.98;score=37.88;cscore=39.25;sscore=-1.37;rscore=-6.18;uscore=3.64;tscore=-6.31;
NZ_CADHBV010000019.1	Prodigal_v2.6.3	CDS	3694	3972	10.7	-	0	ID=19_5;partial=00;start_type=TTG;rbs_motif=None;rbs_spacer=None;gc_cont=0.312;conf=92.12;score=10.69;cscore=20.57;sscore=-9.88;rscore=-6.18;uscore=2.61;tscore=-6.31;
NZ_CADHBV010000019.1	Prodigal_v2.6.3	CDS	3965	4996	117.3	-	0	ID=19_6;partial=00;start_type=TTG;rbs_motif=None;rbs_spacer=None;gc_cont=0.344;conf=100.00;score=117.33;cscore=130.76;sscore=-13.43;rscore=-6.18;uscore=-2.19;tscore=-6.31;
NZ_CADHBV010000019.1	Prodigal_v2.6.3	CDS	4999	7320	452.4	-	0	ID=19_7;partial=00;start_type=ATG;rbs_motif=GGA/GAG/AGG;rbs_spacer=5-10bp;gc_cont=0.408;conf=99.99;score=452.44;cscore=444.45;sscore=7.99;rscore=3.13;uscore=-0.76;tscore=4.47;
NZ_CADHBV010000019.1	Prodigal_v2.6.3	CDS	7333	8457	196.3	-	0	ID=19_8;partial=00;start_type=ATG;rbs_motif=GGA/GAG/AGG;rbs_spacer=5-10bp;gc_cont=0.361;conf=99.99;score=196.25;cscore=184.41;sscore=11.84;rscore=3.13;uscore=3.56;tscore=4.47;
NZ_CADHBV010000019.1	Prodigal_v2.6.3	CDS	8513	9580	138.3	-	0	ID=19_9;partial=00;start_type=ATG;rbs_motif=AGxAGG/AGGxGG;rbs_spacer=3-4bp;gc_cont=0.404;conf=100.00;score=138.31;cscore=125.18;sscore=13.13;rscore=5.52;uscore=2.02;tscore=4.47;
NZ_CADHBV010000019.1	Prodigal_v2.6.3	CDS	9596	10924	145.7	-	0	ID=19_10;partial=00;start_type=ATG;rbs_motif=None;rbs_spacer=None;gc_cont=0.375;conf=100.00;score=145.66;cscore=144.93;sscore=0.73;rscore=-6.18;uscore=1.27;tscore=4.47;
NZ_CADHBV010000019.1	Prodigal_v2.6.3	CDS	10935	12263	153.7	-	0	ID=19_11;partial=00;start_type=ATG;rbs_motif=AGGAG(G)/GGAGG;rbs_spacer=13-15bp;gc_cont=0.384;conf=100.00;score=153.66;cscore=150.16;sscore=3.51;rscore=0.44;uscore=-0.76;tscore=4.47;
NZ_CADHBV010000019.1	Prodigal_v2.6.3	CDS	12495	12896	59.6	+	0	ID=19_12;partial=00;start_type=ATG;rbs_motif=GGA/GAG/AGG;rbs_spacer=5-10bp;gc_cont=0.398;conf=100.00;score=59.62;cscore=46.73;sscore=12.89;rscore=3.13;uscore=5.29;tscore=4.47;
NZ_CADHBV010000019.1	Prodigal_v2.6.3	CDS	12886	13146	34.5	+	0	ID=19_13;partial=00;start_type=GTG;rbs_motif=AGGAG;rbs_spacer=5-10bp;gc_cont=0.349;conf=99.96;score=34.45;cscore=27.47;sscore=6.99;rscore=13.58;uscore=-0.26;tscore=-7.55;
NZ_CADHBV010000019.1	Prodigal_v2.6.3	CDS	13143	14411	181.7	-	0	ID=19_14;partial=00;start_type=ATG;rbs_motif=GGA/GAG/AGG;rbs_spacer=5-10bp;gc_cont=0.366;conf=99.99;score=181.67;cscore=173.37;sscore=8.30;rscore=3.13;uscore=-0.56;tscore=4.47;
NZ_CADHBV010000019.1	Prodigal_v2.6.3	CDS	14413	15495	135.7	-	0	ID=19_15;partial=00;start_type=ATG;rbs_motif=None;rbs_spacer=None;gc_cont=0.411;conf=100.00;score=135.65;cscore=136.61;sscore=-0.96;rscore=-6.18;uscore=1.40;tscore=4.47;
NZ_CADHBV010000019.1	Prodigal_v2.6.3	CDS	15590	16426	111.2	+	0	ID=19_16;partial=00;start_type=ATG;rbs_motif=AGGAG;rbs_spacer=5-10bp;gc_cont=0.362;conf=100.00;score=111.25;cscore=89.41;sscore=21.84;rscore=13.58;uscore=3.79;tscore=4.47;
NZ_CADHBV010000019.1	Prodigal_v2.6.3	CDS	16526	16714	28.6	+	0	ID=19_17;partial=00;start_type=ATG;rbs_motif=AGGA;rbs_spacer=5-10bp;gc_cont=0.429;conf=99.86;score=28.62;cscore=13.19;sscore=15.43;rscore=9.33;uscore=2.77;tscore=3.33;
NZ_CADHBV010000019.1	Prodigal_v2.6.3	CDS	16897	18033	191.1	+	0	ID=19_18;partial=00;start_type=TTG;rbs_motif=AGGA;rbs_spacer=5-10bp;gc_cont=0.404;conf=99.99;score=191.06;cscore=184.09;sscore=6.97;rscore=12.54;uscore=1.39;tscore=-6.31;
NZ_CADHBV010000019.1	Prodigal_v2.6.3	CDS	18405	18503	13.8	-	0	ID=19_19;partial=01;start_type=Edge;rbs_motif=None;rbs_spacer=None;gc_cont=0.323;conf=95.97;score=13.80;cscore=10.58;sscore=3.22;rscore=0.00;uscore=0.00;tscore=3.22;
# Sequence Data: seqnum=20;seqlen=17803;seqhdr="NZ_CADHBV010000020.1 Helicobacter pylori isolate clinical, whole genome shotgun sequence"
# Model Data: version=Prodigal.v2.6.3;run_type=Single;model="Ab initio";gc_cont=38.94;transl_table=11;uses_sd=1
NZ_CADHBV010000020.1	Prodigal_v2.6.3	CDS	3	77	10.7	-	0	ID=20_1;partial=10;start_type=ATG;rbs_motif=GGA/GAG/AGG;rbs_spacer=5-10bp;gc_cont=0.253;conf=92.21;score=10.75;cscore=0.56;sscore=10.19;rscore=3.13;uscore=1.37;tscore=4.47;
NZ_CADHBV010000020.1	Prodigal_v2.6.3	CDS	67	1209	31.5	-	0	ID=20_2;partial=00;start_type=TTG;rbs_motif=GGAG/GAGG;rbs_spacer=5-10bp;gc_cont=0.279;conf=99.93;score=31.46;cscore=29.83;sscore=1.63;rscore=6.22;uscore=0.57;tscore=-6.31;
NZ_CADHBV010000020.1	Prodigal_v2.6.3	CDS	1193	2014	37.8	-	0	ID=20_3;partial=00;start_type=ATG;rbs_motif=AGGA;rbs_spacer=5-10bp;gc_cont=0.332;conf=99.98;score=37.78;cscore=19.49;sscore=18.29;rscore=12.54;uscore=0.13;tscore=4.47;
NZ_CADHBV010000020.1	Prodigal_v2.6.3	CDS	2026	3348	45.4	-	0	ID=20_4;partial=00;start_type=ATG;rbs_motif=GGA/GAG/AGG;rbs_spacer=5-10bp;gc_cont=0.320;conf=100.00;score=45.37;cscore=36.25;sscore=9.11;rscore=3.13;uscore=0.23;tscore=4.47;
NZ_CADHBV010000020.1	Prodigal_v2.6.3	CDS	3348	4262	29.9	-	0	ID=20_5;partial=00;start_type=ATG;rbs_motif=GGAG/GAGG;rbs_spacer=5-10bp;gc_cont=0.294;conf=99.90;score=29.88;cscore=22.60;sscore=7.28;rscore=6.22;uscore=-2.76;tscore=4.47;
NZ_CADHBV010000020.1	Prodigal_v2.6.3	CDS	4730	4834	15.8	-	0	ID=20_6;partial=00;start_type=ATG;rbs_motif=GGA/GAG/AGG;rbs_spacer=5-10bp;gc_cont=0.257;conf=97.42;score=15.79;cscore=11.10;sscore=4.69;rscore=1.28;uscore=0.63;tscore=1.82;
NZ_CADHBV010000020.1	Prodigal_v2.6.3	CDS	4864	5130	24.9	-	0	ID=20_7;partial=00;start_type=ATG;rbs_motif=GGA/GAG/AGG;rbs_spacer=5-10bp;gc_cont=0.345;conf=99.67;score=24.86;cscore=13.92;sscore=10.94;rscore=3.13;uscore=2.15;tscore=4.47;
NZ_CADHBV010000020.1	Prodigal_v2.6.3	CDS	5117	5395	51.3	-	0	ID=20_8;partial=00;start_type=ATG;rbs_motif=AGGAG;rbs_spacer=5-10bp;gc_cont=0.280;conf=100.00;score=51.28;cscore=32.60;sscore=18.68;rscore=13.58;uscore=1.28;tscore=4.47;
NZ_CADHBV010000020.1	Prodigal_v2.6.3	CDS	5567	5902	16.2	+	0	ID=20_9;partial=00;start_type=GTG;rbs_motif=GGA/GAG/AGG;rbs_spacer=5-10bp;gc_cont=0.283;conf=97.65;score=16.21;cscore=23.13;sscore=-6.92;rscore=3.13;uscore=-2.50;tscore=-7.55;
NZ_CADHBV010000020.1	Prodigal_v2.6.3	CDS	6595	7137	41.5	+	0	ID=20_10;partial=00;start_type=ATG;rbs_motif=AGGA;rbs_spacer=5-10bp;gc_cont=0.350;conf=99.99;score=41.46;cscore=26.11;sscore=15.35;rscore=12.54;uscore=-1.01;tscore=4.47;
NZ_CADHBV010000020.1	Prodigal_v2.6.3	CDS	7147	7848	93.3	+	0	ID=20_11;partial=00;start_type=ATG;rbs_motif=GGA/GAG/AGG;rbs_spacer=5-10bp;gc_cont=0.376;conf=100.00;score=93.29;cscore=86.40;sscore=6.89;rscore=3.13;uscore=-1.89;tscore=4.47;
NZ_CADHBV010000020.1	Prodigal_v2.6.3	CDS	7947	8342	42.8	+	0	ID=20_12;partial=00;start_type=ATG;rbs_motif=AGGAG;rbs_spacer=5-10bp;gc_cont=0.321;conf=99.99;score=42.76;cscore=18.32;sscore=24.44;rscore=13.58;uscore=6.39;tscore=4.47;
NZ_CADHBV010000020.1	Prodigal_v2.6.3	CDS	8381	8860	7.2	-	0	ID=20_13;partial=00;start_type=ATG;rbs_motif=None;rbs_spacer=None;gc_cont=0.273;conf=83.93;score=7.19;cscore=6.63;sscore=0.56;rscore=-6.18;uscore=2.92;tscore=4.47;
NZ_CADHBV010000020.1	Prodigal_v2.6.3	CDS	9155	10564	150.6	+	0	ID=20_14;partial=00;start_type=ATG;rbs_motif=GGAG/GAGG;rbs_spacer=5-10bp;gc_cont=0.344;conf=100.00;score=150.62;cscore=137.02;sscore=13.60;rscore=6.22;uscore=2.91;tscore=4.47;
NZ_CADHBV010000020.1	Prodigal_v2.6.3	CDS	10567	12168	232.6	+	0	ID=20_15;partial=00;start_type=ATG;rbs_motif=AGGA;rbs_spacer=5-10bp;gc_cont=0.357;conf=99.99;score=232.57;cscore=216.09;sscore=16.49;rscore=12.54;uscore=-1.78;tscore=4.47;
NZ_CADHBV010000020.1	Prodigal_v2.6.3	CDS	12144	13037	80.5	+	0	ID=20_16;partial=00;start_type=GTG;rbs_motif=None;rbs_spacer=None;gc_cont=0.367;conf=100.00;score=80.49;cscore=96.06;sscore=-15.57;rscore=-6.18;uscore=-1.84;tscore=-7.55;
NZ_CADHBV010000020.1	Prodigal_v2.6.3	CDS	13078	13785	87.3	-	0	ID=20_17;partial=00;start_type=ATG;rbs_motif=None;rbs_spacer=None;gc_cont=0.339;conf=100.00;score=87.30;cscore=86.95;sscore=0.35;rscore=-6.18;uscore=1.30;tscore=4.47;
NZ_CADHBV010000020.1	Prodigal_v2.6.3	CDS	13833	14567	101.6	-	0	ID=20_18;partial=00;start_type=ATG;rbs_motif=AGGA;rbs_spacer=5-10bp;gc_cont=0.385;conf=100.00;score=101.61;cscore=81.56;sscore=20.05;rscore=12.54;uscore=2.24;tscore=4.47;
NZ_CADHBV010000020.1	Prodigal_v2.6.3	CDS	14612	16156	210.1	-	0	ID=20_19;partial=00;start_type=GTG;rbs_motif=AGGAG;rbs_spacer=5-10bp;gc_cont=0.376;conf=99.99;score=210.08;cscore=203.65;sscore=6.42;rscore=13.58;uscore=1.05;tscore=-7.55;
NZ_CADHBV010000020.1	Prodigal_v2.6.3	CDS	17116	17682	39.2	-	0	ID=20_20;partial=00;start_type=TTG;rbs_motif=GGA/GAG/AGG;rbs_spacer=5-10bp;gc_cont=0.386;conf=99.99;score=39.24;cscore=39.93;sscore=-0.69;rscore=3.13;uscore=2.48;tscore=-6.31;
# Sequence Data: seqnum=21;seqlen=13703;seqhdr="NZ_CADHBV010000021.1 Helicobacter pylori isolate clinical, whole genome shotgun sequence"
# Model Data: version=Prodigal.v2.6.3;run_type=Single;model="Ab initio";gc_cont=38.94;transl_table=11;uses_sd=1
NZ_CADHBV010000021.1	Prodigal_v2.6.3	CDS	2	874	126.7	-	0	ID=21_1;partial=10;start_type=TTG;rbs_motif=GGA/GAG/AGG;rbs_spacer=5-10bp;gc_cont=0.367;conf=100.00;score=126.67;cscore=133.42;sscore=-6.75;rscore=3.13;uscore=-2.92;tscore=-6.31;
NZ_CADHBV010000021.1	Prodigal_v2.6.3	CDS	1319	2716	194.8	-	0	ID=21_2;partial=00;start_type=TTG;rbs_motif=GGAG/GAGG;rbs_spacer=5-10bp;gc_cont=0.403;conf=99.99;score=194.78;cscore=192.85;sscore=1.93;rscore=6.22;uscore=2.02;tscore=-6.31;
NZ_CADHBV010000021.1	Prodigal_v2.6.3	CDS	2789	4375	169.8	-	0	ID=21_3;partial=00;start_type=ATG;rbs_motif=AGGA;rbs_spacer=5-10bp;gc_cont=0.445;conf=100.00;score=169.80;cscore=152.90;sscore=16.90;rscore=12.54;uscore=0.54;tscore=4.47;
NZ_CADHBV010000021.1	Prodigal_v2.6.3	CDS	4652	5596	165.3	+	0	ID=21_4;partial=00;start_type=ATG;rbs_motif=AGGAG;rbs_spacer=5-10bp;gc_cont=0.397;conf=100.00;score=165.32;cscore=143.74;sscore=21.58;rscore=13.58;uscore=3.52;tscore=4.47;
NZ_CADHBV010000021.1	Prodigal_v2.6.3	CDS	5821	6108	15.1	-	0	ID=21_5;partial=00;start_type=TTG;rbs_motif=GGA/GAG/AGG;rbs_spacer=5-10bp;gc_cont=0.344;conf=97.02;score=15.15;cscore=18.43;sscore=-3.28;rscore=3.13;uscore=0.55;tscore=-6.31;
NZ_CADHBV010000021.1	Prodigal_v2.6.3	CDS	6477	6578	2.3	-	0	ID=21_6;partial=00;start_type=ATG;rbs_motif=GGA/GAG/AGG;rbs_spacer=5-10bp;gc_cont=0.284;conf=62.82;score=2.28;cscore=5.35;sscore=-3.07;rscore=1.24;uscore=-7.33;tscore=1.77;
NZ_CADHBV010000021.1	Prodigal_v2.6.3	CDS	6571	7626	100.9	-	0	ID=21_7;partial=00;start_type=TTG;rbs_motif=AGGA/GGAG/GAGG;rbs_spacer=11-12bp;gc_cont=0.380;conf=100.00;score=100.90;cscore=101.94;sscore=-1.03;rscore=3.25;uscore=2.03;tscore=-6.31;
NZ_CADHBV010000021.1	Prodigal_v2.6.3	CDS	7717	8340	108.3	-	0	ID=21_8;partial=00;start_type=ATG;rbs_motif=AGGAG;rbs_spacer=5-10bp;gc_cont=0.354;conf=100.00;score=108.27;cscore=88.85;sscore=19.42;rscore=13.58;uscore=0.12;tscore=4.47;
NZ_CADHBV010000021.1	Prodigal_v2.6.3	CDS	8343	9272	122.8	-	0	ID=21_9;partial=00;start_type=ATG;rbs_motif=None;rbs_spacer=None;gc_cont=0.348;conf=100.00;score=122.83;cscore=121.80;sscore=1.04;rscore=-6.18;uscore=1.64;tscore=4.47;
NZ_CADHBV010000021.1	Prodigal_v2.6.3	CDS	9288	11087	363.6	-	0	ID=21_10;partial=00;start_type=ATG;rbs_motif=AGGA;rbs_spacer=5-10bp;gc_cont=0.433;conf=99.99;score=363.59;cscore=343.70;sscore=19.89;rscore=12.54;uscore=2.09;tscore=4.47;
NZ_CADHBV010000021.1	Prodigal_v2.6.3	CDS	11133	11981	105.1	-	0	ID=21_11;partial=00;start_type=ATG;rbs_motif=AGGA;rbs_spacer=5-10bp;gc_cont=0.335;conf=100.00;score=105.14;cscore=85.91;sscore=19.23;rscore=12.54;uscore=2.21;tscore=4.47;
NZ_CADHBV010000021.1	Prodigal_v2.6.3	CDS	11947	13584	208.4	-	0	ID=21_12;partial=00;start_type=ATG;rbs_motif=AGxAGG/AGGxGG;rbs_spacer=3-4bp;gc_cont=0.333;conf=99.99;score=208.41;cscore=195.61;sscore=12.80;rscore=5.52;uscore=1.62;tscore=4.47;
NZ_CADHBV010000021.1	Prodigal_v2.6.3	CDS	13593	13703	7.1	-	0	ID=21_13;partial=01;start_type=Edge;rbs_motif=None;rbs_spacer=None;gc_cont=0.369;conf=83.63;score=7.09;cscore=3.87;sscore=3.22;rscore=0.00;uscore=0.00;tscore=3.22;
# Sequence Data: seqnum=22;seqlen=8365;seqhdr="NZ_CADHBV010000022.1 Helicobacter pylori isolate clinical, whole genome shotgun sequence"
# Model Data: version=Prodigal.v2.6.3;run_type=Single;model="Ab initio";gc_cont=38.94;transl_table=11;uses_sd=1
NZ_CADHBV010000022.1	Prodigal_v2.6.3	CDS	2	295	9.9	-	0	ID=22_1;partial=10;start_type=ATG;rbs_motif=None;rbs_spacer=None;gc_cont=0.381;conf=90.60;score=9.86;cscore=14.04;sscore=-4.19;rscore=-6.18;uscore=-2.47;tscore=4.47;
NZ_CADHBV010000022.1	Prodigal_v2.6.3	CDS	234	794	70.0	-	0	ID=22_2;partial=00;start_type=TTG;rbs_motif=AGGAG;rbs_spacer=5-10bp;gc_cont=0.357;conf=100.00;score=70.01;cscore=60.74;sscore=9.28;rscore=13.58;uscore=1.32;tscore=-6.31;
NZ_CADHBV010000022.1	Prodigal_v2.6.3	CDS	849	2135	154.6	-	0	ID=22_3;partial=00;start_type=GTG;rbs_motif=AGGA;rbs_spacer=5-10bp;gc_cont=0.373;conf=100.00;score=154.63;cscore=150.35;sscore=4.28;rscore=12.54;uscore=-1.72;tscore=-7.55;
NZ_CADHBV010000022.1	Prodigal_v2.6.3	CDS	2160	2735	125.6	-	0	ID=22_4;partial=00;start_type=ATG;rbs_motif=AGGA;rbs_spacer=5-10bp;gc_cont=0.411;conf=100.00;score=125.61;cscore=105.37;sscore=20.24;rscore=12.54;uscore=2.13;tscore=4.47;
NZ_CADHBV010000022.1	Prodigal_v2.6.3	CDS	2752	4485	314.6	-	0	ID=22_5;partial=00;start_type=ATG;rbs_motif=GGA/GAG/AGG;rbs_spacer=5-10bp;gc_cont=0.401;conf=99.99;score=314.55;cscore=302.97;sscore=11.58;rscore=3.13;uscore=3.07;tscore=4.47;
NZ_CADHBV010000022.1	Prodigal_v2.6.3	CDS	4520	5461	149.1	-	0	ID=22_6;partial=00;start_type=GTG;rbs_motif=GGA/GAG/AGG;rbs_spacer=5-10bp;gc_cont=0.384;conf=100.00;score=149.08;cscore=155.45;sscore=-6.37;rscore=3.13;uscore=-1.29;tscore=-7.55;
NZ_CADHBV010000022.1	Prodigal_v2.6.3	CDS	5539	7509	305.3	+	0	ID=22_7;partial=00;start_type=ATG;rbs_motif=GGA/GAG/AGG;rbs_spacer=11-12bp;gc_cont=0.394;conf=99.99;score=305.35;cscore=299.33;sscore=6.01;rscore=-2.12;uscore=3.66;tscore=4.47;
NZ_CADHBV010000022.1	Prodigal_v2.6.3	CDS	7663	7995	56.6	+	0	ID=22_8;partial=00;start_type=ATG;rbs_motif=AGGA;rbs_spacer=5-10bp;gc_cont=0.396;conf=100.00;score=56.62;cscore=35.33;sscore=21.29;rscore=12.54;uscore=4.28;tscore=4.47;
NZ_CADHBV010000022.1	Prodigal_v2.6.3	CDS	8289	8363	6.6	+	0	ID=22_9;partial=01;start_type=ATG;rbs_motif=GGA/GAG/AGG;rbs_spacer=5-10bp;gc_cont=0.253;conf=81.86;score=6.55;cscore=0.56;sscore=6.00;rscore=3.13;uscore=-0.96;tscore=4.47;
# Sequence Data: seqnum=23;seqlen=8175;seqhdr="NZ_CADHBV010000023.1 Helicobacter pylori isolate clinical, whole genome shotgun sequence"
# Model Data: version=Prodigal.v2.6.3;run_type=Single;model="Ab initio";gc_cont=38.94;transl_table=11;uses_sd=1
NZ_CADHBV010000023.1	Prodigal_v2.6.3	CDS	56	919	128.2	-	0	ID=23_1;partial=00;start_type=ATG;rbs_motif=GGA/GAG/AGG;rbs_spacer=5-10bp;gc_cont=0.348;conf=100.00;score=128.16;cscore=120.27;sscore=7.89;rscore=3.13;uscore=-0.98;tscore=4.47;
NZ_CADHBV010000023.1	Prodigal_v2.6.3	CDS	921	1244	39.4	-	0	ID=23_2;partial=00;start_type=ATG;rbs_motif=None;rbs_spacer=None;gc_cont=0.410;conf=99.99;score=39.43;cscore=31.08;sscore=8.34;rscore=-6.18;uscore=2.59;tscore=4.47;
NZ_CADHBV010000023.1	Prodigal_v2.6.3	CDS	1244	1477	54.6	-	0	ID=23_3;partial=00;start_type=ATG;rbs_motif=AGGA;rbs_spacer=5-10bp;gc_cont=0.299;conf=100.00;score=54.59;cscore=36.89;sscore=17.70;rscore=11.59;uscore=0.84;tscore=4.13;
NZ_CADHBV010000023.1	Prodigal_v2.6.3	CDS	1490	1699	17.4	-	0	ID=23_4;partial=00;start_type=ATG;rbs_motif=GGA/GAG/AGG;rbs_spacer=5-10bp;gc_cont=0.257;conf=98.22;score=17.45;cscore=9.15;sscore=8.30;rscore=2.59;uscore=2.00;tscore=3.70;
NZ_CADHBV010000023.1	Prodigal_v2.6.3	CDS	1765	2874	145.4	-	0	ID=23_5;partial=00;start_type=TTG;rbs_motif=GGAG/GAGG;rbs_spacer=5-10bp;gc_cont=0.386;conf=100.00;score=145.36;cscore=144.21;sscore=1.15;rscore=6.22;uscore=0.51;tscore=-6.31;
NZ_CADHBV010000023.1	Prodigal_v2.6.3	CDS	2925	3320	37.1	-	0	ID=23_6;partial=00;start_type=ATG;rbs_motif=AGGAG;rbs_spacer=5-10bp;gc_cont=0.379;conf=99.98;score=37.11;cscore=18.16;sscore=18.95;rscore=13.58;uscore=-0.35;tscore=4.47;
NZ_CADHBV010000023.1	Prodigal_v2.6.3	CDS	3313	3423	4.4	-	0	ID=23_7;partial=00;start_type=ATG;rbs_motif=GGA/GAG/AGG;rbs_spacer=5-10bp;gc_cont=0.360;conf=73.13;score=4.35;cscore=0.22;sscore=4.14;rscore=1.35;uscore=-0.30;tscore=1.93;
NZ_CADHBV010000023.1	Prodigal_v2.6.3	CDS	3435	5252	300.8	-	0	ID=23_8;partial=00;start_type=ATG;rbs_motif=GGA/GAG/AGG;rbs_spacer=5-10bp;gc_cont=0.380;conf=99.99;score=300.77;cscore=291.03;sscore=9.74;rscore=3.13;uscore=2.13;tscore=4.47;
NZ_CADHBV010000023.1	Prodigal_v2.6.3	CDS	5322	5729	60.5	-	0	ID=23_9;partial=00;start_type=ATG;rbs_motif=AGGA;rbs_spacer=5-10bp;gc_cont=0.407;conf=100.00;score=60.47;cscore=39.77;sscore=20.70;rscore=12.54;uscore=2.81;tscore=4.47;
NZ_CADHBV010000023.1	Prodigal_v2.6.3	CDS	5767	6123	70.8	-	0	ID=23_10;partial=00;start_type=ATG;rbs_motif=AGGA;rbs_spacer=5-10bp;gc_cont=0.378;conf=100.00;score=70.84;cscore=53.40;sscore=17.44;rscore=12.54;uscore=-0.62;tscore=4.47;
NZ_CADHBV010000023.1	Prodigal_v2.6.3	CDS	6145	7284	187.9	-	0	ID=23_11;partial=00;start_type=ATG;rbs_motif=AGGAG;rbs_spacer=5-10bp;gc_cont=0.407;conf=99.99;score=187.89;cscore=168.36;sscore=19.53;rscore=13.58;uscore=0.35;tscore=4.47;
NZ_CADHBV010000023.1	Prodigal_v2.6.3	CDS	7298	7867	103.0	-	0	ID=23_12;partial=00;start_type=ATG;rbs_motif=GGA/GAG/AGG;rbs_spacer=5-10bp;gc_cont=0.356;conf=100.00;score=102.98;cscore=92.24;sscore=10.73;rscore=3.13;uscore=3.13;tscore=4.47;
# Sequence Data: seqnum=24;seqlen=5489;seqhdr="NZ_CADHBV010000024.1 Helicobacter pylori isolate clinical, whole genome shotgun sequence"
# Model Data: version=Prodigal.v2.6.3;run_type=Single;model="Ab initio";gc_cont=38.94;transl_table=11;uses_sd=1
NZ_CADHBV010000024.1	Prodigal_v2.6.3	CDS	1	123	20.2	+	0	ID=24_1;partial=10;start_type=Edge;rbs_motif=None;rbs_spacer=None;gc_cont=0.341;conf=99.06;score=20.24;cscore=17.02;sscore=3.22;rscore=0.00;uscore=0.00;tscore=3.22;
NZ_CADHBV010000024.1	Prodigal_v2.6.3	CDS	258	1307	132.5	-	0	ID=24_2;partial=00;start_type=ATG;rbs_motif=GGA/GAG/AGG;rbs_spacer=5-10bp;gc_cont=0.410;conf=100.00;score=132.52;cscore=122.60;sscore=9.91;rscore=3.13;uscore=2.96;tscore=4.47;
NZ_CADHBV010000024.1	Prodigal_v2.6.3	CDS	1369	2697	252.8	+	0	ID=24_3;partial=00;start_type=ATG;rbs_motif=AGGA;rbs_spacer=5-10bp;gc_cont=0.388;conf=99.99;score=252.83;cscore=232.01;sscore=20.83;rscore=12.54;uscore=3.81;tscore=4.47;
NZ_CADHBV010000024.1	Prodigal_v2.6.3	CDS	2684	3724	190.2	+	0	ID=24_4;partial=00;start_type=ATG;rbs_motif=GGAG/GAGG;rbs_spacer=5-10bp;gc_cont=0.427;conf=99.99;score=190.18;cscore=179.14;sscore=11.04;rscore=6.22;uscore=-0.83;tscore=4.47;
NZ_CADHBV010000024.1	Prodigal_v2.6.3	CDS	3910	5487	165.2	-	0	ID=24_5;partial=01;start_type=Edge;rbs_motif=None;rbs_spacer=None;gc_cont=0.349;conf=100.00;score=165.22;cscore=162.00;sscore=3.22;rscore=0.00;uscore=0.00;tscore=3.22;
# Sequence Data: seqnum=25;seqlen=5463;seqhdr="NZ_CADHBV010000025.1 Helicobacter pylori isolate clinical, whole genome shotgun sequence"
# Model Data: version=Prodigal.v2.6.3;run_type=Single;model="Ab initio";gc_cont=38.94;transl_table=11;uses_sd=1
NZ_CADHBV010000025.1	Prodigal_v2.6.3	CDS	3	104	11.6	-	0	ID=25_1;partial=10;start_type=ATG;rbs_motif=GGAG/GAGG;rbs_spacer=5-10bp;gc_cont=0.520;conf=93.48;score=11.58;cscore=2.47;sscore=9.12;rscore=6.22;uscore=-2.76;tscore=4.47;
NZ_CADHBV010000025.1	Prodigal_v2.6.3	CDS	113	640	22.6	-	0	ID=25_2;partial=00;start_type=ATG;rbs_motif=AGGAG;rbs_spacer=5-10bp;gc_cont=0.420;conf=99.45;score=22.61;cscore=8.14;sscore=14.47;rscore=13.58;uscore=-3.58;tscore=4.47;
NZ_CADHBV010000025.1	Prodigal_v2.6.3	CDS	751	2034	77.6	-	0	ID=25_3;partial=00;start_type=ATG;rbs_motif=GGAG/GAGG;rbs_spacer=5-10bp;gc_cont=0.448;conf=100.00;score=77.64;cscore=69.40;sscore=8.23;rscore=6.22;uscore=-3.34;tscore=4.47;
NZ_CADHBV010000025.1	Prodigal_v2.6.3	CDS	2187	2645	40.4	-	0	ID=25_4;partial=00;start_type=ATG;rbs_motif=GGA/GAG/AGG;rbs_spacer=5-10bp;gc_cont=0.464;conf=99.99;score=40.39;cscore=34.09;sscore=6.30;rscore=3.13;uscore=-0.65;tscore=4.47;
NZ_CADHBV010000025.1	Prodigal_v2.6.3	CDS	2899	4440	55.9	-	0	ID=25_5;partial=00;start_type=ATG;rbs_motif=GGAG/GAGG;rbs_spacer=5-10bp;gc_cont=0.448;conf=100.00;score=55.89;cscore=47.45;sscore=8.44;rscore=6.22;uscore=-2.25;tscore=4.47;
NZ_CADHBV010000025.1	Prodigal_v2.6.3	CDS	4504	5463	84.7	-	0	ID=25_6;partial=01;start_type=Edge;rbs_motif=None;rbs_spacer=None;gc_cont=0.450;conf=100.00;score=84.70;cscore=81.48;sscore=3.22;rscore=0.00;uscore=0.00;tscore=3.22;
# Sequence Data: seqnum=26;seqlen=4935;seqhdr="NZ_CADHBV010000026.1 Helicobacter pylori isolate clinical, whole genome shotgun sequence"
# Model Data: version=Prodigal.v2.6.3;run_type=Single;model="Ab initio";gc_cont=38.94;transl_table=11;uses_sd=1
NZ_CADHBV010000026.1	Prodigal_v2.6.3	CDS	781	1209	32.4	-	0	ID=26_1;partial=00;start_type=ATG;rbs_motif=GGA/GAG/AGG;rbs_spacer=5-10bp;gc_cont=0.385;conf=99.94;score=32.40;cscore=25.05;sscore=7.35;rscore=3.13;uscore=-1.41;tscore=4.47;
NZ_CADHBV010000026.1	Prodigal_v2.6.3	CDS	1221	1703	65.0	-	0	ID=26_2;partial=00;start_type=ATG;rbs_motif=AGGA;rbs_spacer=5-10bp;gc_cont=0.371;conf=100.00;score=65.02;cscore=43.98;sscore=21.04;rscore=12.54;uscore=2.73;tscore=4.47;
NZ_CADHBV010000026.1	Prodigal_v2.6.3	CDS	1700	2476	88.6	-	0	ID=26_3;partial=00;start_type=ATG;rbs_motif=AGGA;rbs_spacer=5-10bp;gc_cont=0.310;conf=100.00;score=88.62;cscore=66.86;sscore=21.76;rscore=12.54;uscore=5.40;tscore=4.47;
NZ_CADHBV010000026.1	Prodigal_v2.6.3	CDS	2730	2990	23.5	-	0	ID=26_4;partial=00;start_type=ATG;rbs_motif=AGGA;rbs_spacer=5-10bp;gc_cont=0.387;conf=99.55;score=23.50;cscore=5.23;sscore=18.27;rscore=12.54;uscore=1.91;tscore=4.47;
NZ_CADHBV010000026.1	Prodigal_v2.6.3	CDS	3060	3938	171.5	+	0	ID=26_5;partial=00;start_type=ATG;rbs_motif=AGGA;rbs_spacer=5-10bp;gc_cont=0.412;conf=100.00;score=171.53;cscore=151.22;sscore=20.31;rscore=12.54;uscore=3.30;tscore=4.47;
NZ_CADHBV010000026.1	Prodigal_v2.6.3	CDS	3941	4822	143.2	+	0	ID=26_6;partial=00;start_type=ATG;rbs_motif=GGA/GAG/AGG;rbs_spacer=5-10bp;gc_cont=0.387;conf=100.00;score=143.15;cscore=136.24;sscore=6.92;rscore=3.13;uscore=-1.94;tscore=4.47;
# Sequence Data: seqnum=27;seqlen=4475;seqhdr="NZ_CADHBV010000027.1 Helicobacter pylori isolate clinical, whole genome shotgun sequence"
# Model Data: version=Prodigal.v2.6.3;run_type=Single;model="Ab initio";gc_cont=38.94;transl_table=11;uses_sd=1
# Sequence Data: seqnum=28;seqlen=3859;seqhdr="NZ_CADHBV010000028.1 Helicobacter pylori isolate clinical, whole genome shotgun sequence"
# Model Data: version=Prodigal.v2.6.3;run_type=Single;model="Ab initio";gc_cont=38.94;transl_table=11;uses_sd=1
NZ_CADHBV010000028.1	Prodigal_v2.6.3	CDS	1	135	42.2	-	0	ID=28_1;partial=10;start_type=ATG;rbs_motif=AGGA;rbs_spacer=5-10bp;gc_cont=0.333;conf=99.99;score=42.21;cscore=24.61;sscore=17.59;rscore=12.54;uscore=-0.53;tscore=4.47;
NZ_CADHBV010000028.1	Prodigal_v2.6.3	CDS	151	1032	144.1	-	0	ID=28_2;partial=00;start_type=ATG;rbs_motif=GGAG/GAGG;rbs_spacer=5-10bp;gc_cont=0.339;conf=100.00;score=144.14;cscore=129.57;sscore=14.58;rscore=6.22;uscore=3.15;tscore=4.47;
NZ_CADHBV010000028.1	Prodigal_v2.6.3	CDS	1082	1378	39.1	-	0	ID=28_3;partial=00;start_type=ATG;rbs_motif=AGGA;rbs_spacer=5-10bp;gc_cont=0.343;conf=99.99;score=39.06;cscore=23.22;sscore=15.84;rscore=12.54;uscore=-1.18;tscore=4.47;
NZ_CADHBV010000028.1	Prodigal_v2.6.3	CDS	1457	1738	21.7	-	0	ID=28_4;partial=00;start_type=ATG;rbs_motif=GGA/GAG/AGG;rbs_spacer=5-10bp;gc_cont=0.330;conf=99.32;score=21.66;cscore=8.94;sscore=12.72;rscore=3.13;uscore=3.93;tscore=4.47;
NZ_CADHBV010000028.1	Prodigal_v2.6.3	CDS	1725	2000	40.1	-	0	ID=28_5;partial=00;start_type=ATG;rbs_motif=AGGA;rbs_spacer=5-10bp;gc_cont=0.355;conf=99.99;score=40.06;cscore=20.88;sscore=19.18;rscore=12.54;uscore=1.16;tscore=4.47;
NZ_CADHBV010000028.1	Prodigal_v2.6.3	CDS	2026	2823	120.8	-	0	ID=28_6;partial=00;start_type=ATG;rbs_motif=GGA/GAG/AGG;rbs_spacer=5-10bp;gc_cont=0.357;conf=100.00;score=120.84;cscore=108.07;sscore=12.77;rscore=3.13;uscore=3.92;tscore=4.47;
NZ_CADHBV010000028.1	Prodigal_v2.6.3	CDS	2826	3371	81.3	-	0	ID=28_7;partial=00;start_type=ATG;rbs_motif=AGGA;rbs_spacer=5-10bp;gc_cont=0.377;conf=100.00;score=81.32;cscore=63.69;sscore=17.62;rscore=12.54;uscore=-0.16;tscore=4.47;
NZ_CADHBV010000028.1	Prodigal_v2.6.3	CDS	3418	3639	8.8	-	0	ID=28_8;partial=00;start_type=ATG;rbs_motif=None;rbs_spacer=None;gc_cont=0.365;conf=88.32;score=8.80;cscore=14.57;sscore=-5.77;rscore=-7.06;uscore=-2.62;tscore=3.92;
# Sequence Data: seqnum=29;seqlen=3279;seqhdr="NZ_CADHBV010000029.1 Helicobacter pylori isolate clinical, whole genome shotgun sequence"
# Model Data: version=Prodigal.v2.6.3;run_type=Single;model="Ab initio";gc_cont=38.94;transl_table=11;uses_sd=1
NZ_CADHBV010000029.1	Prodigal_v2.6.3	CDS	2	211	12.9	+	0	ID=29_1;partial=10;start_type=Edge;rbs_motif=None;rbs_spacer=None;gc_cont=0.352;conf=95.12;score=12.92;cscore=9.70;sscore=3.22;rscore=0.00;uscore=0.00;tscore=3.22;
NZ_CADHBV010000029.1	Prodigal_v2.6.3	CDS	1117	1692	72.2	+	0	ID=29_2;partial=00;start_type=ATG;rbs_motif=AGGA;rbs_spacer=5-10bp;gc_cont=0.387;conf=100.00;score=72.22;cscore=54.12;sscore=18.10;rscore=12.54;uscore=1.74;tscore=4.47;
NZ_CADHBV010000029.1	Prodigal_v2.6.3	CDS	1588	2163	62.6	-	0	ID=29_3;partial=00;start_type=ATG;rbs_motif=AGGA;rbs_spacer=5-10bp;gc_cont=0.385;conf=100.00;score=62.61;cscore=44.51;sscore=18.10;rscore=12.54;uscore=1.74;tscore=4.47;
NZ_CADHBV010000029.1	Prodigal_v2.6.3	CDS	3069	3278	12.9	-	0	ID=29_4;partial=01;start_type=Edge;rbs_motif=None;rbs_spacer=None;gc_cont=0.352;conf=95.12;score=12.92;cscore=9.70;sscore=3.22;rscore=0.00;uscore=0.00;tscore=3.22;
# Sequence Data: seqnum=30;seqlen=2686;seqhdr="NZ_CADHBV010000030.1 Helicobacter pylori isolate clinical, whole genome shotgun sequence"
# Model Data: version=Prodigal.v2.6.3;run_type=Single;model="Ab initio";gc_cont=38.94;transl_table=11;uses_sd=1
NZ_CADHBV010000030.1	Prodigal_v2.6.3	CDS	3	710	142.5	-	0	ID=30_1;partial=10;start_type=ATG;rbs_motif=AGGA;rbs_spacer=5-10bp;gc_cont=0.374;conf=100.00;score=142.49;cscore=122.73;sscore=19.76;rscore=12.54;uscore=1.48;tscore=4.47;
NZ_CADHBV010000030.1	Prodigal_v2.6.3	CDS	712	2685	282.6	-	0	ID=30_2;partial=01;start_type=Edge;rbs_motif=None;rbs_spacer=None;gc_cont=0.373;conf=99.99;score=282.57;cscore=279.35;sscore=3.22;rscore=0.00;uscore=0.00;tscore=3.22;
# Sequence Data: seqnum=31;seqlen=2120;seqhdr="NZ_CADHBV010000031.1 Helicobacter pylori isolate clinical, whole genome shotgun sequence"
# Model Data: version=Prodigal.v2.6.3;run_type=Single;model="Ab initio";gc_cont=38.94;transl_table=11;uses_sd=1
# Sequence Data: seqnum=32;seqlen=1916;seqhdr="NZ_CADHBV010000032.1 Helicobacter pylori isolate clinical, whole genome shotgun sequence"
# Model Data: version=Prodigal.v2.6.3;run_type=Single;model="Ab initio";gc_cont=38.94;transl_table=11;uses_sd=1
NZ_CADHBV010000032.1	Prodigal_v2.6.3	CDS	520	1914	163.3	+	0	ID=32_1;partial=01;start_type=TTG;rbs_motif=None;rbs_spacer=None;gc_cont=0.442;conf=100.00;score=163.29;cscore=178.27;sscore=-14.98;rscore=-6.18;uscore=-2.49;tscore=-6.31;
# Sequence Data: seqnum=33;seqlen=1838;seqhdr="NZ_CADHBV010000033.1 Helicobacter pylori isolate clinical, whole genome shotgun sequence"
# Model Data: version=Prodigal.v2.6.3;run_type=Single;model="Ab initio";gc_cont=38.94;transl_table=11;uses_sd=1
NZ_CADHBV010000033.1	Prodigal_v2.6.3	CDS	175	642	46.9	+	0	ID=33_1;partial=00;start_type=ATG;rbs_motif=None;rbs_spacer=None;gc_cont=0.359;conf=100.00;score=46.94;cscore=46.47;sscore=0.47;rscore=-6.18;uscore=2.19;tscore=4.47;
NZ_CADHBV010000033.1	Prodigal_v2.6.3	CDS	611	1759	109.4	+	0	ID=33_2;partial=00;start_type=ATG;rbs_motif=GGA/GAG/AGG;rbs_spacer=5-10bp;gc_cont=0.333;conf=100.00;score=109.42;cscore=102.99;sscore=6.43;rscore=3.13;uscore=-1.18;tscore=4.47;
# Sequence Data: seqnum=34;seqlen=1682;seqhdr="NZ_CADHBV010000034.1 Helicobacter pylori isolate clinical, whole genome shotgun sequence"
# Model Data: version=Prodigal.v2.6.3;run_type=Single;model="Ab initio";gc_cont=38.94;transl_table=11;uses_sd=1
NZ_CADHBV010000034.1	Prodigal_v2.6.3	CDS	448	876	43.5	-	0	ID=34_1;partial=00;start_type=ATG;rbs_motif=GGA/GAG/AGG;rbs_spacer=5-10bp;gc_cont=0.333;conf=100.00;score=43.49;cscore=31.45;sscore=12.04;rscore=3.13;uscore=5.08;tscore=4.47;
NZ_CADHBV010000034.1	Prodigal_v2.6.3	CDS	946	1644	86.0	+	0	ID=34_2;partial=00;start_type=TTG;rbs_motif=GGAG/GAGG;rbs_spacer=5-10bp;gc_cont=0.358;conf=100.00;score=85.95;cscore=80.89;sscore=5.07;rscore=6.22;uscore=5.16;tscore=-6.31;
# Sequence Data: seqnum=35;seqlen=1485;seqhdr="NZ_CADHBV010000035.1 Helicobacter pylori isolate clinical, whole genome shotgun sequence"
# Model Data: version=Prodigal.v2.6.3;run_type=Single;model="Ab initio";gc_cont=38.94;transl_table=11;uses_sd=1
NZ_CADHBV010000035.1	Prodigal_v2.6.3	CDS	29	784	24.7	-	0	ID=35_1;partial=00;start_type=GTG;rbs_motif=AGGA;rbs_spacer=5-10bp;gc_cont=0.300;conf=99.66;score=24.67;cscore=17.28;sscore=7.40;rscore=12.54;uscore=1.13;tscore=-7.55;
NZ_CADHBV010000035.1	Prodigal_v2.6.3	CDS	784	1485	34.2	-	0	ID=35_2;partial=01;start_type=Edge;rbs_motif=None;rbs_spacer=None;gc_cont=0.332;conf=99.96;score=34.23;cscore=31.01;sscore=3.22;rscore=0.00;uscore=3.22;tscore=0.00;
# Sequence Data: seqnum=36;seqlen=1068;seqhdr="NZ_CADHBV010000036.1 Helicobacter pylori isolate clinical, whole genome shotgun sequence"
# Model Data: version=Prodigal.v2.6.3;run_type=Single;model="Ab initio";gc_cont=38.94;transl_table=11;uses_sd=1
NZ_CADHBV010000036.1	Prodigal_v2.6.3	CDS	2	1066	149.3	+	0	ID=36_1;partial=11;start_type=Edge;rbs_motif=None;rbs_spacer=None;gc_cont=0.367;conf=100.00;score=149.32;cscore=147.71;sscore=1.61;rscore=0.00;uscore=1.61;tscore=0.00;
# Sequence Data: seqnum=37;seqlen=966;seqhdr="NZ_CADHBV010000037.1 Helicobacter pylori isolate clinical, whole genome shotgun sequence"
# Model Data: version=Prodigal.v2.6.3;run_type=Single;model="Ab initio";gc_cont=38.94;transl_table=11;uses_sd=1
NZ_CADHBV010000037.1	Prodigal_v2.6.3	CDS	1	966	150.9	-	0	ID=37_1;partial=11;start_type=Edge;rbs_motif=None;rbs_spacer=None;gc_cont=0.371;conf=100.00;score=150.93;cscore=149.32;sscore=1.61;rscore=0.00;uscore=0.00;tscore=1.61;
# Sequence Data: seqnum=38;seqlen=530;seqhdr="NZ_CADHBV010000038.1 Helicobacter pylori isolate clinical, whole genome shotgun sequence"
# Model Data: version=Prodigal.v2.6.3;run_type=Single;model="Ab initio";gc_cont=38.94;transl_table=11;uses_sd=1
NZ_CADHBV010000038.1	Prodigal_v2.6.3	CDS	1	528	86.1	+	0	ID=38_1;partial=11;start_type=Edge;rbs_motif=None;rbs_spacer=None;gc_cont=0.447;conf=100.00;score=86.08;cscore=84.47;sscore=1.61;rscore=0.00;uscore=0.00;tscore=1.61;
# Sequence Data: seqnum=39;seqlen=475;seqhdr="NZ_CADHBV010000039.1 Helicobacter pylori isolate clinical, whole genome shotgun sequence"
# Model Data: version=Prodigal.v2.6.3;run_type=Single;model="Ab initio";gc_cont=38.94;transl_table=11;uses_sd=1
NZ_CADHBV010000039.1	Prodigal_v2.6.3	CDS	3	473	9.8	+	0	ID=39_1;partial=11;start_type=Edge;rbs_motif=None;rbs_spacer=None;gc_cont=0.333;conf=90.55;score=9.83;cscore=8.22;sscore=1.61;rscore=0.00;uscore=0.00;tscore=1.61;
# Sequence Data: seqnum=40;seqlen=360;seqhdr="NZ_CADHBV010000040.1 Helicobacter pylori isolate clinical, whole genome shotgun sequence"
# Model Data: version=Prodigal.v2.6.3;run_type=Single;model="Ab initio";gc_cont=38.94;transl_table=11;uses_sd=1
NZ_CADHBV010000040.1	Prodigal_v2.6.3	CDS	1	360	31.8	+	0	ID=40_1;partial=11;start_type=Edge;rbs_motif=None;rbs_spacer=None;gc_cont=0.292;conf=99.93;score=31.81;cscore=30.20;sscore=1.61;rscore=0.00;uscore=0.00;tscore=1.61;
# Sequence Data: seqnum=41;seqlen=331;seqhdr="NZ_CADHBV010000041.1 Helicobacter pylori isolate clinical, whole genome shotgun sequence"
# Model Data: version=Prodigal.v2.6.3;run_type=Single;model="Ab initio";gc_cont=38.94;transl_table=11;uses_sd=1
NZ_CADHBV010000041.1	Prodigal_v2.6.3	CDS	1	318	27.0	-	0	ID=41_1;partial=10;start_type=ATG;rbs_motif=AGGA;rbs_spacer=5-10bp;gc_cont=0.371;conf=99.80;score=27.03;cscore=15.79;sscore=11.24;rscore=12.54;uscore=-5.77;tscore=4.47;
# Sequence Data: seqnum=42;seqlen=305;seqhdr="NZ_CADHBV010000042.1 Helicobacter pylori isolate clinical, whole genome shotgun sequence"
# Model Data: version=Prodigal.v2.6.3;run_type=Single;model="Ab initio";gc_cont=38.94;transl_table=11;uses_sd=1
# Sequence Data: seqnum=43;seqlen=302;seqhdr="NZ_CADHBV010000043.1 Helicobacter pylori isolate clinical, whole genome shotgun sequence"
# Model Data: version=Prodigal.v2.6.3;run_type=Single;model="Ab initio";gc_cont=38.94;transl_table=11;uses_sd=1
# Sequence Data: seqnum=44;seqlen=289;seqhdr="NZ_CADHBV010000044.1 Helicobacter pylori isolate clinical, whole genome shotgun sequence"
# Model Data: version=Prodigal.v2.6.3;run_type=Single;model="Ab initio";gc_cont=38.94;transl_table=11;uses_sd=1
# Sequence Data: seqnum=45;seqlen=288;seqhdr="NZ_CADHBV010000045.1 Helicobacter pylori isolate clinical, whole genome shotgun sequence"
# Model Data: version=Prodigal.v2.6.3;run_type=Single;model="Ab initio";gc_cont=38.94;transl_table=11;uses_sd=1
# Sequence Data: seqnum=46;seqlen=281;seqhdr="NZ_CADHBV010000046.1 Helicobacter pylori isolate clinical, whole genome shotgun sequence"
# Model Data: version=Prodigal.v2.6.3;run_type=Single;model="Ab initio";gc_cont=38.94;transl_table=11;uses_sd=1
NZ_CADHBV010000046.1	Prodigal_v2.6.3	CDS	3	221	13.0	+	0	ID=46_1;partial=10;start_type=Edge;rbs_motif=None;rbs_spacer=None;gc_cont=0.662;conf=95.21;score=13.01;cscore=9.79;sscore=3.22;rscore=0.00;uscore=0.00;tscore=3.22;
# Sequence Data: seqnum=47;seqlen=280;seqhdr="NZ_CADHBV010000047.1 Helicobacter pylori isolate clinical, whole genome shotgun sequence"
# Model Data: version=Prodigal.v2.6.3;run_type=Single;model="Ab initio";gc_cont=38.94;transl_table=11;uses_sd=1
NZ_CADHBV010000047.1	Prodigal_v2.6.3	CDS	1	279	16.7	-	0	ID=47_1;partial=11;start_type=Edge;rbs_motif=None;rbs_spacer=None;gc_cont=0.677;conf=97.89;score=16.69;cscore=15.08;sscore=1.61;rscore=0.00;uscore=0.00;tscore=1.61;
# Sequence Data: seqnum=48;seqlen=251;seqhdr="NZ_CADHBV010000048.1 Helicobacter pylori isolate clinical, whole genome shotgun sequence"
# Model Data: version=Prodigal.v2.6.3;run_type=Single;model="Ab initio";gc_cont=38.94;transl_table=11;uses_sd=1
# Sequence Data: seqnum=49;seqlen=245;seqhdr="NZ_CADHBV010000049.1 Helicobacter pylori isolate clinical, whole genome shotgun sequence"
# Model Data: version=Prodigal.v2.6.3;run_type=Single;model="Ab initio";gc_cont=38.94;transl_table=11;uses_sd=1
